index_symbol,index_name,currency,exchange_code,provider_guess,market_scope_guess,category_group,category,summary,stock_index_scope,source_dataset,source_url
000008.SS,SSE Conglomerates Index,CNY,SHH,Shanghai Stock Exchange,China,Equities,Equities,"The SSE Conglomerates Index aims to reflect the overall performance of companies listed on the Shanghai Stock Exchange (SSE) that operate across multiple industries or sectors. It provides investors with a benchmark for evaluating the performance of diversified businesses in the Chinese market. The index includes companies with significant operations in various sectors, offering a broad representation of the conglomerates landscape.",Equity-linked index (filtered from broader global index universe),JerBouma/FinanceDatabase indices.csv snapshot,https://github.com/JerBouma/FinanceDatabase/blob/main/database/indices.csv
000019.SS,SSE Corporate Governance Index,CNY,SHH,Shanghai Stock Exchange,China,Equities,Equities,The SSE Corporate Governance Index evaluates and measures the corporate governance practices of listed companies on the Shanghai Stock Exchange (SSE). It is designed to provide investors with a tool to assess the quality of corporate governance among Chinese companies. The index helps promote sound corporate governance principles and practices within the Chinese equity market.,Equity-linked index (filtered from broader global index universe),JerBouma/FinanceDatabase indices.csv snapshot,https://github.com/JerBouma/FinanceDatabase/blob/main/database/indices.csv
000021.SS,SSE 180 Corporate Governance In,CNY,SHH,Shanghai Stock Exchange,China,Equities,Equities,The SSE 180 Corporate Governance Index is designed to measure the performance of 180 Shanghai Stock Exchange (SSE) listed companies that demonstrate strong corporate governance practices. It aims to provide investors with a benchmark for companies adhering to high standards of governance. The index seeks to promote better corporate governance among listed companies in China.,Equity-linked index (filtered from broader global index universe),JerBouma/FinanceDatabase indices.csv snapshot,https://github.com/JerBouma/FinanceDatabase/blob/main/database/indices.csv
000048.SS,SSE Social Responsibility Index,CNY,SHH,Shanghai Stock Exchange,China,Equities,Equities,"The SSE Social Responsibility Index measures the performance of Shanghai Stock Exchange (SSE) listed companies that demonstrate strong social responsibility practices. It aims to provide a benchmark for investors interested in socially responsible investments within the Chinese market. The index considers various environmental, social, and governance (ESG) factors in its selection criteria.",Equity-linked index (filtered from broader global index universe),JerBouma/FinanceDatabase indices.csv snapshot,https://github.com/JerBouma/FinanceDatabase/blob/main/database/indices.csv
000052.SS,SSE50 Fundamental Weighted Inde,CNY,SHH,Shanghai Stock Exchange,China,Equities,Equities,"The SSE50 Fundamental Weighted Index is designed to measure the performance of the 50 largest and most liquid stocks listed on the Shanghai Stock Exchange (SSE), weighted by fundamental factors. These fundamental factors include metrics like book value, cash flow, sales, and dividends. This weighting scheme aims to provide an alternative to market capitalization weighting, potentially capturing value opportunities.",Equity-linked index (filtered from broader global index universe),JerBouma/FinanceDatabase indices.csv snapshot,https://github.com/JerBouma/FinanceDatabase/blob/main/database/indices.csv
000053.SS,SSE180 Fundamental Weighted  In,CNY,SHH,Shanghai Stock Exchange,China,Equities,Equities,"The SSE180 Fundamental Weighted Index measures the performance of 180 stocks listed on the Shanghai Stock Exchange (SSE), weighted by fundamental factors instead of market capitalization. The weighting uses fundamental factors such as book value, cash flow, sales, and dividends. It provides a different perspective compared to market-cap weighted indices.",Equity-linked index (filtered from broader global index universe),JerBouma/FinanceDatabase indices.csv snapshot,https://github.com/JerBouma/FinanceDatabase/blob/main/database/indices.csv
000096.SS,SSE Downstream Industry Index I,CNY,SHH,Shanghai Stock Exchange,China,Equities,Equities,"The SSE Downstream Industry Index I is designed to track the performance of companies listed on the Shanghai Stock Exchange (SSE) that are involved in downstream industries. This includes sectors like manufacturing, processing, and distribution. It provides a benchmark for investors interested in tracking the performance of downstream sectors within the Chinese economy.",Equity-linked index (filtered from broader global index universe),JerBouma/FinanceDatabase indices.csv snapshot,https://github.com/JerBouma/FinanceDatabase/blob/main/database/indices.csv
000098.SS,SSEF 200 Index,CNY,SHH,Shanghai Stock Exchange,China,Equities,Equities,"The SSEF 200 Index represents the largest 200 stocks traded on the Shanghai Stock Exchange, aiming to reflect the overall performance of the large-cap segment of the Chinese stock market. The index is weighted by free-float market capitalization. It is a benchmark for investors seeking exposure to the performance of major Chinese companies.",Equity-linked index (filtered from broader global index universe),JerBouma/FinanceDatabase indices.csv snapshot,https://github.com/JerBouma/FinanceDatabase/blob/main/database/indices.csv
000099.SS,SSEF 300 Index,CNY,SHH,Shanghai Stock Exchange,China,Equities,Equities,The SSEF 300 Index is designed to reflect the performance of 300 stocks listed on the Shanghai Stock Exchange (SSE). It represents a broad range of companies and sectors within the Chinese market. The index serves as a benchmark for investors interested in tracking the overall performance of the Shanghai stock market.,Equity-linked index (filtered from broader global index universe),JerBouma/FinanceDatabase indices.csv snapshot,https://github.com/JerBouma/FinanceDatabase/blob/main/database/indices.csv
000100.SS,SSEF 500 Index,CNY,SHH,Shanghai Stock Exchange,China,Equities,Equities,The SSEF 500 Index tracks the performance of 500 stocks listed on the Shanghai Stock Exchange (SSE). It aims to provide a comprehensive representation of the overall Chinese stock market. The index serves as a benchmark for investors looking to track the broader market performance of Chinese equities.,Equity-linked index (filtered from broader global index universe),JerBouma/FinanceDatabase indices.csv snapshot,https://github.com/JerBouma/FinanceDatabase/blob/main/database/indices.csv
000121.SS,SSE Health Care theme Index Ind,CNY,SHH,Shanghai Stock Exchange,China,Equities,Health Care,"The SSE Health Care theme Index Ind aims to reflect the performance of companies listed on the Shanghai Stock Exchange (SSE) that are related to the healthcare industry. This includes pharmaceuticals, medical equipment, and healthcare service providers. The index provides a benchmark for investors interested in the Chinese healthcare sector.",Equity-linked index (filtered from broader global index universe),JerBouma/FinanceDatabase indices.csv snapshot,https://github.com/JerBouma/FinanceDatabase/blob/main/database/indices.csv
000125.SS,SSE 180 Stability Index,CNY,SHH,Shanghai Stock Exchange,China,Equities,Equities,The SSE 180 Stability Index measures the performance of 180 companies on the Shanghai Stock Exchange (SSE) that exhibit relatively stable performance characteristics. It uses metrics like volatility and financial stability in its stock selection. The index serves as a benchmark for investors seeking exposure to lower-volatility stocks in the Chinese market.,Equity-linked index (filtered from broader global index universe),JerBouma/FinanceDatabase indices.csv snapshot,https://github.com/JerBouma/FinanceDatabase/blob/main/database/indices.csv
000128.SS,SSE380 Fundamental Weighted Ind,CNY,SHH,Shanghai Stock Exchange,China,Equities,Equities,"The SSE380 Fundamental Weighted Index is designed to measure the performance of 380 stocks listed on the Shanghai Stock Exchange (SSE), weighted by fundamental factors. These fundamental factors include metrics like book value, cash flow, sales, and dividends. This weighting scheme provides an alternative to market capitalization weighting, potentially capturing value opportunities.",Equity-linked index (filtered from broader global index universe),JerBouma/FinanceDatabase indices.csv snapshot,https://github.com/JerBouma/FinanceDatabase/blob/main/database/indices.csv
000129.SS,SSE180 Volatility Weighted Inde,CNY,SHH,Shanghai Stock Exchange,China,Equities,Equities,"The SSE180 Volatility Weighted Index measures the performance of 180 stocks on the Shanghai Stock Exchange (SSE), weighted based on their historical volatility. Stocks with lower volatility receive a higher weighting in the index. The index aims to provide a benchmark for investors seeking exposure to lower-volatility stocks in the Chinese market.",Equity-linked index (filtered from broader global index universe),JerBouma/FinanceDatabase indices.csv snapshot,https://github.com/JerBouma/FinanceDatabase/blob/main/database/indices.csv
000130.SS,SSE380 Volatility Weighted Inde,CNY,SHH,Shanghai Stock Exchange,China,Equities,Equities,"The SSE380 Volatility Weighted Index measures the performance of 380 stocks on the Shanghai Stock Exchange (SSE), weighted based on their historical volatility. Stocks with lower volatility are assigned a higher weighting in the index. It aims to provide a benchmark for investors seeking exposure to lower-volatility stocks in the Chinese market.",Equity-linked index (filtered from broader global index universe),JerBouma/FinanceDatabase indices.csv snapshot,https://github.com/JerBouma/FinanceDatabase/blob/main/database/indices.csv
000142.SS,SSE 380 Stability Index,CNY,SHH,Shanghai Stock Exchange,China,Equities,Equities,The SSE 380 Stability Index measures the performance of 380 companies on the Shanghai Stock Exchange (SSE) that exhibit relatively stable performance characteristics. It uses metrics like volatility and financial stability in its stock selection. The index serves as a benchmark for investors seeking exposure to lower-volatility stocks in the Chinese market.,Equity-linked index (filtered from broader global index universe),JerBouma/FinanceDatabase indices.csv snapshot,https://github.com/JerBouma/FinanceDatabase/blob/main/database/indices.csv
000147.SS,SSE Select Consumption Industri,CNY,SHH,Shanghai Stock Exchange,China,Equities,Consumer Discretionary,The SSE Select Consumption Industri aims to reflect the performance of companies listed on the Shanghai Stock Exchange (SSE) that are related to the consumption industry. This includes companies involved in the production and sale of consumer goods and services. The index provides a benchmark for investors interested in the Chinese consumption sector.,Equity-linked index (filtered from broader global index universe),JerBouma/FinanceDatabase indices.csv snapshot,https://github.com/JerBouma/FinanceDatabase/blob/main/database/indices.csv
000941.SS,CSI CN Mainland New Energy Inde,CNY,SHH,China Securities Index,China,Equities,Energy,"The CSI CN Mainland New Energy Index is designed to track the performance of companies listed on mainland Chinese stock exchanges that are involved in the new energy sector. This includes companies related to renewable energy sources such as solar, wind, and electric vehicles. The index provides a benchmark for investors interested in the new energy industry in China.",Equity-linked index (filtered from broader global index universe),JerBouma/FinanceDatabase indices.csv snapshot,https://github.com/JerBouma/FinanceDatabase/blob/main/database/indices.csv
000942.SS,CSI China Mainland Consumer Ind,CNY,SHH,China Securities Index,China,Equities,Consumer Discretionary,The CSI China Mainland Consumer Ind is designed to track the performance of companies listed on mainland Chinese stock exchanges that are involved in the consumer sector. It offers a benchmark for measuring the performance of Chinese consumer-related businesses. The index offers exposure to companies that provide goods and services to consumers in mainland China.,Equity-linked index (filtered from broader global index universe),JerBouma/FinanceDatabase indices.csv snapshot,https://github.com/JerBouma/FinanceDatabase/blob/main/database/indices.csv
000944.SS,CSI China Mainland Natural Reso,CNY,SHH,China Securities Index,China,Equities,Materials,"The CSI China Mainland Natural Reso is designed to track the performance of companies listed on mainland Chinese stock exchanges that are involved in the natural resources sector. It provides a benchmark for investors interested in tracking the performance of companies engaged in the extraction, production, and processing of natural resources in China. The index includes companies in sectors like mining, oil and gas, and forestry.",Equity-linked index (filtered from broader global index universe),JerBouma/FinanceDatabase indices.csv snapshot,https://github.com/JerBouma/FinanceDatabase/blob/main/database/indices.csv
0020.Z,ESTX LRB50 NR EUR,EUR,ZRH,Unclassified / multiple providers,Europe,Equities,Large Cap,"The ESTX LRB50 NR EUR index represents the performance of the 50 largest blue-chip companies in the Eurozone, with a focus on liquidity. It is a net return index, meaning it accounts for reinvested dividends after the deduction of withholding taxes. The index is denominated in EUR.",Equity-linked index (filtered from broader global index universe),JerBouma/FinanceDatabase indices.csv snapshot,https://github.com/JerBouma/FinanceDatabase/blob/main/database/indices.csv
0021.Z,ESTX LRB50 NR USD,USD,ZRH,Unclassified / multiple providers,Europe,Equities,Large Cap,"The ESTX LRB50 NR USD index represents the performance of the 50 largest blue-chip companies in the Eurozone, with a focus on liquidity. It is a net return index, meaning it accounts for reinvested dividends after the deduction of withholding taxes. The index is denominated in USD.",Equity-linked index (filtered from broader global index universe),JerBouma/FinanceDatabase indices.csv snapshot,https://github.com/JerBouma/FinanceDatabase/blob/main/database/indices.csv
0022.Z,ESTX LRB50 PR EUR,EUR,ZRH,Unclassified / multiple providers,Europe,Equities,Large Cap,"The ESTX LRB50 PR EUR index represents the performance of the 50 largest blue-chip companies in the Eurozone, with a focus on liquidity. It is a price return index, meaning it reflects price movements only and does not account for dividends. The index is denominated in EUR.",Equity-linked index (filtered from broader global index universe),JerBouma/FinanceDatabase indices.csv snapshot,https://github.com/JerBouma/FinanceDatabase/blob/main/database/indices.csv
0023.Z,ESTX LRB50 PR USD,USD,ZRH,Unclassified / multiple providers,Europe,Equities,Large Cap,"The ESTX LRB50 PR USD index represents the performance of the 50 largest blue-chip companies in the Eurozone, with a focus on liquidity. It is a price return index, meaning it reflects price movements only and does not account for dividends. The index is denominated in USD.",Equity-linked index (filtered from broader global index universe),JerBouma/FinanceDatabase indices.csv snapshot,https://github.com/JerBouma/FinanceDatabase/blob/main/database/indices.csv
0027.Z,STXE LR100 GR EUR,EUR,ZRH,Unclassified / multiple providers,Europe,Equities,Equities,"The STXE LR100 GR EUR index tracks the performance of 100 liquid stocks in the Eurozone. It is a gross return index, meaning it reflects reinvested dividends before the deduction of any taxes. The index is denominated in EUR.",Equity-linked index (filtered from broader global index universe),JerBouma/FinanceDatabase indices.csv snapshot,https://github.com/JerBouma/FinanceDatabase/blob/main/database/indices.csv
0028.Z,STXE LR100 GR USD,USD,ZRH,Unclassified / multiple providers,Europe,Equities,Equities,"The STXE LR100 GR USD index tracks the performance of 100 liquid stocks in the Eurozone. It is a gross return index, meaning it reflects reinvested dividends before the deduction of any taxes. The index is denominated in USD.",Equity-linked index (filtered from broader global index universe),JerBouma/FinanceDatabase indices.csv snapshot,https://github.com/JerBouma/FinanceDatabase/blob/main/database/indices.csv
0029.Z,STXE LR100 NR EUR,EUR,ZRH,Unclassified / multiple providers,Europe,Equities,Equities,"The STXE LR100 NR EUR index tracks the performance of 100 liquid stocks in the Eurozone. It is a net return index, meaning it accounts for reinvested dividends after the deduction of withholding taxes. The index is denominated in EUR.",Equity-linked index (filtered from broader global index universe),JerBouma/FinanceDatabase indices.csv snapshot,https://github.com/JerBouma/FinanceDatabase/blob/main/database/indices.csv
002A.Z,ESTX LR50 NR EUR,EUR,ZRH,Unclassified / multiple providers,Europe,Equities,Large Cap,"The ESTX LR50 NR EUR index represents the performance of 50 of the most liquid Eurozone stocks. It is a net return index, meaning it accounts for reinvested dividends after the deduction of withholding taxes. The index is denominated in EUR.",Equity-linked index (filtered from broader global index universe),JerBouma/FinanceDatabase indices.csv snapshot,https://github.com/JerBouma/FinanceDatabase/blob/main/database/indices.csv
002B.Z,ESTX LR50 NR USD,USD,ZRH,Unclassified / multiple providers,Europe,Equities,Large Cap,"The ESTX LR50 NR USD index represents the performance of 50 of the most liquid Eurozone stocks. It is a net return index, meaning it accounts for reinvested dividends after the deduction of withholding taxes. The index is denominated in USD.",Equity-linked index (filtered from broader global index universe),JerBouma/FinanceDatabase indices.csv snapshot,https://github.com/JerBouma/FinanceDatabase/blob/main/database/indices.csv
002C.Z,ESTX LR50 PR EUR,EUR,ZRH,Unclassified / multiple providers,Europe,Equities,Large Cap,"The ESTX LR50 PR EUR index represents the performance of 50 of the most liquid Eurozone stocks. It is a price return index, meaning it reflects price movements only and does not account for dividends. The index is denominated in EUR.",Equity-linked index (filtered from broader global index universe),JerBouma/FinanceDatabase indices.csv snapshot,https://github.com/JerBouma/FinanceDatabase/blob/main/database/indices.csv
002D.Z,ESTX LR50 PR USD,USD,ZRH,Unclassified / multiple providers,Europe,Equities,Large Cap,"The ESTX LR50 PR USD index represents the performance of 50 of the most liquid Eurozone stocks. It is a price return index, meaning it reflects price movements only and does not account for dividends. The index is denominated in USD.",Equity-linked index (filtered from broader global index universe),JerBouma/FinanceDatabase indices.csv snapshot,https://github.com/JerBouma/FinanceDatabase/blob/main/database/indices.csv
002G.Z,ESTX LR100 NR EUR,EUR,ZRH,Unclassified / multiple providers,Europe,Equities,Large Cap,"The ESTX LR100 NR EUR index represents the performance of 100 of the most liquid Eurozone stocks. It is a net return index, meaning it accounts for reinvested dividends after the deduction of withholding taxes. The index is denominated in EUR.",Equity-linked index (filtered from broader global index universe),JerBouma/FinanceDatabase indices.csv snapshot,https://github.com/JerBouma/FinanceDatabase/blob/main/database/indices.csv
002H.Z,ESTX LR100 NR USD,USD,ZRH,Unclassified / multiple providers,Europe,Equities,Large Cap,"The ESTX LR100 NR USD index represents the performance of 100 of the most liquid Eurozone stocks. It is a net return index, meaning it accounts for reinvested dividends after the deduction of withholding taxes. The index is denominated in USD.",Equity-linked index (filtered from broader global index universe),JerBouma/FinanceDatabase indices.csv snapshot,https://github.com/JerBouma/FinanceDatabase/blob/main/database/indices.csv
002J.Z,ESTX LR100 PR EUR,EUR,ZRH,Unclassified / multiple providers,Europe,Equities,Large Cap,"The ESTX LR100 PR EUR index represents the performance of 100 of the most liquid Eurozone stocks. It is a price return index, meaning it reflects price movements only and does not account for dividends. The index is denominated in EUR.",Equity-linked index (filtered from broader global index universe),JerBouma/FinanceDatabase indices.csv snapshot,https://github.com/JerBouma/FinanceDatabase/blob/main/database/indices.csv
002K.Z,ESTX LR100 PR USD,USD,ZRH,Unclassified / multiple providers,Europe,Equities,Large Cap,"The ESTX LR100 PR USD index represents the performance of 100 of the most liquid Eurozone stocks. It is a price return index, meaning it reflects price movements only and does not account for dividends. The index is denominated in USD.",Equity-linked index (filtered from broader global index universe),JerBouma/FinanceDatabase indices.csv snapshot,https://github.com/JerBouma/FinanceDatabase/blob/main/database/indices.csv
002L.Z,ESTX LR150 GR EUR,EUR,ZRH,Unclassified / multiple providers,Europe,Equities,Large Cap,"The ESTX LR150 GR EUR index represents the performance of the 150 largest and most liquid Eurozone stocks. It is a gross return index, meaning it reflects reinvested dividends before deduction of any taxes. The index is denominated in EUR.",Equity-linked index (filtered from broader global index universe),JerBouma/FinanceDatabase indices.csv snapshot,https://github.com/JerBouma/FinanceDatabase/blob/main/database/indices.csv
002M.Z,ESTX LR150 GR USD,USD,ZRH,Unclassified / multiple providers,Europe,Equities,Large Cap,"The ESTX LR150 GR USD index represents the performance of the 150 largest and most liquid Eurozone stocks. It is a gross return index, meaning it reflects reinvested dividends before deduction of any taxes. The index is denominated in USD.",Equity-linked index (filtered from broader global index universe),JerBouma/FinanceDatabase indices.csv snapshot,https://github.com/JerBouma/FinanceDatabase/blob/main/database/indices.csv
002N.Z,ESTX LR150 NR EUR,EUR,ZRH,Unclassified / multiple providers,Europe,Equities,Large Cap,"The ESTX LR150 NR EUR index represents the performance of the 150 largest and most liquid Eurozone stocks. It is a net return index, meaning it accounts for reinvested dividends after the deduction of withholding taxes. The index is denominated in EUR.",Equity-linked index (filtered from broader global index universe),JerBouma/FinanceDatabase indices.csv snapshot,https://github.com/JerBouma/FinanceDatabase/blob/main/database/indices.csv
002P.Z,ESTX LR150 NR USD,USD,ZRH,Unclassified / multiple providers,Europe,Equities,Large Cap,"The ESTX LR150 NR USD index represents the performance of the 150 largest and most liquid Eurozone stocks. It is a net return index, meaning it accounts for reinvested dividends after the deduction of withholding taxes. The index is denominated in USD.",Equity-linked index (filtered from broader global index universe),JerBouma/FinanceDatabase indices.csv snapshot,https://github.com/JerBouma/FinanceDatabase/blob/main/database/indices.csv
002Q.Z,ESTX LR150 PR EUR,EUR,ZRH,Unclassified / multiple providers,Europe,Equities,Large Cap,"The ESTX LR150 PR EUR index represents the performance of the 150 largest and most liquid Eurozone stocks. It is a price return index, meaning it reflects price movements only and does not account for dividends. The index is denominated in EUR.",Equity-linked index (filtered from broader global index universe),JerBouma/FinanceDatabase indices.csv snapshot,https://github.com/JerBouma/FinanceDatabase/blob/main/database/indices.csv
002R.Z,ESTX LR150 PR USD,USD,ZRH,Unclassified / multiple providers,Europe,Equities,Large Cap,"The ESTX LR150 PR USD index represents the performance of the 150 largest and most liquid Eurozone stocks. It is a price return index, meaning it reflects price movements only and does not account for dividends. The index is denominated in USD.",Equity-linked index (filtered from broader global index universe),JerBouma/FinanceDatabase indices.csv snapshot,https://github.com/JerBouma/FinanceDatabase/blob/main/database/indices.csv
002S.Z,ESTX LRB30 GR EUR,EUR,ZRH,Unclassified / multiple providers,Europe,Equities,Large Cap,"The ESTX LRB30 GR EUR index represents the performance of the 30 largest blue-chip companies in the Eurozone, with a focus on liquidity. It is a gross return index, meaning it reflects reinvested dividends before the deduction of any taxes. The index is denominated in EUR.",Equity-linked index (filtered from broader global index universe),JerBouma/FinanceDatabase indices.csv snapshot,https://github.com/JerBouma/FinanceDatabase/blob/main/database/indices.csv
002T.Z,ESTX LRB30 GR USD,USD,ZRH,Unclassified / multiple providers,Europe,Equities,Large Cap,"The ESTX LRB30 GR USD index represents the performance of the 30 largest blue-chip companies in the Eurozone, with a focus on liquidity. It is a gross return index, meaning it reflects reinvested dividends before the deduction of any taxes. The index is denominated in USD.",Equity-linked index (filtered from broader global index universe),JerBouma/FinanceDatabase indices.csv snapshot,https://github.com/JerBouma/FinanceDatabase/blob/main/database/indices.csv
002U.Z,ESTX LRB30 NR EUR,EUR,ZRH,Unclassified / multiple providers,Europe,Equities,Large Cap,"The ESTX LRB30 NR EUR index represents the performance of the 30 largest blue-chip companies in the Eurozone, with a focus on liquidity. It is a net return index, meaning it accounts for reinvested dividends after the deduction of withholding taxes. The index is denominated in EUR.",Equity-linked index (filtered from broader global index universe),JerBouma/FinanceDatabase indices.csv snapshot,https://github.com/JerBouma/FinanceDatabase/blob/main/database/indices.csv
002V.Z,ESTX LRB30 NR USD,USD,ZRH,Unclassified / multiple providers,Europe,Equities,Large Cap,"The ESTX LRB30 NR USD index represents the performance of the 30 largest blue-chip companies in the Eurozone, with a focus on liquidity. It is a net return index, meaning it accounts for reinvested dividends after the deduction of withholding taxes. The index is denominated in USD.",Equity-linked index (filtered from broader global index universe),JerBouma/FinanceDatabase indices.csv snapshot,https://github.com/JerBouma/FinanceDatabase/blob/main/database/indices.csv
002W.Z,ESTX LRB30 PR EUR,EUR,ZRH,Unclassified / multiple providers,Europe,Equities,Large Cap,"The ESTX LRB30 PR EUR index represents the performance of the 30 largest blue-chip companies in the Eurozone, with a focus on liquidity. It is a price return index, meaning it reflects price movements only and does not account for dividends. The index is denominated in EUR.",Equity-linked index (filtered from broader global index universe),JerBouma/FinanceDatabase indices.csv snapshot,https://github.com/JerBouma/FinanceDatabase/blob/main/database/indices.csv
002X.Z,ESTX LRB30 PR USD,USD,ZRH,Unclassified / multiple providers,Europe,Equities,Large Cap,"The ESTX LRB30 PR USD index represents the performance of the 30 largest blue-chip companies in the Eurozone, with a focus on liquidity. It is a price return index, meaning it reflects price movements only and does not account for dividends. The index is denominated in USD.",Equity-linked index (filtered from broader global index universe),JerBouma/FinanceDatabase indices.csv snapshot,https://github.com/JerBouma/FinanceDatabase/blob/main/database/indices.csv
002Y.Z,ESTX LRB50 GR EUR,EUR,ZRH,Unclassified / multiple providers,Europe,Equities,Large Cap,"The ESTX LRB50 GR EUR index represents the performance of the 50 largest blue-chip companies in the Eurozone, with a focus on liquidity. It is a gross return index, meaning it reflects reinvested dividends before the deduction of any taxes. The index is denominated in EUR.",Equity-linked index (filtered from broader global index universe),JerBouma/FinanceDatabase indices.csv snapshot,https://github.com/JerBouma/FinanceDatabase/blob/main/database/indices.csv
002Z.Z,ESTX LRB50 GR USD,USD,ZRH,Unclassified / multiple providers,Europe,Equities,Large Cap,"The ESTX LRB50 GR USD index represents the performance of the 50 largest blue-chip companies in the Eurozone, with a focus on liquidity. It is a gross return index, meaning it reflects reinvested dividends before the deduction of any taxes. The index is denominated in USD.",Equity-linked index (filtered from broader global index universe),JerBouma/FinanceDatabase indices.csv snapshot,https://github.com/JerBouma/FinanceDatabase/blob/main/database/indices.csv
0065.Z,STXE LOW CARB.50 EW PR EO,,ZRH,Unclassified / multiple providers,Europe,Equities,Equities,"The STXE LOW CARB.50 EW PR EO index tracks the performance of 50 European companies with low carbon emissions, equally weighted. It is a price return index, meaning it only reflects price movements and does not account for dividends, and is denominated in EUR. The index uses end-of-day data.",Equity-linked index (filtered from broader global index universe),JerBouma/FinanceDatabase indices.csv snapshot,https://github.com/JerBouma/FinanceDatabase/blob/main/database/indices.csv
0066.Z,STXE LOW CARB.50 EW PR DL,,ZRH,Unclassified / multiple providers,Europe,Equities,Equities,"The STXE LOW CARB.50 EW PR DL index tracks the performance of 50 European companies with low carbon emissions, equally weighted. It is a price return index, meaning it only reflects price movements and does not account for dividends, and is denominated in USD. The index uses delayed data.",Equity-linked index (filtered from broader global index universe),JerBouma/FinanceDatabase indices.csv snapshot,https://github.com/JerBouma/FinanceDatabase/blob/main/database/indices.csv
0067.Z,STXE LOW CARB.50 EW NR EO,,ZRH,Unclassified / multiple providers,Europe,Equities,Equities,"The STXE LOW CARB.50 EW NR EO index tracks the performance of 50 European companies with low carbon emissions, equally weighted. It is a net return index, meaning it accounts for reinvested dividends after the deduction of withholding taxes, and is denominated in EUR. The index uses end-of-day data.",Equity-linked index (filtered from broader global index universe),JerBouma/FinanceDatabase indices.csv snapshot,https://github.com/JerBouma/FinanceDatabase/blob/main/database/indices.csv
0068.Z,STXE LOW CARB.50 EW NR DL,,ZRH,Unclassified / multiple providers,Europe,Equities,Equities,"The STXE LOW CARB.50 EW NR DL index tracks the performance of 50 European companies with low carbon emissions, equally weighted. It is a net return index, meaning it accounts for reinvested dividends after the deduction of withholding taxes, and is denominated in USD. The index uses delayed data.",Equity-linked index (filtered from broader global index universe),JerBouma/FinanceDatabase indices.csv snapshot,https://github.com/JerBouma/FinanceDatabase/blob/main/database/indices.csv
006A.Z,ESTX REP.LOW CARBON PR DL,,ZRH,Unclassified / multiple providers,Unspecified / mixed,Equities,Equities,"The ESTX REP.LOW CARBON PR DL index tracks the performance of companies with low carbon emissions, using RepRisk data. It is a price return index denominated in USD, utilizing delayed data. The index methodology aims to reflect companies demonstrating environmental responsibility.",Equity-linked index (filtered from broader global index universe),JerBouma/FinanceDatabase indices.csv snapshot,https://github.com/JerBouma/FinanceDatabase/blob/main/database/indices.csv
006B.Z,ESTX REP.LOW CARBON NR EO,,ZRH,Unclassified / multiple providers,Unspecified / mixed,Equities,Equities,"The ESTX REP.LOW CARBON NR EO index tracks the performance of companies with low carbon emissions, using RepRisk data. It is a net return index denominated in EUR, utilizing end-of-day data. The index methodology aims to reflect companies demonstrating environmental responsibility.",Equity-linked index (filtered from broader global index universe),JerBouma/FinanceDatabase indices.csv snapshot,https://github.com/JerBouma/FinanceDatabase/blob/main/database/indices.csv
006C.Z,ESTX REP.LOW CARBON NR DL,,ZRH,Unclassified / multiple providers,Unspecified / mixed,Equities,Equities,"The ESTX REP.LOW CARBON NR DL index tracks the performance of companies with low carbon emissions, using RepRisk data. It is a net return index denominated in USD, utilizing delayed data. The index methodology aims to reflect companies demonstrating environmental responsibility.",Equity-linked index (filtered from broader global index universe),JerBouma/FinanceDatabase indices.csv snapshot,https://github.com/JerBouma/FinanceDatabase/blob/main/database/indices.csv
006E.Z,ESTX REP.LOW CARBON GR DL,,ZRH,Unclassified / multiple providers,Unspecified / mixed,Equities,Equities,"The ESTX REP.LOW CARBON GR DL index tracks the performance of companies with low carbon emissions, using RepRisk data. It is a gross return index denominated in USD, utilizing delayed data. The index methodology aims to reflect companies demonstrating environmental responsibility.",Equity-linked index (filtered from broader global index universe),JerBouma/FinanceDatabase indices.csv snapshot,https://github.com/JerBouma/FinanceDatabase/blob/main/database/indices.csv
006T.Z,STXE L.CARB.100 EW PR EO,,ZRH,Unclassified / multiple providers,Europe,Equities,Equities,"The STXE L.CARB.100 EW PR EO index tracks the performance of 100 European companies with low carbon emissions, equally weighted. It is a price return index, meaning it only reflects price movements and does not account for dividends, and is denominated in EUR. The index uses end-of-day data.",Equity-linked index (filtered from broader global index universe),JerBouma/FinanceDatabase indices.csv snapshot,https://github.com/JerBouma/FinanceDatabase/blob/main/database/indices.csv
006U.Z,STXE L.CARB.100 EW PR DL,,ZRH,Unclassified / multiple providers,Europe,Equities,Equities,"The STXE L.CARB.100 EW PR DL index tracks the performance of 100 European companies with low carbon emissions, equally weighted. It is a price return index, meaning it only reflects price movements and does not account for dividends, and is denominated in USD. The index uses delayed data.",Equity-linked index (filtered from broader global index universe),JerBouma/FinanceDatabase indices.csv snapshot,https://github.com/JerBouma/FinanceDatabase/blob/main/database/indices.csv
006V.Z,STXE L.CARB.100 EW NR EO,,ZRH,Unclassified / multiple providers,Europe,Equities,Equities,"The STXE L.CARB.100 EW NR EO index tracks the performance of 100 European companies with low carbon emissions, equally weighted. It is a net return index, meaning it accounts for reinvested dividends after the deduction of withholding taxes, and is denominated in EUR. The index uses end-of-day data.",Equity-linked index (filtered from broader global index universe),JerBouma/FinanceDatabase indices.csv snapshot,https://github.com/JerBouma/FinanceDatabase/blob/main/database/indices.csv
006W.Z,STXE L.CARB.100 EW NR DL,,ZRH,Unclassified / multiple providers,Europe,Equities,Equities,"The STXE L.CARB.100 EW NR DL index tracks the performance of 100 European companies with low carbon emissions, equally weighted. It is a net return index, meaning it accounts for reinvested dividends after the deduction of withholding taxes, and is denominated in USD. The index uses delayed data.",Equity-linked index (filtered from broader global index universe),JerBouma/FinanceDatabase indices.csv snapshot,https://github.com/JerBouma/FinanceDatabase/blob/main/database/indices.csv
006X.Z,STXE L.CARB.100 EW GR EO,,ZRH,Unclassified / multiple providers,Europe,Equities,Equities,"The STXE L.CARB.100 EW GR EO index tracks the performance of 100 European companies with low carbon emissions, equally weighted. It is a gross return index, meaning it reflects reinvested dividends before deduction of any taxes, and is denominated in EUR. The index uses end-of-day data.",Equity-linked index (filtered from broader global index universe),JerBouma/FinanceDatabase indices.csv snapshot,https://github.com/JerBouma/FinanceDatabase/blob/main/database/indices.csv
006Y.Z,STXE LO.CARB.100 EW GR DL,,ZRH,Unclassified / multiple providers,Europe,Equities,Equities,"The STXE LO.CARB.100 EW GR DL index tracks the performance of 100 European companies with low carbon emissions, equally weighted. It is a gross return index, meaning it reflects reinvested dividends before deduction of any taxes, and is denominated in USD. The index uses delayed data.",Equity-linked index (filtered from broader global index universe),JerBouma/FinanceDatabase indices.csv snapshot,https://github.com/JerBouma/FinanceDatabase/blob/main/database/indices.csv
0091.Z,STX.EME.MAR. 800 LO GR EO,,ZRH,Unclassified / multiple providers,Emerging Markets,Equities,Emerging Markets,"The STX.EME.MAR. 800 LO GR EO index represents the performance of 800 companies in Emerging Markets with low volatility. It is a gross return index, meaning it reflects reinvested dividends before the deduction of any taxes, and is denominated in EUR. The index uses end-of-day data.",Equity-linked index (filtered from broader global index universe),JerBouma/FinanceDatabase indices.csv snapshot,https://github.com/JerBouma/FinanceDatabase/blob/main/database/indices.csv
0092.Z,STX.EME.MAR. 800 LO PR DL,,ZRH,Unclassified / multiple providers,Emerging Markets,Equities,Emerging Markets,"The STX.EME.MAR. 800 LO PR DL index represents the performance of 800 companies in Emerging Markets with low volatility. It is a price return index, meaning it only reflects price movements and does not account for dividends, and is denominated in USD. The index uses delayed data.",Equity-linked index (filtered from broader global index universe),JerBouma/FinanceDatabase indices.csv snapshot,https://github.com/JerBouma/FinanceDatabase/blob/main/database/indices.csv
0093.Z,STX.EME.MAR. 800 LO NR DL,,ZRH,Unclassified / multiple providers,Emerging Markets,Equities,Emerging Markets,"The STX.EME.MAR. 800 LO NR DL index represents the performance of 800 companies in Emerging Markets with low volatility. It is a net return index, meaning it accounts for reinvested dividends after the deduction of withholding taxes, and is denominated in USD. The index uses delayed data.",Equity-linked index (filtered from broader global index universe),JerBouma/FinanceDatabase indices.csv snapshot,https://github.com/JerBouma/FinanceDatabase/blob/main/database/indices.csv
0094.Z,STX.EME.MAR. 800 LO GR DL,,ZRH,Unclassified / multiple providers,Emerging Markets,Equities,Emerging Markets,"The STX.EME.MAR. 800 LO GR DL index represents the performance of 800 companies in Emerging Markets with low volatility. It is a gross return index, meaning it reflects reinvested dividends before the deduction of any taxes, and is denominated in USD. The index uses delayed data.",Equity-linked index (filtered from broader global index universe),JerBouma/FinanceDatabase indices.csv snapshot,https://github.com/JerBouma/FinanceDatabase/blob/main/database/indices.csv
0096.Z,ISTX M.G.EX J.Q.D250NR EO,,ZRH,Unclassified / multiple providers,Unspecified / mixed,,,,Equity-linked index (filtered from broader global index universe),JerBouma/FinanceDatabase indices.csv snapshot,https://github.com/JerBouma/FinanceDatabase/blob/main/database/indices.csv
0097.Z,ISTX M.G.EX J.Q.D250GR EO,,ZRH,Unclassified / multiple providers,Unspecified / mixed,,,,Equity-linked index (filtered from broader global index universe),JerBouma/FinanceDatabase indices.csv snapshot,https://github.com/JerBouma/FinanceDatabase/blob/main/database/indices.csv
0098.Z,ISTX M.G.EX A.Q.D300PR DL,,ZRH,Unclassified / multiple providers,Unspecified / mixed,,,,Equity-linked index (filtered from broader global index universe),JerBouma/FinanceDatabase indices.csv snapshot,https://github.com/JerBouma/FinanceDatabase/blob/main/database/indices.csv
0099.Z,ISTX M.G.EX A.Q.D300NR DL,,ZRH,Unclassified / multiple providers,Unspecified / mixed,,,,Equity-linked index (filtered from broader global index universe),JerBouma/FinanceDatabase indices.csv snapshot,https://github.com/JerBouma/FinanceDatabase/blob/main/database/indices.csv
009L.Z,STX EM 800 LO MIN.VAR.GR,,ZRH,Unclassified / multiple providers,Unspecified / mixed,,,,Equity-linked index (filtered from broader global index universe),JerBouma/FinanceDatabase indices.csv snapshot,https://github.com/JerBouma/FinanceDatabase/blob/main/database/indices.csv
009M.Z,STX EM 800 LO MIN.VAR.NR,,ZRH,Unclassified / multiple providers,Unspecified / mixed,,,,Equity-linked index (filtered from broader global index universe),JerBouma/FinanceDatabase indices.csv snapshot,https://github.com/JerBouma/FinanceDatabase/blob/main/database/indices.csv
009N.Z,STX EM 800 LO MIN.VAR.PR,,ZRH,Unclassified / multiple providers,Unspecified / mixed,,,,Equity-linked index (filtered from broader global index universe),JerBouma/FinanceDatabase indices.csv snapshot,https://github.com/JerBouma/FinanceDatabase/blob/main/database/indices.csv
009P.Z,STX EM 800 LO MIN.VAR.GR,,ZRH,Unclassified / multiple providers,Unspecified / mixed,,,,Equity-linked index (filtered from broader global index universe),JerBouma/FinanceDatabase indices.csv snapshot,https://github.com/JerBouma/FinanceDatabase/blob/main/database/indices.csv
009R.Z,STX EM 800 LO MIN.VAR.PR,,ZRH,Unclassified / multiple providers,Unspecified / mixed,,,,Equity-linked index (filtered from broader global index universe),JerBouma/FinanceDatabase indices.csv snapshot,https://github.com/JerBouma/FinanceDatabase/blob/main/database/indices.csv
009S.Z,STX EM 800 LO MIN.VAR.GR,,ZRH,Unclassified / multiple providers,Unspecified / mixed,,,,Equity-linked index (filtered from broader global index universe),JerBouma/FinanceDatabase indices.csv snapshot,https://github.com/JerBouma/FinanceDatabase/blob/main/database/indices.csv
009T.Z,STX EM 800 LO MIN.VAR.PR,,ZRH,Unclassified / multiple providers,Unspecified / mixed,,,,Equity-linked index (filtered from broader global index universe),JerBouma/FinanceDatabase indices.csv snapshot,https://github.com/JerBouma/FinanceDatabase/blob/main/database/indices.csv
009U.Z,STX EM 800 LO MIN.VAR.PR,,ZRH,Unclassified / multiple providers,Unspecified / mixed,,,,Equity-linked index (filtered from broader global index universe),JerBouma/FinanceDatabase indices.csv snapshot,https://github.com/JerBouma/FinanceDatabase/blob/main/database/indices.csv
009X.Z,STX EM 800 LO MIN.VAR.PR,,ZRH,Unclassified / multiple providers,Unspecified / mixed,,,,Equity-linked index (filtered from broader global index universe),JerBouma/FinanceDatabase indices.csv snapshot,https://github.com/JerBouma/FinanceDatabase/blob/main/database/indices.csv
009Y.Z,STX.EME.MAR. 800 LO PR EO,,ZRH,Unclassified / multiple providers,Emerging Markets,Equities,Emerging Markets,"The STX.EME.MAR. 800 LO PR EO index represents the performance of 800 companies in Emerging Markets with low volatility. It is a price return index, meaning it only reflects price movements and does not account for dividends, and is denominated in EUR. The index uses end-of-day data.",Equity-linked index (filtered from broader global index universe),JerBouma/FinanceDatabase indices.csv snapshot,https://github.com/JerBouma/FinanceDatabase/blob/main/database/indices.csv
009Z.Z,STX.EME.MAR. 800 LO NR EO,,ZRH,Unclassified / multiple providers,Emerging Markets,Equities,Emerging Markets,"The STX.EME.MAR. 800 LO NR EO index represents the performance of 800 companies in Emerging Markets with low volatility. It is a net return index, meaning it accounts for reinvested dividends after the deduction of withholding taxes, and is denominated in EUR. The index uses end-of-day data.",Equity-linked index (filtered from broader global index universe),JerBouma/FinanceDatabase indices.csv snapshot,https://github.com/JerBouma/FinanceDatabase/blob/main/database/indices.csv
00A0.Z,STX GLB.CLI.CH.LEAD.NR EO,,ZRH,Unclassified / multiple providers,Unspecified / mixed,,,,Equity-linked index (filtered from broader global index universe),JerBouma/FinanceDatabase indices.csv snapshot,https://github.com/JerBouma/FinanceDatabase/blob/main/database/indices.csv
00A1.Z,STX GLB.CLI.CH.LEAD.NR DL,,ZRH,Unclassified / multiple providers,Unspecified / mixed,,,,Equity-linked index (filtered from broader global index universe),JerBouma/FinanceDatabase indices.csv snapshot,https://github.com/JerBouma/FinanceDatabase/blob/main/database/indices.csv
00A2.Z,STX GLB.CLI.CH.LEAD.GR EO,,ZRH,Unclassified / multiple providers,Unspecified / mixed,,,,Equity-linked index (filtered from broader global index universe),JerBouma/FinanceDatabase indices.csv snapshot,https://github.com/JerBouma/FinanceDatabase/blob/main/database/indices.csv
00A3.Z,STX GLB.CLI.CH.LEAD.GR DL,,ZRH,Unclassified / multiple providers,Unspecified / mixed,,,,Equity-linked index (filtered from broader global index universe),JerBouma/FinanceDatabase indices.csv snapshot,https://github.com/JerBouma/FinanceDatabase/blob/main/database/indices.csv
00A4.Z,STX G.L.CARB.100 EW PR EO,,ZRH,Unclassified / multiple providers,Unspecified / mixed,,,,Equity-linked index (filtered from broader global index universe),JerBouma/FinanceDatabase indices.csv snapshot,https://github.com/JerBouma/FinanceDatabase/blob/main/database/indices.csv
00A5.Z,STX G.L.CARB.100 EW PR DL,,ZRH,Unclassified / multiple providers,Unspecified / mixed,,,,Equity-linked index (filtered from broader global index universe),JerBouma/FinanceDatabase indices.csv snapshot,https://github.com/JerBouma/FinanceDatabase/blob/main/database/indices.csv
00A6.Z,STX G.L.CARB.100 EW NR EO,,ZRH,Unclassified / multiple providers,Unspecified / mixed,,,,Equity-linked index (filtered from broader global index universe),JerBouma/FinanceDatabase indices.csv snapshot,https://github.com/JerBouma/FinanceDatabase/blob/main/database/indices.csv
00A7.Z,STX G.L.CARB.100 EW NR DL,,ZRH,Unclassified / multiple providers,Unspecified / mixed,,,,Equity-linked index (filtered from broader global index universe),JerBouma/FinanceDatabase indices.csv snapshot,https://github.com/JerBouma/FinanceDatabase/blob/main/database/indices.csv
00A8.Z,STX G.L.CARB.100 EW GR EO,,ZRH,Unclassified / multiple providers,Unspecified / mixed,,,,Equity-linked index (filtered from broader global index universe),JerBouma/FinanceDatabase indices.csv snapshot,https://github.com/JerBouma/FinanceDatabase/blob/main/database/indices.csv
00A9.Z,STX G.L.CARB.100 EW GR DL,,ZRH,Unclassified / multiple providers,Unspecified / mixed,,,,Equity-linked index (filtered from broader global index universe),JerBouma/FinanceDatabase indices.csv snapshot,https://github.com/JerBouma/FinanceDatabase/blob/main/database/indices.csv
00AB.Z,STX G.1800E.EU.L.CA.PR EO,,ZRH,Unclassified / multiple providers,Unspecified / mixed,,,,Equity-linked index (filtered from broader global index universe),JerBouma/FinanceDatabase indices.csv snapshot,https://github.com/JerBouma/FinanceDatabase/blob/main/database/indices.csv
00AC.Z,STX G.1800E.EU.L.CA.PR DL,,ZRH,Unclassified / multiple providers,Unspecified / mixed,,,,Equity-linked index (filtered from broader global index universe),JerBouma/FinanceDatabase indices.csv snapshot,https://github.com/JerBouma/FinanceDatabase/blob/main/database/indices.csv
00AD.Z,STX G.1800E.EU.L.CA.NR EO,,ZRH,Unclassified / multiple providers,Unspecified / mixed,,,,Equity-linked index (filtered from broader global index universe),JerBouma/FinanceDatabase indices.csv snapshot,https://github.com/JerBouma/FinanceDatabase/blob/main/database/indices.csv
00AE.Z,STX G.1800E.EU.L.CA.NR DL,,ZRH,Unclassified / multiple providers,Unspecified / mixed,,,,Equity-linked index (filtered from broader global index universe),JerBouma/FinanceDatabase indices.csv snapshot,https://github.com/JerBouma/FinanceDatabase/blob/main/database/indices.csv
00AF.Z,STX G.1800E.EU.L.CA.GR EO,,ZRH,Unclassified / multiple providers,Unspecified / mixed,,,,Equity-linked index (filtered from broader global index universe),JerBouma/FinanceDatabase indices.csv snapshot,https://github.com/JerBouma/FinanceDatabase/blob/main/database/indices.csv
00AG.Z,STX G.1800E.EU.L.CA.GR DL,,ZRH,Unclassified / multiple providers,Unspecified / mixed,,,,Equity-linked index (filtered from broader global index universe),JerBouma/FinanceDatabase indices.csv snapshot,https://github.com/JerBouma/FinanceDatabase/blob/main/database/indices.csv
00AH.Z,STX G.1800E.JA.L.CA.PR EO,,ZRH,Unclassified / multiple providers,Unspecified / mixed,,,,Equity-linked index (filtered from broader global index universe),JerBouma/FinanceDatabase indices.csv snapshot,https://github.com/JerBouma/FinanceDatabase/blob/main/database/indices.csv
00AJ.Z,STX G.1800E.JA.L.CA.PR DL,,ZRH,Unclassified / multiple providers,Unspecified / mixed,,,,Equity-linked index (filtered from broader global index universe),JerBouma/FinanceDatabase indices.csv snapshot,https://github.com/JerBouma/FinanceDatabase/blob/main/database/indices.csv
00AK.Z,STX G.1800E.JA.L.CA.PR YN,,ZRH,Unclassified / multiple providers,Unspecified / mixed,,,,Equity-linked index (filtered from broader global index universe),JerBouma/FinanceDatabase indices.csv snapshot,https://github.com/JerBouma/FinanceDatabase/blob/main/database/indices.csv
00AL.Z,STX G.1800E.JA.L.CA.NR EO,,ZRH,Unclassified / multiple providers,Unspecified / mixed,,,,Equity-linked index (filtered from broader global index universe),JerBouma/FinanceDatabase indices.csv snapshot,https://github.com/JerBouma/FinanceDatabase/blob/main/database/indices.csv
00AM.Z,STX G.1800E.JA.L.CA.NR DL,,ZRH,Unclassified / multiple providers,Unspecified / mixed,,,,Equity-linked index (filtered from broader global index universe),JerBouma/FinanceDatabase indices.csv snapshot,https://github.com/JerBouma/FinanceDatabase/blob/main/database/indices.csv
00AN.Z,STX G.1800E.JA.L.CA.NR YN,,ZRH,Unclassified / multiple providers,Unspecified / mixed,,,,Equity-linked index (filtered from broader global index universe),JerBouma/FinanceDatabase indices.csv snapshot,https://github.com/JerBouma/FinanceDatabase/blob/main/database/indices.csv
00AP.Z,STX G.1800E.JA.L.CA.GR EO,,ZRH,Unclassified / multiple providers,Unspecified / mixed,,,,Equity-linked index (filtered from broader global index universe),JerBouma/FinanceDatabase indices.csv snapshot,https://github.com/JerBouma/FinanceDatabase/blob/main/database/indices.csv
00AQ.Z,STX G.1800E.JA.L.CA.GR DL,,ZRH,Unclassified / multiple providers,Unspecified / mixed,,,,Equity-linked index (filtered from broader global index universe),JerBouma/FinanceDatabase indices.csv snapshot,https://github.com/JerBouma/FinanceDatabase/blob/main/database/indices.csv
00AR.Z,STX G.1800E.JA.L.CA.GR YN,,ZRH,Unclassified / multiple providers,Unspecified / mixed,,,,Equity-linked index (filtered from broader global index universe),JerBouma/FinanceDatabase indices.csv snapshot,https://github.com/JerBouma/FinanceDatabase/blob/main/database/indices.csv
00AS.Z,STX G.1800E.US.L.CA.PR EO,,ZRH,Unclassified / multiple providers,Unspecified / mixed,,,,Equity-linked index (filtered from broader global index universe),JerBouma/FinanceDatabase indices.csv snapshot,https://github.com/JerBouma/FinanceDatabase/blob/main/database/indices.csv
00AT.Z,STX G.1800E.US.L.CA.PR DL,,ZRH,Unclassified / multiple providers,Unspecified / mixed,,,,Equity-linked index (filtered from broader global index universe),JerBouma/FinanceDatabase indices.csv snapshot,https://github.com/JerBouma/FinanceDatabase/blob/main/database/indices.csv
00AU.Z,STX G.1800E.US.L.CA.NR EO,,ZRH,Unclassified / multiple providers,Unspecified / mixed,,,,Equity-linked index (filtered from broader global index universe),JerBouma/FinanceDatabase indices.csv snapshot,https://github.com/JerBouma/FinanceDatabase/blob/main/database/indices.csv
00AV.Z,STX G.1800E.US.L.CA.NR DL,,ZRH,Unclassified / multiple providers,Unspecified / mixed,,,,Equity-linked index (filtered from broader global index universe),JerBouma/FinanceDatabase indices.csv snapshot,https://github.com/JerBouma/FinanceDatabase/blob/main/database/indices.csv
00AW.Z,STX G.1800E.US.L.CA.GR EO,,ZRH,Unclassified / multiple providers,Unspecified / mixed,,,,Equity-linked index (filtered from broader global index universe),JerBouma/FinanceDatabase indices.csv snapshot,https://github.com/JerBouma/FinanceDatabase/blob/main/database/indices.csv
00AX.Z,STX G.1800E.US.L.CA.GR DL,,ZRH,Unclassified / multiple providers,Unspecified / mixed,,,,Equity-linked index (filtered from broader global index universe),JerBouma/FinanceDatabase indices.csv snapshot,https://github.com/JerBouma/FinanceDatabase/blob/main/database/indices.csv
00AY.Z,STX GLB.CLI.CH.LEAD.PR EO,,ZRH,Unclassified / multiple providers,Unspecified / mixed,,,,Equity-linked index (filtered from broader global index universe),JerBouma/FinanceDatabase indices.csv snapshot,https://github.com/JerBouma/FinanceDatabase/blob/main/database/indices.csv
00AZ.Z,STX GLB.CLI.CH.LEAD.PR DL,,ZRH,Unclassified / multiple providers,Unspecified / mixed,,,,Equity-linked index (filtered from broader global index universe),JerBouma/FinanceDatabase indices.csv snapshot,https://github.com/JerBouma/FinanceDatabase/blob/main/database/indices.csv
00C0.Z,STX GLB.REP.L.CARB.PR EO,,ZRH,Unclassified / multiple providers,Unspecified / mixed,,,,Equity-linked index (filtered from broader global index universe),JerBouma/FinanceDatabase indices.csv snapshot,https://github.com/JerBouma/FinanceDatabase/blob/main/database/indices.csv
00C1.Z,STX GLB.REP.L.CARB.PR DL,,ZRH,Unclassified / multiple providers,Unspecified / mixed,,,,Equity-linked index (filtered from broader global index universe),JerBouma/FinanceDatabase indices.csv snapshot,https://github.com/JerBouma/FinanceDatabase/blob/main/database/indices.csv
00C2.Z,STX GLB.REP.L.CARB.NR EO,,ZRH,Unclassified / multiple providers,Unspecified / mixed,,,,Equity-linked index (filtered from broader global index universe),JerBouma/FinanceDatabase indices.csv snapshot,https://github.com/JerBouma/FinanceDatabase/blob/main/database/indices.csv
00C3.Z,STX GLB.REP.L.CARB.NR DL,,ZRH,Unclassified / multiple providers,Unspecified / mixed,,,,Equity-linked index (filtered from broader global index universe),JerBouma/FinanceDatabase indices.csv snapshot,https://github.com/JerBouma/FinanceDatabase/blob/main/database/indices.csv
00C4.Z,STX GLB.REP.L.CARB.GR EO,,ZRH,Unclassified / multiple providers,Unspecified / mixed,,,,Equity-linked index (filtered from broader global index universe),JerBouma/FinanceDatabase indices.csv snapshot,https://github.com/JerBouma/FinanceDatabase/blob/main/database/indices.csv
00C5.Z,STX GLB.REP.L.CARB.GR DL,,ZRH,Unclassified / multiple providers,Unspecified / mixed,,,,Equity-linked index (filtered from broader global index universe),JerBouma/FinanceDatabase indices.csv snapshot,https://github.com/JerBouma/FinanceDatabase/blob/main/database/indices.csv
00C6.Z,STX GLB.REP.L.CARB.PR YN,,ZRH,Unclassified / multiple providers,Unspecified / mixed,,,,Equity-linked index (filtered from broader global index universe),JerBouma/FinanceDatabase indices.csv snapshot,https://github.com/JerBouma/FinanceDatabase/blob/main/database/indices.csv
00C7.Z,STX GLB.REP.L.CARB.NR YN,,ZRH,Unclassified / multiple providers,Unspecified / mixed,,,,Equity-linked index (filtered from broader global index universe),JerBouma/FinanceDatabase indices.csv snapshot,https://github.com/JerBouma/FinanceDatabase/blob/main/database/indices.csv
00C8.Z,STX GLB.REP.L.CARB.GR YN,,ZRH,Unclassified / multiple providers,Unspecified / mixed,,,,Equity-linked index (filtered from broader global index universe),JerBouma/FinanceDatabase indices.csv snapshot,https://github.com/JerBouma/FinanceDatabase/blob/main/database/indices.csv
00C9.Z,STX USA LO.CA.50 EW PR EO,,ZRH,Unclassified / multiple providers,United States,Equities,,"The STX USA LO.CA.50 EW PR EO Index aims to represent the performance of 50 U.S. companies with low carbon exposure, selected and equally weighted. It focuses on companies that are contributing less to carbon emissions within the U.S. market.",Equity-linked index (filtered from broader global index universe),JerBouma/FinanceDatabase indices.csv snapshot,https://github.com/JerBouma/FinanceDatabase/blob/main/database/indices.csv
00CA.Z,STX GL.LOW CARB.100 PR EO,,ZRH,Unclassified / multiple providers,Global,Equities,,"The STX GL.LOW CARB.100 PR EO Index aims to represent the performance of 100 global companies with low carbon exposure. The index selects companies that have lower carbon emissions compared to their peers, on a global scale.",Equity-linked index (filtered from broader global index universe),JerBouma/FinanceDatabase indices.csv snapshot,https://github.com/JerBouma/FinanceDatabase/blob/main/database/indices.csv
00CB.Z,STX GL.LOW CARB.100 PR DL,,ZRH,Unclassified / multiple providers,Global,Equities,,"The STX GL.LOW CARB.100 PR DL Index aims to represent the performance of 100 global companies with low carbon exposure. The index selects companies that have lower carbon emissions compared to their peers, on a global scale.",Equity-linked index (filtered from broader global index universe),JerBouma/FinanceDatabase indices.csv snapshot,https://github.com/JerBouma/FinanceDatabase/blob/main/database/indices.csv
00CC.Z,STX GL.LOW CARB.100 NR EO,,ZRH,Unclassified / multiple providers,Global,Equities,,"The STX GL.LOW CARB.100 NR EO Index aims to represent the performance of 100 global companies with low carbon exposure. The index selects companies that have lower carbon emissions compared to their peers, on a global scale.",Equity-linked index (filtered from broader global index universe),JerBouma/FinanceDatabase indices.csv snapshot,https://github.com/JerBouma/FinanceDatabase/blob/main/database/indices.csv
00CD.Z,STX GL.LOW CARB.100 NR DL,,ZRH,Unclassified / multiple providers,Global,Equities,,"The STX GL.LOW CARB.100 NR DL Index aims to represent the performance of 100 global companies with low carbon exposure. The index selects companies that have lower carbon emissions compared to their peers, on a global scale.",Equity-linked index (filtered from broader global index universe),JerBouma/FinanceDatabase indices.csv snapshot,https://github.com/JerBouma/FinanceDatabase/blob/main/database/indices.csv
00CE.Z,STX GL.LOW CARB.100 GR EO,,ZRH,Unclassified / multiple providers,Global,Equities,,"The STX GL.LOW CARB.100 GR EO Index aims to represent the performance of 100 global companies with low carbon exposure. The index selects companies that have lower carbon emissions compared to their peers, on a global scale.",Equity-linked index (filtered from broader global index universe),JerBouma/FinanceDatabase indices.csv snapshot,https://github.com/JerBouma/FinanceDatabase/blob/main/database/indices.csv
00CF.Z,STX GL.LOW CARB.100 GR DL,,ZRH,Unclassified / multiple providers,Global,Equities,,"The STX GL.LOW CARB.100 GR DL Index aims to represent the performance of 100 global companies with low carbon exposure. The index selects companies that have lower carbon emissions compared to their peers, on a global scale.",Equity-linked index (filtered from broader global index universe),JerBouma/FinanceDatabase indices.csv snapshot,https://github.com/JerBouma/FinanceDatabase/blob/main/database/indices.csv
00CG.Z,STX GLB.L.CA.400 EW PR EO,,ZRH,Unclassified / multiple providers,Global,Equities,,"The STX GLB.L.CA.400 EW PR EO Index aims to track the performance of 400 global companies with low carbon exposure, equally weighted. It focuses on companies that are contributing less to carbon emissions on a global level.",Equity-linked index (filtered from broader global index universe),JerBouma/FinanceDatabase indices.csv snapshot,https://github.com/JerBouma/FinanceDatabase/blob/main/database/indices.csv
00CH.Z,STX GLB.L.CA.400 EW PR DL,,ZRH,Unclassified / multiple providers,Global,Equities,,"The STX GLB.L.CA.400 EW PR DL Index aims to track the performance of 400 global companies with low carbon exposure, equally weighted. It focuses on companies that are contributing less to carbon emissions on a global level.",Equity-linked index (filtered from broader global index universe),JerBouma/FinanceDatabase indices.csv snapshot,https://github.com/JerBouma/FinanceDatabase/blob/main/database/indices.csv
00CJ.Z,STX GLB.L.CA.400 EW NR EO,,ZRH,Unclassified / multiple providers,Global,Equities,,"The STX GLB.L.CA.400 EW NR EO Index aims to track the performance of 400 global companies with low carbon exposure, equally weighted. It focuses on companies that are contributing less to carbon emissions on a global level.",Equity-linked index (filtered from broader global index universe),JerBouma/FinanceDatabase indices.csv snapshot,https://github.com/JerBouma/FinanceDatabase/blob/main/database/indices.csv
00CK.Z,STX GLB.L.CA.400 EW NR DL,,ZRH,Unclassified / multiple providers,Global,Equities,,"The STX GLB.L.CA.400 EW NR DL Index aims to track the performance of 400 global companies with low carbon exposure, equally weighted. It focuses on companies that are contributing less to carbon emissions on a global level.",Equity-linked index (filtered from broader global index universe),JerBouma/FinanceDatabase indices.csv snapshot,https://github.com/JerBouma/FinanceDatabase/blob/main/database/indices.csv
00CL.Z,STX GLB.L.CA.400 EW GR EO,,ZRH,Unclassified / multiple providers,Global,Equities,,"The STX GLB.L.CA.400 EW GR EO Index aims to track the performance of 400 global companies with low carbon exposure, equally weighted. It focuses on companies that are contributing less to carbon emissions on a global level.",Equity-linked index (filtered from broader global index universe),JerBouma/FinanceDatabase indices.csv snapshot,https://github.com/JerBouma/FinanceDatabase/blob/main/database/indices.csv
00CM.Z,STX GLB.L.CA.400 EW GR DL,,ZRH,Unclassified / multiple providers,Global,Equities,,"The STX GLB.L.CA.400 EW GR DL Index aims to track the performance of 400 global companies with low carbon exposure, equally weighted. It focuses on companies that are contributing less to carbon emissions on a global level.",Equity-linked index (filtered from broader global index universe),JerBouma/FinanceDatabase indices.csv snapshot,https://github.com/JerBouma/FinanceDatabase/blob/main/database/indices.csv
00CN.Z,STX GLB.LOW CAR.400 PR EO,,ZRH,Unclassified / multiple providers,Global,Equities,,The STX GLB.LOW CAR.400 PR EO Index tracks the performance of 400 global companies with low carbon emissions. The index aims to represent companies with reduced carbon footprint.,Equity-linked index (filtered from broader global index universe),JerBouma/FinanceDatabase indices.csv snapshot,https://github.com/JerBouma/FinanceDatabase/blob/main/database/indices.csv
00CP.Z,STX GLB.LOW CAR.400 PR DL,,ZRH,Unclassified / multiple providers,Global,Equities,,The STX GLB.LOW CAR.400 PR DL Index tracks the performance of 400 global companies with low carbon emissions. The index aims to represent companies with reduced carbon footprint.,Equity-linked index (filtered from broader global index universe),JerBouma/FinanceDatabase indices.csv snapshot,https://github.com/JerBouma/FinanceDatabase/blob/main/database/indices.csv
00CQ.Z,STX GLB.LOW CAR.400 NR EO,,ZRH,Unclassified / multiple providers,Global,Equities,,The STX GLB.LOW CAR.400 NR EO Index tracks the performance of 400 global companies with low carbon emissions. The index aims to represent companies with reduced carbon footprint.,Equity-linked index (filtered from broader global index universe),JerBouma/FinanceDatabase indices.csv snapshot,https://github.com/JerBouma/FinanceDatabase/blob/main/database/indices.csv
00CR.Z,STX GLB.LOW CAR.400 NR DL,,ZRH,Unclassified / multiple providers,Global,Equities,,The STX GLB.LOW CAR.400 NR DL Index tracks the performance of 400 global companies with low carbon emissions. The index aims to represent companies with reduced carbon footprint.,Equity-linked index (filtered from broader global index universe),JerBouma/FinanceDatabase indices.csv snapshot,https://github.com/JerBouma/FinanceDatabase/blob/main/database/indices.csv
00CS.Z,STX GLB.LOW CAR.400 GR EO,,ZRH,Unclassified / multiple providers,Global,Equities,,The STX GLB.LOW CAR.400 GR EO Index tracks the performance of 400 global companies with low carbon emissions. The index aims to represent companies with reduced carbon footprint.,Equity-linked index (filtered from broader global index universe),JerBouma/FinanceDatabase indices.csv snapshot,https://github.com/JerBouma/FinanceDatabase/blob/main/database/indices.csv
00CT.Z,STX GLB.LOW CAR.400 GR DL,,ZRH,Unclassified / multiple providers,Global,Equities,,The STX GLB.LOW CAR.400 GR DL Index tracks the performance of 400 global companies with low carbon emissions. The index aims to represent companies with reduced carbon footprint.,Equity-linked index (filtered from broader global index universe),JerBouma/FinanceDatabase indices.csv snapshot,https://github.com/JerBouma/FinanceDatabase/blob/main/database/indices.csv
00CU.Z,STX GLB.L.CAR.FOOTP.PR EO,,ZRH,Unclassified / multiple providers,Global,Equities,,The STX GLB.L.CAR.FOOTP.PR EO Index aims to track the performance of global companies with a low carbon footprint. The index focuses on companies that have demonstrably lower carbon emissions related to their operations.,Equity-linked index (filtered from broader global index universe),JerBouma/FinanceDatabase indices.csv snapshot,https://github.com/JerBouma/FinanceDatabase/blob/main/database/indices.csv
00CV.Z,STX GLB.L.CAR.FOOTP.PR DL,,ZRH,Unclassified / multiple providers,Global,Equities,,The STX GLB.L.CAR.FOOTP.PR DL Index aims to track the performance of global companies with a low carbon footprint. The index focuses on companies that have demonstrably lower carbon emissions related to their operations.,Equity-linked index (filtered from broader global index universe),JerBouma/FinanceDatabase indices.csv snapshot,https://github.com/JerBouma/FinanceDatabase/blob/main/database/indices.csv
00CW.Z,STX GLB.L.CAR.FOOTP.NR EO,,ZRH,Unclassified / multiple providers,Global,Equities,,The STX GLB.L.CAR.FOOTP.NR EO Index aims to track the performance of global companies with a low carbon footprint. The index focuses on companies that have demonstrably lower carbon emissions related to their operations.,Equity-linked index (filtered from broader global index universe),JerBouma/FinanceDatabase indices.csv snapshot,https://github.com/JerBouma/FinanceDatabase/blob/main/database/indices.csv
00CX.Z,STX GLB.L.CAR.FOOTP.NR DL,,ZRH,Unclassified / multiple providers,Global,Equities,,The STX GLB.L.CAR.FOOTP.NR DL Index aims to track the performance of global companies with a low carbon footprint. The index focuses on companies that have demonstrably lower carbon emissions related to their operations.,Equity-linked index (filtered from broader global index universe),JerBouma/FinanceDatabase indices.csv snapshot,https://github.com/JerBouma/FinanceDatabase/blob/main/database/indices.csv
00CY.Z,STX GLB.L.CAR.FOOTP.GR EO,,ZRH,Unclassified / multiple providers,Global,Equities,,The STX GLB.L.CAR.FOOTP.GR EO Index aims to track the performance of global companies with a low carbon footprint. The index focuses on companies that have demonstrably lower carbon emissions related to their operations.,Equity-linked index (filtered from broader global index universe),JerBouma/FinanceDatabase indices.csv snapshot,https://github.com/JerBouma/FinanceDatabase/blob/main/database/indices.csv
00CZ.Z,STX GLB.L.CAR.FOOTP.GR DL,,ZRH,Unclassified / multiple providers,Global,Equities,,The STX GLB.L.CAR.FOOTP.GR DL Index aims to track the performance of global companies with a low carbon footprint. The index focuses on companies that have demonstrably lower carbon emissions related to their operations.,Equity-linked index (filtered from broader global index universe),JerBouma/FinanceDatabase indices.csv snapshot,https://github.com/JerBouma/FinanceDatabase/blob/main/database/indices.csv
00F0.Z,STX GLB.1800 LO.CAR.PR EO,,ZRH,Unclassified / multiple providers,Global,Equities,,The STX GLB.1800 LO.CAR.PR EO Index aims to represent the performance of 1800 global companies with low carbon exposure. It focuses on companies that contribute less to carbon emissions on a global level.,Equity-linked index (filtered from broader global index universe),JerBouma/FinanceDatabase indices.csv snapshot,https://github.com/JerBouma/FinanceDatabase/blob/main/database/indices.csv
00F1.Z,STX GLB.1800 LO.CAR.PR EO,,ZRH,Unclassified / multiple providers,Global,Equities,,The STX GLB.1800 LO.CAR.PR EO Index aims to represent the performance of 1800 global companies with low carbon exposure. It focuses on companies that contribute less to carbon emissions on a global level.,Equity-linked index (filtered from broader global index universe),JerBouma/FinanceDatabase indices.csv snapshot,https://github.com/JerBouma/FinanceDatabase/blob/main/database/indices.csv
00F2.Z,STX GLB.1800 LO.CAR.PR EO,,ZRH,Unclassified / multiple providers,Global,Equities,,The STX GLB.1800 LO.CAR.PR EO Index aims to represent the performance of 1800 global companies with low carbon exposure. It focuses on companies that contribute less to carbon emissions on a global level.,Equity-linked index (filtered from broader global index universe),JerBouma/FinanceDatabase indices.csv snapshot,https://github.com/JerBouma/FinanceDatabase/blob/main/database/indices.csv
00F3.Z,STX GLB.1800 LO.CAR.PR EO,,ZRH,Unclassified / multiple providers,Global,Equities,,The STX GLB.1800 LO.CAR.PR EO Index aims to represent the performance of 1800 global companies with low carbon exposure. It focuses on companies that contribute less to carbon emissions on a global level.,Equity-linked index (filtered from broader global index universe),JerBouma/FinanceDatabase indices.csv snapshot,https://github.com/JerBouma/FinanceDatabase/blob/main/database/indices.csv
00F4.Z,STX GLB.1800 LO.CAR.PR EO,,ZRH,Unclassified / multiple providers,Global,Equities,,The STX GLB.1800 LO.CAR.PR EO Index aims to represent the performance of 1800 global companies with low carbon exposure. It focuses on companies that contribute less to carbon emissions on a global level.,Equity-linked index (filtered from broader global index universe),JerBouma/FinanceDatabase indices.csv snapshot,https://github.com/JerBouma/FinanceDatabase/blob/main/database/indices.csv
00F6.Z,ISTX MUTB GL.QU.150 PR EO,,ZRH,Unclassified / multiple providers,Global,Equities,Factors,"The ISTX MUTB GL.QU.150 PR EO Index aims to track the performance of 150 global companies based on a quality factor. It selects companies that demonstrate strong financial health and stability, based on parameters defined by ISTX and MUTB.",Equity-linked index (filtered from broader global index universe),JerBouma/FinanceDatabase indices.csv snapshot,https://github.com/JerBouma/FinanceDatabase/blob/main/database/indices.csv
00F7.Z,ISTX MUTB GL.QU.150 NR EO,,ZRH,Unclassified / multiple providers,Global,Equities,Factors,"The ISTX MUTB GL.QU.150 NR EO Index aims to track the performance of 150 global companies based on a quality factor. It selects companies that demonstrate strong financial health and stability, based on parameters defined by ISTX and MUTB.",Equity-linked index (filtered from broader global index universe),JerBouma/FinanceDatabase indices.csv snapshot,https://github.com/JerBouma/FinanceDatabase/blob/main/database/indices.csv
00F8.Z,ISTX MUTB GL.QU.150 GR EO,,ZRH,Unclassified / multiple providers,Global,Equities,Factors,"The ISTX MUTB GL.QU.150 GR EO Index aims to track the performance of 150 global companies based on a quality factor. It selects companies that demonstrate strong financial health and stability, based on parameters defined by ISTX and MUTB.",Equity-linked index (filtered from broader global index universe),JerBouma/FinanceDatabase indices.csv snapshot,https://github.com/JerBouma/FinanceDatabase/blob/main/database/indices.csv
00F9.Z,ISTX MUTB GL.QU.150 PR DL,,ZRH,Unclassified / multiple providers,Global,Equities,Factors,"The ISTX MUTB GL.QU.150 PR DL Index aims to track the performance of 150 global companies based on a quality factor. It selects companies that demonstrate strong financial health and stability, based on parameters defined by ISTX and MUTB.",Equity-linked index (filtered from broader global index universe),JerBouma/FinanceDatabase indices.csv snapshot,https://github.com/JerBouma/FinanceDatabase/blob/main/database/indices.csv
00FA.Z,STX USA LO.CA.50 EW PR DL,,ZRH,Unclassified / multiple providers,United States,Equities,,"The STX USA LO.CA.50 EW PR DL Index aims to represent the performance of 50 U.S. companies with low carbon exposure, selected and equally weighted. It focuses on companies that are contributing less to carbon emissions within the U.S. market.",Equity-linked index (filtered from broader global index universe),JerBouma/FinanceDatabase indices.csv snapshot,https://github.com/JerBouma/FinanceDatabase/blob/main/database/indices.csv
00FB.Z,STX USA LO.CA.50 EW NR EO,,ZRH,Unclassified / multiple providers,United States,Equities,,"The STX USA LO.CA.50 EW NR EO Index aims to represent the performance of 50 U.S. companies with low carbon exposure, selected and equally weighted. It focuses on companies that are contributing less to carbon emissions within the U.S. market.",Equity-linked index (filtered from broader global index universe),JerBouma/FinanceDatabase indices.csv snapshot,https://github.com/JerBouma/FinanceDatabase/blob/main/database/indices.csv
00FC.Z,STX USA LO.CA.50 EW NR DL,,ZRH,Unclassified / multiple providers,United States,Equities,,"The STX USA LO.CA.50 EW NR DL Index aims to represent the performance of 50 U.S. companies with low carbon exposure, selected and equally weighted. It focuses on companies that are contributing less to carbon emissions within the U.S. market.",Equity-linked index (filtered from broader global index universe),JerBouma/FinanceDatabase indices.csv snapshot,https://github.com/JerBouma/FinanceDatabase/blob/main/database/indices.csv
00FD.Z,STX USA LO.CA.50 EW GR EO,,ZRH,Unclassified / multiple providers,United States,Equities,,"The STX USA LO.CA.50 EW GR EO Index aims to represent the performance of 50 U.S. companies with low carbon exposure, selected and equally weighted. It focuses on companies that are contributing less to carbon emissions within the U.S. market.",Equity-linked index (filtered from broader global index universe),JerBouma/FinanceDatabase indices.csv snapshot,https://github.com/JerBouma/FinanceDatabase/blob/main/database/indices.csv
00FE.Z,STX USA LO.CA.50 EW GR DL,,ZRH,Unclassified / multiple providers,United States,Equities,,"The STX USA LO.CA.50 EW GR DL Index aims to represent the performance of 50 U.S. companies with low carbon exposure, selected and equally weighted. It focuses on companies that are contributing less to carbon emissions within the U.S. market.",Equity-linked index (filtered from broader global index universe),JerBouma/FinanceDatabase indices.csv snapshot,https://github.com/JerBouma/FinanceDatabase/blob/main/database/indices.csv
00FF.Z,STX USA LOW CARB.50 PR EO,,ZRH,Unclassified / multiple providers,United States,Equities,,The STX USA LOW CARB.50 PR EO Index aims to represent the performance of 50 U.S. companies with low carbon emissions. The index selects companies with reduced carbon footprint in the U.S. market.,Equity-linked index (filtered from broader global index universe),JerBouma/FinanceDatabase indices.csv snapshot,https://github.com/JerBouma/FinanceDatabase/blob/main/database/indices.csv
00FG.Z,STX USA LOW CARB.50 PR DL,,ZRH,Unclassified / multiple providers,United States,Equities,,The STX USA LOW CARB.50 PR DL Index aims to represent the performance of 50 U.S. companies with low carbon emissions. The index selects companies with reduced carbon footprint in the U.S. market.,Equity-linked index (filtered from broader global index universe),JerBouma/FinanceDatabase indices.csv snapshot,https://github.com/JerBouma/FinanceDatabase/blob/main/database/indices.csv
00FH.Z,STX USA LOW CARB.50 NR EO,,ZRH,Unclassified / multiple providers,United States,Equities,,The STX USA LOW CARB.50 NR EO Index aims to represent the performance of 50 U.S. companies with low carbon emissions. The index selects companies with reduced carbon footprint in the U.S. market.,Equity-linked index (filtered from broader global index universe),JerBouma/FinanceDatabase indices.csv snapshot,https://github.com/JerBouma/FinanceDatabase/blob/main/database/indices.csv
00FJ.Z,STX USA LOW CARB.50 NR DL,,ZRH,Unclassified / multiple providers,United States,Equities,,The STX USA LOW CARB.50 NR DL Index aims to represent the performance of 50 U.S. companies with low carbon emissions. The index selects companies with reduced carbon footprint in the U.S. market.,Equity-linked index (filtered from broader global index universe),JerBouma/FinanceDatabase indices.csv snapshot,https://github.com/JerBouma/FinanceDatabase/blob/main/database/indices.csv
00FK.Z,STX USA LOW CARB.50 GR EO,,ZRH,Unclassified / multiple providers,United States,Equities,,The STX USA LOW CARB.50 GR EO Index aims to represent the performance of 50 U.S. companies with low carbon emissions. The index selects companies with reduced carbon footprint in the U.S. market.,Equity-linked index (filtered from broader global index universe),JerBouma/FinanceDatabase indices.csv snapshot,https://github.com/JerBouma/FinanceDatabase/blob/main/database/indices.csv
00FL.Z,STX USA LOW CARB.50 GR DL,,ZRH,Unclassified / multiple providers,United States,Equities,,The STX USA LOW CARB.50 GR DL Index aims to represent the performance of 50 U.S. companies with low carbon emissions. The index selects companies with reduced carbon footprint in the U.S. market.,Equity-linked index (filtered from broader global index universe),JerBouma/FinanceDatabase indices.csv snapshot,https://github.com/JerBouma/FinanceDatabase/blob/main/database/indices.csv
00FT.Z,STX USA REP.LO.CARB.PR EO,,ZRH,Unclassified / multiple providers,United States,Equities,Factors,"The STX USA REP.LO.CARB.PR EO Index tracks the performance of U.S. companies demonstrating low carbon exposure, with a focus on companies reporting their carbon emissions transparently. The index aims to represent companies with a commitment to reducing their carbon footprint and reporting it.",Equity-linked index (filtered from broader global index universe),JerBouma/FinanceDatabase indices.csv snapshot,https://github.com/JerBouma/FinanceDatabase/blob/main/database/indices.csv
00FU.Z,STX USA REP.LO.CARB.PR DL,,ZRH,Unclassified / multiple providers,United States,Equities,Factors,"The STX USA REP.LO.CARB.PR DL Index tracks the performance of U.S. companies demonstrating low carbon exposure, with a focus on companies reporting their carbon emissions transparently. The index aims to represent companies with a commitment to reducing their carbon footprint and reporting it.",Equity-linked index (filtered from broader global index universe),JerBouma/FinanceDatabase indices.csv snapshot,https://github.com/JerBouma/FinanceDatabase/blob/main/database/indices.csv
00FV.Z,STX USA REP.LO.CARB.NR EO,,ZRH,Unclassified / multiple providers,United States,Equities,Factors,"The STX USA REP.LO.CARB.NR EO Index tracks the performance of U.S. companies demonstrating low carbon exposure, with a focus on companies reporting their carbon emissions transparently. The index aims to represent companies with a commitment to reducing their carbon footprint and reporting it.",Equity-linked index (filtered from broader global index universe),JerBouma/FinanceDatabase indices.csv snapshot,https://github.com/JerBouma/FinanceDatabase/blob/main/database/indices.csv
00FW.Z,STX USA REP.LO.CARB.NR DL,,ZRH,Unclassified / multiple providers,United States,Equities,Factors,"The STX USA REP.LO.CARB.NR DL Index tracks the performance of U.S. companies demonstrating low carbon exposure, with a focus on companies reporting their carbon emissions transparently. The index aims to represent companies with a commitment to reducing their carbon footprint and reporting it.",Equity-linked index (filtered from broader global index universe),JerBouma/FinanceDatabase indices.csv snapshot,https://github.com/JerBouma/FinanceDatabase/blob/main/database/indices.csv
00FX.Z,STX USA REP.LO.CARB.GR EO,,ZRH,Unclassified / multiple providers,United States,Equities,Factors,"The STX USA REP.LO.CARB.GR EO Index tracks the performance of U.S. companies demonstrating low carbon exposure, with a focus on companies reporting their carbon emissions transparently. The index aims to represent companies with a commitment to reducing their carbon footprint and reporting it.",Equity-linked index (filtered from broader global index universe),JerBouma/FinanceDatabase indices.csv snapshot,https://github.com/JerBouma/FinanceDatabase/blob/main/database/indices.csv
00FY.Z,STX USA REP.LO.CARB.GR DL,,ZRH,Unclassified / multiple providers,United States,Equities,Factors,"The STX USA REP.LO.CARB.GR DL Index tracks the performance of U.S. companies demonstrating low carbon exposure, with a focus on companies reporting their carbon emissions transparently. The index aims to represent companies with a commitment to reducing their carbon footprint and reporting it.",Equity-linked index (filtered from broader global index universe),JerBouma/FinanceDatabase indices.csv snapshot,https://github.com/JerBouma/FinanceDatabase/blob/main/database/indices.csv
00FZ.Z,STX GLB.1800 LO.CAR.PR EO,,ZRH,Unclassified / multiple providers,Global,Equities,Factors,The STX GLB.1800 LO.CAR.PR EO Index aims to represent the performance of 1800 global companies with low carbon exposure. It focuses on companies that contribute less to carbon emissions on a global level.,Equity-linked index (filtered from broader global index universe),JerBouma/FinanceDatabase indices.csv snapshot,https://github.com/JerBouma/FinanceDatabase/blob/main/database/indices.csv
00H0.Z,STX ESG LD.GL.EX EZ NR EO,,ZRH,Unclassified / multiple providers,Global,Equities,Factors,"The STX ESG LD.GL.EX EZ NR EO Index aims to track the performance of global companies, excluding controversial activities and those with a low ESG (Environmental, Social, and Governance) rating. It focuses on companies demonstrating strong leadership and commitment to ESG principles.",Equity-linked index (filtered from broader global index universe),JerBouma/FinanceDatabase indices.csv snapshot,https://github.com/JerBouma/FinanceDatabase/blob/main/database/indices.csv
00H1.Z,STX ESG LD.GL.EX EZ PR EO,,ZRH,Unclassified / multiple providers,Global,Equities,Factors,"The STX ESG LD.GL.EX EZ PR EO Index aims to track the performance of global companies, excluding controversial activities and those with a low ESG (Environmental, Social, and Governance) rating. It focuses on companies demonstrating strong leadership and commitment to ESG principles.",Equity-linked index (filtered from broader global index universe),JerBouma/FinanceDatabase indices.csv snapshot,https://github.com/JerBouma/FinanceDatabase/blob/main/database/indices.csv
00H2.Z,STX ESG LD.GL.EX EZ GR EO,,ZRH,Unclassified / multiple providers,Global,Equities,Factors,"The STX ESG LD.GL.EX EZ GR EO Index aims to track the performance of global companies, excluding controversial activities and those with a low ESG (Environmental, Social, and Governance) rating. It focuses on companies demonstrating strong leadership and commitment to ESG principles.",Equity-linked index (filtered from broader global index universe),JerBouma/FinanceDatabase indices.csv snapshot,https://github.com/JerBouma/FinanceDatabase/blob/main/database/indices.csv
00H3.Z,STX ESG LD.GL.EX EZ PR DL,,ZRH,Unclassified / multiple providers,Global,Equities,Factors,"The STX ESG LD.GL.EX EZ PR DL Index aims to track the performance of global companies, excluding controversial activities and those with a low ESG (Environmental, Social, and Governance) rating. It focuses on companies demonstrating strong leadership and commitment to ESG principles.",Equity-linked index (filtered from broader global index universe),JerBouma/FinanceDatabase indices.csv snapshot,https://github.com/JerBouma/FinanceDatabase/blob/main/database/indices.csv
00H4.Z,STX ESG LD.GL.EX EZ NR DL,,ZRH,Unclassified / multiple providers,Global,Equities,Factors,"The STX ESG LD.GL.EX EZ NR DL Index aims to track the performance of global companies, excluding controversial activities and those with a low ESG (Environmental, Social, and Governance) rating. It focuses on companies demonstrating strong leadership and commitment to ESG principles.",Equity-linked index (filtered from broader global index universe),JerBouma/FinanceDatabase indices.csv snapshot,https://github.com/JerBouma/FinanceDatabase/blob/main/database/indices.csv
00H5.Z,STX ESG LD.GL.EX EZ GR DL,,ZRH,Unclassified / multiple providers,Global,Equities,Factors,"The STX ESG LD.GL.EX EZ GR DL Index aims to track the performance of global companies, excluding controversial activities and those with a low ESG (Environmental, Social, and Governance) rating. It focuses on companies demonstrating strong leadership and commitment to ESG principles.",Equity-linked index (filtered from broader global index universe),JerBouma/FinanceDatabase indices.csv snapshot,https://github.com/JerBouma/FinanceDatabase/blob/main/database/indices.csv
00H6.Z,ST ESG L.F.F.G.E.EZ NR EO,,ZRH,Unclassified / multiple providers,Unspecified / mixed,,,,Equity-linked index (filtered from broader global index universe),JerBouma/FinanceDatabase indices.csv snapshot,https://github.com/JerBouma/FinanceDatabase/blob/main/database/indices.csv
00H7.Z,ST ESG L.F.F.G.E.EZ PR EO,,ZRH,Unclassified / multiple providers,Unspecified / mixed,,,,Equity-linked index (filtered from broader global index universe),JerBouma/FinanceDatabase indices.csv snapshot,https://github.com/JerBouma/FinanceDatabase/blob/main/database/indices.csv
00H8.Z,ST ESG L.F.F.G.E.EZ GR EO,,ZRH,Unclassified / multiple providers,Unspecified / mixed,,,,Equity-linked index (filtered from broader global index universe),JerBouma/FinanceDatabase indices.csv snapshot,https://github.com/JerBouma/FinanceDatabase/blob/main/database/indices.csv
00H9.Z,ST ESG L.F.F.G.E.EZ PR DL,,ZRH,Unclassified / multiple providers,Unspecified / mixed,,,,Equity-linked index (filtered from broader global index universe),JerBouma/FinanceDatabase indices.csv snapshot,https://github.com/JerBouma/FinanceDatabase/blob/main/database/indices.csv
00HA.Z,STX GL.1800 EX EOZE.PR EO,,ZRH,Unclassified / multiple providers,Global,Equities,Factors,"The STX GL.1800 EX EOZE.PR EO Index tracks the performance of 1800 global companies, excluding specific controversial sectors and those involved in certain activities designated as EOZE (likely related to ethical or environmental exclusions). The index aims to represent companies that meet specific ethical and exclusionary criteria on a global scale.",Equity-linked index (filtered from broader global index universe),JerBouma/FinanceDatabase indices.csv snapshot,https://github.com/JerBouma/FinanceDatabase/blob/main/database/indices.csv
00HB.Z,STX GL.1800 EX EOZE.GR EO,,ZRH,Unclassified / multiple providers,Global,Equities,Factors,"The STX GL.1800 EX EOZE.GR EO Index tracks the performance of 1800 global companies, excluding specific controversial sectors and those involved in certain activities designated as EOZE (likely related to ethical or environmental exclusions). The index aims to represent companies that meet specific ethical and exclusionary criteria on a global scale.",Equity-linked index (filtered from broader global index universe),JerBouma/FinanceDatabase indices.csv snapshot,https://github.com/JerBouma/FinanceDatabase/blob/main/database/indices.csv
00HC.Z,STX GL.1800 EX EOZE.PR DL,,ZRH,Unclassified / multiple providers,Global,Equities,Factors,"The STX GL.1800 EX EOZE.PR DL Index tracks the performance of 1800 global companies, excluding specific controversial sectors and those involved in certain activities designated as EOZE (likely related to ethical or environmental exclusions). The index aims to represent companies that meet specific ethical and exclusionary criteria on a global scale.",Equity-linked index (filtered from broader global index universe),JerBouma/FinanceDatabase indices.csv snapshot,https://github.com/JerBouma/FinanceDatabase/blob/main/database/indices.csv
00HD.Z,STX GL.1800 EX EOZE.NR.DL,,ZRH,Unclassified / multiple providers,Global,Equities,Factors,"The STX GL.1800 EX EOZE.NR.DL Index tracks the performance of 1800 global companies, excluding specific controversial sectors and those involved in certain activities designated as EOZE (likely related to ethical or environmental exclusions). The index aims to represent companies that meet specific ethical and exclusionary criteria on a global scale.",Equity-linked index (filtered from broader global index universe),JerBouma/FinanceDatabase indices.csv snapshot,https://github.com/JerBouma/FinanceDatabase/blob/main/database/indices.csv
00HE.Z,STX GL.1800 EX EOZE.GR.DL,,ZRH,Unclassified / multiple providers,Global,Equities,Factors,"The STX GL.1800 EX EOZE.GR.DL Index tracks the performance of 1800 global companies, excluding specific controversial sectors and those involved in certain activities designated as EOZE (likely related to ethical or environmental exclusions). The index aims to represent companies that meet specific ethical and exclusionary criteria on a global scale.",Equity-linked index (filtered from broader global index universe),JerBouma/FinanceDatabase indices.csv snapshot,https://github.com/JerBouma/FinanceDatabase/blob/main/database/indices.csv
00HF.Z,STX GL.1800 EX EOZE.NR.EO,,ZRH,Unclassified / multiple providers,Global,Equities,Factors,"The STX GL.1800 EX EOZE.NR.EO Index tracks the performance of 1800 global companies, excluding specific controversial sectors and those involved in certain activities designated as EOZE (likely related to ethical or environmental exclusions). The index aims to represent companies that meet specific ethical and exclusionary criteria on a global scale.",Equity-linked index (filtered from broader global index universe),JerBouma/FinanceDatabase indices.csv snapshot,https://github.com/JerBouma/FinanceDatabase/blob/main/database/indices.csv
00HG.Z,EUISTX ESG CH.50 EW GR EO,,ZRH,Unclassified / multiple providers,Unspecified / mixed,Equities,Factors,"The EUISTX ESG CH.50 EW GR EO Index is designed to reflect the performance of 50 companies within Switzerland that exhibit strong Environmental, Social, and Governance (ESG) practices. The index uses an equal weighting scheme to ensure that each constituent has a similar impact on the overall performance.",Equity-linked index (filtered from broader global index universe),JerBouma/FinanceDatabase indices.csv snapshot,https://github.com/JerBouma/FinanceDatabase/blob/main/database/indices.csv
00HH.Z,EUISTX ESG CH.50 EW PR DL,,ZRH,Unclassified / multiple providers,Unspecified / mixed,Equities,Factors,"The EUISTX ESG CH.50 EW PR DL Index is designed to reflect the performance of 50 companies within Switzerland that exhibit strong Environmental, Social, and Governance (ESG) practices. The index uses an equal weighting scheme to ensure that each constituent has a similar impact on the overall performance.",Equity-linked index (filtered from broader global index universe),JerBouma/FinanceDatabase indices.csv snapshot,https://github.com/JerBouma/FinanceDatabase/blob/main/database/indices.csv
00HJ.Z,EUISTX ESG CH.50 EW NR DL,,ZRH,Unclassified / multiple providers,Unspecified / mixed,Equities,Factors,"The EUISTX ESG CH.50 EW NR DL Index is designed to reflect the performance of 50 companies within Switzerland that exhibit strong Environmental, Social, and Governance (ESG) practices. The index uses an equal weighting scheme to ensure that each constituent has a similar impact on the overall performance.",Equity-linked index (filtered from broader global index universe),JerBouma/FinanceDatabase indices.csv snapshot,https://github.com/JerBouma/FinanceDatabase/blob/main/database/indices.csv
00HK.Z,EUISTX ESG CH.50 EW GR DL,,ZRH,Unclassified / multiple providers,Unspecified / mixed,Equities,Factors,"The EUISTX ESG CH.50 EW GR DL Index is designed to reflect the performance of 50 companies within Switzerland that exhibit strong Environmental, Social, and Governance (ESG) practices. The index uses an equal weighting scheme to ensure that each constituent has a similar impact on the overall performance.",Equity-linked index (filtered from broader global index universe),JerBouma/FinanceDatabase indices.csv snapshot,https://github.com/JerBouma/FinanceDatabase/blob/main/database/indices.csv
00HL.Z,EUISTX ESG CH.50 EW PR EO,,ZRH,Unclassified / multiple providers,Unspecified / mixed,Equities,Factors,"The EUISTX ESG CH.50 EW PR EO Index is designed to reflect the performance of 50 companies within Switzerland that exhibit strong Environmental, Social, and Governance (ESG) practices. The index uses an equal weighting scheme to ensure that each constituent has a similar impact on the overall performance.",Equity-linked index (filtered from broader global index universe),JerBouma/FinanceDatabase indices.csv snapshot,https://github.com/JerBouma/FinanceDatabase/blob/main/database/indices.csv
00HM.Z,EUISTX ESG CH.50 EW NR EO,,ZRH,Unclassified / multiple providers,Unspecified / mixed,Equities,Factors,"The EUISTX ESG CH.50 EW NR EO Index is designed to reflect the performance of 50 companies within Switzerland that exhibit strong Environmental, Social, and Governance (ESG) practices. The index uses an equal weighting scheme to ensure that each constituent has a similar impact on the overall performance.",Equity-linked index (filtered from broader global index universe),JerBouma/FinanceDatabase indices.csv snapshot,https://github.com/JerBouma/FinanceDatabase/blob/main/database/indices.csv
00HN.Z,STX ESG LD.EZ NR EUR,,ZRH,Unclassified / multiple providers,Unspecified / mixed,,,,Equity-linked index (filtered from broader global index universe),JerBouma/FinanceDatabase indices.csv snapshot,https://github.com/JerBouma/FinanceDatabase/blob/main/database/indices.csv
00HP.Z,STX ESG LD.EZ PR EUR,,ZRH,Unclassified / multiple providers,Unspecified / mixed,,,,Equity-linked index (filtered from broader global index universe),JerBouma/FinanceDatabase indices.csv snapshot,https://github.com/JerBouma/FinanceDatabase/blob/main/database/indices.csv
00HQ.Z,STX ESG LD.EZ GR EUR,,ZRH,Unclassified / multiple providers,Unspecified / mixed,,Equities,,Equity-linked index (filtered from broader global index universe),JerBouma/FinanceDatabase indices.csv snapshot,https://github.com/JerBouma/FinanceDatabase/blob/main/database/indices.csv
00HR.Z,STX ESG LD.EZ PR USD,,ZRH,Unclassified / multiple providers,Unspecified / mixed,,Equities,,Equity-linked index (filtered from broader global index universe),JerBouma/FinanceDatabase indices.csv snapshot,https://github.com/JerBouma/FinanceDatabase/blob/main/database/indices.csv
00HS.Z,STX ESG LD.EZ NR USD,,ZRH,Unclassified / multiple providers,Unspecified / mixed,,Equities,,Equity-linked index (filtered from broader global index universe),JerBouma/FinanceDatabase indices.csv snapshot,https://github.com/JerBouma/FinanceDatabase/blob/main/database/indices.csv
00HT.Z,STX ESG LD.EZ GR USD,,ZRH,Unclassified / multiple providers,Unspecified / mixed,,Equities,,Equity-linked index (filtered from broader global index universe),JerBouma/FinanceDatabase indices.csv snapshot,https://github.com/JerBouma/FinanceDatabase/blob/main/database/indices.csv
00HU.Z,STX ESG LD.FO.FR.EZ NR EO,,ZRH,Unclassified / multiple providers,Unspecified / mixed,,Equities,,Equity-linked index (filtered from broader global index universe),JerBouma/FinanceDatabase indices.csv snapshot,https://github.com/JerBouma/FinanceDatabase/blob/main/database/indices.csv
00HV.Z,STX ESG LD.FO.FR.EZ PR EO,,ZRH,Unclassified / multiple providers,Unspecified / mixed,,Equities,,Equity-linked index (filtered from broader global index universe),JerBouma/FinanceDatabase indices.csv snapshot,https://github.com/JerBouma/FinanceDatabase/blob/main/database/indices.csv
00HW.Z,STX ESG LD.FO.FR.EZ GR EO,,ZRH,Unclassified / multiple providers,Unspecified / mixed,,Equities,,Equity-linked index (filtered from broader global index universe),JerBouma/FinanceDatabase indices.csv snapshot,https://github.com/JerBouma/FinanceDatabase/blob/main/database/indices.csv
00HX.Z,STX ESG LD.FO.FR.EZ PR DL,,ZRH,Unclassified / multiple providers,Unspecified / mixed,,Equities,,Equity-linked index (filtered from broader global index universe),JerBouma/FinanceDatabase indices.csv snapshot,https://github.com/JerBouma/FinanceDatabase/blob/main/database/indices.csv
00HY.Z,STX ESG LD.FO.FR.EZ NR DL,,ZRH,Unclassified / multiple providers,Unspecified / mixed,,Equities,,Equity-linked index (filtered from broader global index universe),JerBouma/FinanceDatabase indices.csv snapshot,https://github.com/JerBouma/FinanceDatabase/blob/main/database/indices.csv
00HZ.Z,STX ESG LD.FO.FR.EZ GR DL,,ZRH,Unclassified / multiple providers,Unspecified / mixed,,Equities,,Equity-linked index (filtered from broader global index universe),JerBouma/FinanceDatabase indices.csv snapshot,https://github.com/JerBouma/FinanceDatabase/blob/main/database/indices.csv
00J7.Z,STXE 600 O+G D.L.NR EO,,ZRH,Unclassified / multiple providers,Unspecified / mixed,,Equities,,Equity-linked index (filtered from broader global index universe),JerBouma/FinanceDatabase indices.csv snapshot,https://github.com/JerBouma/FinanceDatabase/blob/main/database/indices.csv
00J8.Z,STXE 600 O+G D.L.NR DL,,ZRH,Unclassified / multiple providers,Unspecified / mixed,,Equities,,Equity-linked index (filtered from broader global index universe),JerBouma/FinanceDatabase indices.csv snapshot,https://github.com/JerBouma/FinanceDatabase/blob/main/database/indices.csv
00J9.Z,STXE 600 BANKS D.L.NR EO,,ZRH,Unclassified / multiple providers,Unspecified / mixed,,Equities,,Equity-linked index (filtered from broader global index universe),JerBouma/FinanceDatabase indices.csv snapshot,https://github.com/JerBouma/FinanceDatabase/blob/main/database/indices.csv
00JA.Z,STXE LR100 NR USD,,ZRH,Unclassified / multiple providers,Unspecified / mixed,Equities,Equities,,Equity-linked index (filtered from broader global index universe),JerBouma/FinanceDatabase indices.csv snapshot,https://github.com/JerBouma/FinanceDatabase/blob/main/database/indices.csv
00JB.Z,STXE LR100 PR EUR,,ZRH,Unclassified / multiple providers,Unspecified / mixed,Equities,Equities,,Equity-linked index (filtered from broader global index universe),JerBouma/FinanceDatabase indices.csv snapshot,https://github.com/JerBouma/FinanceDatabase/blob/main/database/indices.csv
00JC.Z,STXE LR100 PR USD,,ZRH,Unclassified / multiple providers,Unspecified / mixed,Equities,Equities,,Equity-linked index (filtered from broader global index universe),JerBouma/FinanceDatabase indices.csv snapshot,https://github.com/JerBouma/FinanceDatabase/blob/main/database/indices.csv
00JD.Z,STXE LR200 GR EUR,,ZRH,Unclassified / multiple providers,Unspecified / mixed,Equities,Equities,,Equity-linked index (filtered from broader global index universe),JerBouma/FinanceDatabase indices.csv snapshot,https://github.com/JerBouma/FinanceDatabase/blob/main/database/indices.csv
00JE.Z,STXE LR200 GR USD,,ZRH,Unclassified / multiple providers,Unspecified / mixed,Equities,Equities,,Equity-linked index (filtered from broader global index universe),JerBouma/FinanceDatabase indices.csv snapshot,https://github.com/JerBouma/FinanceDatabase/blob/main/database/indices.csv
00JF.Z,STXE LR200 NR EUR,,ZRH,Unclassified / multiple providers,Unspecified / mixed,Equities,Equities,,Equity-linked index (filtered from broader global index universe),JerBouma/FinanceDatabase indices.csv snapshot,https://github.com/JerBouma/FinanceDatabase/blob/main/database/indices.csv
00JG.Z,STXE LR200 NR USD,,ZRH,Unclassified / multiple providers,Unspecified / mixed,Equities,Equities,,Equity-linked index (filtered from broader global index universe),JerBouma/FinanceDatabase indices.csv snapshot,https://github.com/JerBouma/FinanceDatabase/blob/main/database/indices.csv
00JH.Z,STXE LR200 PR EUR,,ZRH,Unclassified / multiple providers,Europe,Equities,Equities,"The STXE LR200 PR EUR Index represents the performance of the 200 largest companies in the Eurozone, as measured by free-float market capitalization. The index is price return, meaning it does not include dividend payments in its calculation, and is denominated in EUR. It serves as a benchmark for large-cap Eurozone equities.",Equity-linked index (filtered from broader global index universe),JerBouma/FinanceDatabase indices.csv snapshot,https://github.com/JerBouma/FinanceDatabase/blob/main/database/indices.csv
00JJ.Z,STXE LR200 PR USD,,ZRH,Unclassified / multiple providers,Europe,Equities,Equities,"The STXE LR200 PR USD Index tracks the performance of the 200 largest companies in the Eurozone, based on free-float market capitalization. This index is a price return index, so it does not include dividends, and it is denominated in USD. It provides a benchmark for large-cap Eurozone equities for investors using USD.",Equity-linked index (filtered from broader global index universe),JerBouma/FinanceDatabase indices.csv snapshot,https://github.com/JerBouma/FinanceDatabase/blob/main/database/indices.csv
00JK.Z,STXE LR300 GR EUR,,ZRH,Unclassified / multiple providers,Europe,Equities,Equities,"The STXE LR300 GR EUR Index measures the performance of the 300 largest companies in the Eurozone, based on free-float market capitalization. The index is a gross return index, meaning it includes dividend payments in its calculation, and it is denominated in EUR. It's designed to reflect the total return of large and mid-cap Eurozone equities.",Equity-linked index (filtered from broader global index universe),JerBouma/FinanceDatabase indices.csv snapshot,https://github.com/JerBouma/FinanceDatabase/blob/main/database/indices.csv
00JL.Z,STXE LR300 GR USD,,ZRH,Unclassified / multiple providers,Europe,Equities,Equities,"The STXE LR300 GR USD Index tracks the performance of the 300 largest companies in the Eurozone, based on free-float market capitalization. The index is a gross return index, meaning it includes dividend payments in its calculation, and it is denominated in USD. This serves as a benchmark for the total return of large and mid-cap Eurozone equities from a USD perspective.",Equity-linked index (filtered from broader global index universe),JerBouma/FinanceDatabase indices.csv snapshot,https://github.com/JerBouma/FinanceDatabase/blob/main/database/indices.csv
00JM.Z,STXE LR300 NR EUR,,ZRH,Unclassified / multiple providers,Europe,Equities,Equities,"The STXE LR300 NR EUR Index tracks the performance of the 300 largest companies in the Eurozone, based on free-float market capitalization. The index is a net return index, which means dividends are included after the deduction of withholding taxes, and is denominated in EUR. It aims to represent the return to investors after taxes on dividends from large and mid-cap Eurozone equities.",Equity-linked index (filtered from broader global index universe),JerBouma/FinanceDatabase indices.csv snapshot,https://github.com/JerBouma/FinanceDatabase/blob/main/database/indices.csv
00JN.Z,STXE LR300 NR USD,,ZRH,Unclassified / multiple providers,Europe,Equities,Equities,"The STXE LR300 NR USD Index measures the performance of the 300 largest companies in the Eurozone, based on free-float market capitalization. The index is a net return index, meaning dividends are included after deduction of withholding taxes, and is denominated in USD. It serves as a benchmark for the after-tax returns of large and mid-cap Eurozone equities for investors using USD.",Equity-linked index (filtered from broader global index universe),JerBouma/FinanceDatabase indices.csv snapshot,https://github.com/JerBouma/FinanceDatabase/blob/main/database/indices.csv
00JP.Z,STXE LR300 PR EUR,,ZRH,Unclassified / multiple providers,Europe,Equities,Equities,"The STXE LR300 PR EUR Index measures the performance of the 300 largest companies in the Eurozone, based on free-float market capitalization. This index is a price return index, so it does not include dividends, and it is denominated in EUR. It is designed to track the capital appreciation of large and mid-cap Eurozone equities.",Equity-linked index (filtered from broader global index universe),JerBouma/FinanceDatabase indices.csv snapshot,https://github.com/JerBouma/FinanceDatabase/blob/main/database/indices.csv
00JQ.Z,STXE LR300 PR USD,,ZRH,Unclassified / multiple providers,Europe,Equities,Equities,"The STXE LR300 PR USD Index tracks the performance of the 300 largest companies in the Eurozone, based on free-float market capitalization. This index is a price return index, meaning it does not include dividends, and it is denominated in USD. It serves as a benchmark for the capital appreciation of large and mid-cap Eurozone equities from a USD perspective.",Equity-linked index (filtered from broader global index universe),JerBouma/FinanceDatabase indices.csv snapshot,https://github.com/JerBouma/FinanceDatabase/blob/main/database/indices.csv
00JR.Z,ESTX LR50 GR EUR,,ZRH,Unclassified / multiple providers,Europe,Equities,Equities,"The ESTX LR50 GR EUR Index measures the performance of the 50 largest companies in the Eurozone, based on free-float market capitalization. The index is a gross return index, meaning it includes dividend payments in its calculation, and is denominated in EUR. It serves as a benchmark for the total return of the largest Eurozone equities.",Equity-linked index (filtered from broader global index universe),JerBouma/FinanceDatabase indices.csv snapshot,https://github.com/JerBouma/FinanceDatabase/blob/main/database/indices.csv
00JS.Z,ESTX LR50 GR USD,,ZRH,Unclassified / multiple providers,Europe,Equities,Equities,"The ESTX LR50 GR USD Index tracks the performance of the 50 largest companies in the Eurozone, based on free-float market capitalization. The index is a gross return index, meaning it includes dividend payments in its calculation, and it is denominated in USD. It provides a benchmark for the total return of the largest Eurozone equities for investors using USD.",Equity-linked index (filtered from broader global index universe),JerBouma/FinanceDatabase indices.csv snapshot,https://github.com/JerBouma/FinanceDatabase/blob/main/database/indices.csv
00K0.Z,ISTX M.G.EX A.Q.150 NR AD,,ZRH,Unclassified / multiple providers,Unspecified / mixed,,Equities,,Equity-linked index (filtered from broader global index universe),JerBouma/FinanceDatabase indices.csv snapshot,https://github.com/JerBouma/FinanceDatabase/blob/main/database/indices.csv
00K1.Z,ISTX M.G.EX A.Q.150 GR AD,,ZRH,Unclassified / multiple providers,Unspecified / mixed,,Equities,,Equity-linked index (filtered from broader global index universe),JerBouma/FinanceDatabase indices.csv snapshot,https://github.com/JerBouma/FinanceDatabase/blob/main/database/indices.csv
00K5.Z,E.ISTX SM.QU.MVD.50 PR EO,EUR,ZRH,Unclassified / multiple providers,Unspecified / mixed,,Equities,,Equity-linked index (filtered from broader global index universe),JerBouma/FinanceDatabase indices.csv snapshot,https://github.com/JerBouma/FinanceDatabase/blob/main/database/indices.csv
00K6.Z,EU.ISTX 50 DEC.4.75 PR EO,,ZRH,Unclassified / multiple providers,Unspecified / mixed,,Equities,,Equity-linked index (filtered from broader global index universe),JerBouma/FinanceDatabase indices.csv snapshot,https://github.com/JerBouma/FinanceDatabase/blob/main/database/indices.csv
00K7.Z,EURO ISTX 50 DEC. 5 PR EO,,ZRH,Unclassified / multiple providers,Europe,,Equities,,Equity-linked index (filtered from broader global index universe),JerBouma/FinanceDatabase indices.csv snapshot,https://github.com/JerBouma/FinanceDatabase/blob/main/database/indices.csv
00K8.Z,EU.ISTX 50 EW 4.75 PR EO,,ZRH,Unclassified / multiple providers,Unspecified / mixed,,Equities,,Equity-linked index (filtered from broader global index universe),JerBouma/FinanceDatabase indices.csv snapshot,https://github.com/JerBouma/FinanceDatabase/blob/main/database/indices.csv
00KA.Z,ISTX MUTB GL.QU.150 NR DL,,ZRH,Unclassified / multiple providers,Unspecified / mixed,,Equities,,Equity-linked index (filtered from broader global index universe),JerBouma/FinanceDatabase indices.csv snapshot,https://github.com/JerBouma/FinanceDatabase/blob/main/database/indices.csv
00KC.Z,ISTX MUTB GL.QU.150 PR YN,,ZRH,Unclassified / multiple providers,Unspecified / mixed,,Equities,,Equity-linked index (filtered from broader global index universe),JerBouma/FinanceDatabase indices.csv snapshot,https://github.com/JerBouma/FinanceDatabase/blob/main/database/indices.csv
00KD.Z,ISTX MUTB GL.QU.150 NR YN,,ZRH,Unclassified / multiple providers,Unspecified / mixed,,Equities,,Equity-linked index (filtered from broader global index universe),JerBouma/FinanceDatabase indices.csv snapshot,https://github.com/JerBouma/FinanceDatabase/blob/main/database/indices.csv
00KE.Z,ISTX MUTB GL.QU.150 GR YN,,ZRH,Unclassified / multiple providers,Unspecified / mixed,,Equities,,Equity-linked index (filtered from broader global index universe),JerBouma/FinanceDatabase indices.csv snapshot,https://github.com/JerBouma/FinanceDatabase/blob/main/database/indices.csv
00KF.Z,ISTX MUTB GL.QU.150 PR AD,,ZRH,Unclassified / multiple providers,Unspecified / mixed,,Equities,,Equity-linked index (filtered from broader global index universe),JerBouma/FinanceDatabase indices.csv snapshot,https://github.com/JerBouma/FinanceDatabase/blob/main/database/indices.csv
00KG.Z,ISTX MUTB GL.QU.150 NR AD,,ZRH,Unclassified / multiple providers,Unspecified / mixed,,Equities,,Equity-linked index (filtered from broader global index universe),JerBouma/FinanceDatabase indices.csv snapshot,https://github.com/JerBouma/FinanceDatabase/blob/main/database/indices.csv
00KJ.Z,ISTX M.G.EX J.Q.150 PR EO,,ZRH,Unclassified / multiple providers,Unspecified / mixed,,Equities,,Equity-linked index (filtered from broader global index universe),JerBouma/FinanceDatabase indices.csv snapshot,https://github.com/JerBouma/FinanceDatabase/blob/main/database/indices.csv
00KK.Z,ISTX M.G.EX J.Q.150 NR EO,,ZRH,Unclassified / multiple providers,Unspecified / mixed,,Equities,,Equity-linked index (filtered from broader global index universe),JerBouma/FinanceDatabase indices.csv snapshot,https://github.com/JerBouma/FinanceDatabase/blob/main/database/indices.csv
00KL.Z,ISTX M.G.EX J.Q.150 GR EO,,ZRH,Unclassified / multiple providers,Unspecified / mixed,,Equities,,Equity-linked index (filtered from broader global index universe),JerBouma/FinanceDatabase indices.csv snapshot,https://github.com/JerBouma/FinanceDatabase/blob/main/database/indices.csv
00KM.Z,ISTX M.G.EX J.Q.150 PR DL,,ZRH,Unclassified / multiple providers,Unspecified / mixed,,Equities,,Equity-linked index (filtered from broader global index universe),JerBouma/FinanceDatabase indices.csv snapshot,https://github.com/JerBouma/FinanceDatabase/blob/main/database/indices.csv
00KN.Z,ISTX M.G.EX J.Q.150 NR DL,,ZRH,Unclassified / multiple providers,Unspecified / mixed,,Equities,,Equity-linked index (filtered from broader global index universe),JerBouma/FinanceDatabase indices.csv snapshot,https://github.com/JerBouma/FinanceDatabase/blob/main/database/indices.csv
00KP.Z,ISTX M.G.EX J.Q.150 GR DL,,ZRH,Unclassified / multiple providers,Unspecified / mixed,,Equities,,Equity-linked index (filtered from broader global index universe),JerBouma/FinanceDatabase indices.csv snapshot,https://github.com/JerBouma/FinanceDatabase/blob/main/database/indices.csv
00KQ.Z,ISTX M.G.EX J.Q.150 PR YN,,ZRH,Unclassified / multiple providers,Unspecified / mixed,,Equities,,Equity-linked index (filtered from broader global index universe),JerBouma/FinanceDatabase indices.csv snapshot,https://github.com/JerBouma/FinanceDatabase/blob/main/database/indices.csv
00KR.Z,ISTX M.G.EX J.Q.150 NR YN,,ZRH,Unclassified / multiple providers,Unspecified / mixed,,Equities,,Equity-linked index (filtered from broader global index universe),JerBouma/FinanceDatabase indices.csv snapshot,https://github.com/JerBouma/FinanceDatabase/blob/main/database/indices.csv
00KS.Z,ISTX M.G.EX J.Q.150 GR YN,,ZRH,Unclassified / multiple providers,Unspecified / mixed,,Equities,,Equity-linked index (filtered from broader global index universe),JerBouma/FinanceDatabase indices.csv snapshot,https://github.com/JerBouma/FinanceDatabase/blob/main/database/indices.csv
00KT.Z,ISTX M.G.EX A.Q.150 PR EO,,ZRH,Unclassified / multiple providers,Unspecified / mixed,,Equities,,Equity-linked index (filtered from broader global index universe),JerBouma/FinanceDatabase indices.csv snapshot,https://github.com/JerBouma/FinanceDatabase/blob/main/database/indices.csv
00KU.Z,ISTX M.G.EX A.Q.150 NR EO,,ZRH,Unclassified / multiple providers,Unspecified / mixed,,Equities,,Equity-linked index (filtered from broader global index universe),JerBouma/FinanceDatabase indices.csv snapshot,https://github.com/JerBouma/FinanceDatabase/blob/main/database/indices.csv
00KV.Z,ISTX M.G.EX A.Q.150 GR EO,,ZRH,Unclassified / multiple providers,Unspecified / mixed,,Equities,,Equity-linked index (filtered from broader global index universe),JerBouma/FinanceDatabase indices.csv snapshot,https://github.com/JerBouma/FinanceDatabase/blob/main/database/indices.csv
00KW.Z,ISTX M.G.EX A.Q.150 PR DL,,ZRH,Unclassified / multiple providers,Unspecified / mixed,,Equities,,Equity-linked index (filtered from broader global index universe),JerBouma/FinanceDatabase indices.csv snapshot,https://github.com/JerBouma/FinanceDatabase/blob/main/database/indices.csv
00KX.Z,ISTX M.G.EX A.Q.150 NR DL,,ZRH,Unclassified / multiple providers,Unspecified / mixed,,Equities,,Equity-linked index (filtered from broader global index universe),JerBouma/FinanceDatabase indices.csv snapshot,https://github.com/JerBouma/FinanceDatabase/blob/main/database/indices.csv
00KY.Z,ISTX M.G.EX A.Q.150 GR DL,,ZRH,Unclassified / multiple providers,Unspecified / mixed,,Equities,,Equity-linked index (filtered from broader global index universe),JerBouma/FinanceDatabase indices.csv snapshot,https://github.com/JerBouma/FinanceDatabase/blob/main/database/indices.csv
00KZ.Z,ISTX M.G.EX A.Q.150 PR AD,,ZRH,Unclassified / multiple providers,Unspecified / mixed,,Equities,,Equity-linked index (filtered from broader global index universe),JerBouma/FinanceDatabase indices.csv snapshot,https://github.com/JerBouma/FinanceDatabase/blob/main/database/indices.csv
00O0.Z,EO ISTX 50 DLY.SH.NR EUR,,ZRH,Unclassified / multiple providers,Unspecified / mixed,,Equities,,Equity-linked index (filtered from broader global index universe),JerBouma/FinanceDatabase indices.csv snapshot,https://github.com/JerBouma/FinanceDatabase/blob/main/database/indices.csv
00O1.Z,EO ISTX 50 DLY.SH.GR EUR,,ZRH,Unclassified / multiple providers,Unspecified / mixed,,Equities,,Equity-linked index (filtered from broader global index universe),JerBouma/FinanceDatabase indices.csv snapshot,https://github.com/JerBouma/FinanceDatabase/blob/main/database/indices.csv
00O2.Z,EO ISTX 50 DLY.SH.PR USD,,ZRH,Unclassified / multiple providers,Unspecified / mixed,,Equities,,Equity-linked index (filtered from broader global index universe),JerBouma/FinanceDatabase indices.csv snapshot,https://github.com/JerBouma/FinanceDatabase/blob/main/database/indices.csv
00O3.Z,EO ISTX 50 DLY.SH.NR USD,,ZRH,Unclassified / multiple providers,Unspecified / mixed,,Equities,,Equity-linked index (filtered from broader global index universe),JerBouma/FinanceDatabase indices.csv snapshot,https://github.com/JerBouma/FinanceDatabase/blob/main/database/indices.csv
00O4.Z,EO ISTX 50 DLY.SH.GR USD,,ZRH,Unclassified / multiple providers,Unspecified / mixed,,Equities,,Equity-linked index (filtered from broader global index universe),JerBouma/FinanceDatabase indices.csv snapshot,https://github.com/JerBouma/FinanceDatabase/blob/main/database/indices.csv
00O5.Z,EU.ISTX 50 EW NR DEC.5 PR,,ZRH,Unclassified / multiple providers,Unspecified / mixed,,Equities,,Equity-linked index (filtered from broader global index universe),JerBouma/FinanceDatabase indices.csv snapshot,https://github.com/JerBouma/FinanceDatabase/blob/main/database/indices.csv
00O6.Z,ISTX EU.DIS 30 NR D.50 EO,,ZRH,Unclassified / multiple providers,Unspecified / mixed,,Equities,,Equity-linked index (filtered from broader global index universe),JerBouma/FinanceDatabase indices.csv snapshot,https://github.com/JerBouma/FinanceDatabase/blob/main/database/indices.csv
00O7.Z,ISTX GL.DIS 30 NR D.50 EO,,ZRH,Unclassified / multiple providers,Unspecified / mixed,,Equities,,Equity-linked index (filtered from broader global index universe),JerBouma/FinanceDatabase indices.csv snapshot,https://github.com/JerBouma/FinanceDatabase/blob/main/database/indices.csv
00OC.Z,ISTOXX EUROPEAN 100 GR DL,,ZRH,STOXX,Europe,,Equities,,Equity-linked index (filtered from broader global index universe),JerBouma/FinanceDatabase indices.csv snapshot,https://github.com/JerBouma/FinanceDatabase/blob/main/database/indices.csv
00OE.Z,ISTX EU.100 GR D.50 PR EO,,ZRH,Unclassified / multiple providers,Unspecified / mixed,,Equities,,Equity-linked index (filtered from broader global index universe),JerBouma/FinanceDatabase indices.csv snapshot,https://github.com/JerBouma/FinanceDatabase/blob/main/database/indices.csv
00OF.Z,EU.ISTX 25 C.E.W.NR D.5.5,,ZRH,Unclassified / multiple providers,Unspecified / mixed,,Equities,,Equity-linked index (filtered from broader global index universe),JerBouma/FinanceDatabase indices.csv snapshot,https://github.com/JerBouma/FinanceDatabase/blob/main/database/indices.csv
00OG.Z,EISTX 50 MON.HED.PR KRW,,ZRH,Unclassified / multiple providers,Unspecified / mixed,,Equities,,Equity-linked index (filtered from broader global index universe),JerBouma/FinanceDatabase indices.csv snapshot,https://github.com/JerBouma/FinanceDatabase/blob/main/database/indices.csv
00OH.Z,ESTX 50 SH.STR.TR EUR,,ZRH,Unclassified / multiple providers,Unspecified / mixed,,Equities,,Equity-linked index (filtered from broader global index universe),JerBouma/FinanceDatabase indices.csv snapshot,https://github.com/JerBouma/FinanceDatabase/blob/main/database/indices.csv
00OK.Z,IS.EUR.600 ENE.EX.CO.D.50,,ZRH,Unclassified / multiple providers,Unspecified / mixed,,Equities,,Equity-linked index (filtered from broader global index universe),JerBouma/FinanceDatabase indices.csv snapshot,https://github.com/JerBouma/FinanceDatabase/blob/main/database/indices.csv
00OL.Z,IST.EUR.600 R.-ES.GRC.50,,ZRH,Unclassified / multiple providers,Unspecified / mixed,,Equities,,Equity-linked index (filtered from broader global index universe),JerBouma/FinanceDatabase indices.csv snapshot,https://github.com/JerBouma/FinanceDatabase/blob/main/database/indices.csv
00OM.Z,STX GL.AUT.+ROB TTM PR YN,,ZRH,Unclassified / multiple providers,Unspecified / mixed,,Equities,,Equity-linked index (filtered from broader global index universe),JerBouma/FinanceDatabase indices.csv snapshot,https://github.com/JerBouma/FinanceDatabase/blob/main/database/indices.csv
00ON.Z,STX GL.AUT.+ROB TTM NR YN,,ZRH,Unclassified / multiple providers,Unspecified / mixed,,Equities,,Equity-linked index (filtered from broader global index universe),JerBouma/FinanceDatabase indices.csv snapshot,https://github.com/JerBouma/FinanceDatabase/blob/main/database/indices.csv
00OP.Z,EISTX 50 NR DECR.5P PR EO,,ZRH,Unclassified / multiple providers,Unspecified / mixed,,Equities,,Equity-linked index (filtered from broader global index universe),JerBouma/FinanceDatabase indices.csv snapshot,https://github.com/JerBouma/FinanceDatabase/blob/main/database/indices.csv
00OQ.Z,EISTX 50 Q.EURKRW A.PR EO,,ZRH,Unclassified / multiple providers,Unspecified / mixed,,Equities,,Equity-linked index (filtered from broader global index universe),JerBouma/FinanceDatabase indices.csv snapshot,https://github.com/JerBouma/FinanceDatabase/blob/main/database/indices.csv
00OR.Z,"EISTX 50 NR IN.0,69 NR EO",,ZRH,Unclassified / multiple providers,Unspecified / mixed,,Equities,,Equity-linked index (filtered from broader global index universe),JerBouma/FinanceDatabase indices.csv snapshot,https://github.com/JerBouma/FinanceDatabase/blob/main/database/indices.csv
00OS.Z,"IS.EU.600 NR IN.0,38NR EO",,ZRH,Unclassified / multiple providers,Unspecified / mixed,,Equities,,Equity-linked index (filtered from broader global index universe),JerBouma/FinanceDatabase indices.csv snapshot,https://github.com/JerBouma/FinanceDatabase/blob/main/database/indices.csv
00OT.Z,GARI EMU LOW BETA NR EUR,,ZRH,Unclassified / multiple providers,Unspecified / mixed,,Equities,,Equity-linked index (filtered from broader global index universe),JerBouma/FinanceDatabase indices.csv snapshot,https://github.com/JerBouma/FinanceDatabase/blob/main/database/indices.csv
00OU.Z,EISTX EQ.IN.50 EW NR DE.5,,ZRH,Unclassified / multiple providers,Unspecified / mixed,,Equities,,Equity-linked index (filtered from broader global index universe),JerBouma/FinanceDatabase indices.csv snapshot,https://github.com/JerBouma/FinanceDatabase/blob/main/database/indices.csv
00OV.Z,EISTX ENV.50 EQ.WE.NR.D.5,,ZRH,Unclassified / multiple providers,Unspecified / mixed,,Equities,,Equity-linked index (filtered from broader global index universe),JerBouma/FinanceDatabase indices.csv snapshot,https://github.com/JerBouma/FinanceDatabase/blob/main/database/indices.csv
00OW.Z,E.IST 50 GR DE.3.75 PR EO,,ZRH,Unclassified / multiple providers,Unspecified / mixed,,Equities,,Equity-linked index (filtered from broader global index universe),JerBouma/FinanceDatabase indices.csv snapshot,https://github.com/JerBouma/FinanceDatabase/blob/main/database/indices.csv
00OX.Z,IS.GL.MI.RI.CO.5.RV ER DL,,ZRH,Unclassified / multiple providers,Unspecified / mixed,,Equities,,Equity-linked index (filtered from broader global index universe),JerBouma/FinanceDatabase indices.csv snapshot,https://github.com/JerBouma/FinanceDatabase/blob/main/database/indices.csv
00OY.Z,IS.GL.MI.RI.CO.5.RV TR DL,,ZRH,Unclassified / multiple providers,Unspecified / mixed,,Equities,,Equity-linked index (filtered from broader global index universe),JerBouma/FinanceDatabase indices.csv snapshot,https://github.com/JerBouma/FinanceDatabase/blob/main/database/indices.csv
00OZ.Z,I.M.G.E.J.Q.150 M.H.PR YN,,ZRH,Unclassified / multiple providers,Unspecified / mixed,,Equities,,Equity-linked index (filtered from broader global index universe),JerBouma/FinanceDatabase indices.csv snapshot,https://github.com/JerBouma/FinanceDatabase/blob/main/database/indices.csv
00PA.Z,STXE 600 BANKS D.L.NR DL,,ZRH,Unclassified / multiple providers,Unspecified / mixed,Equities,Equities,,Equity-linked index (filtered from broader global index universe),JerBouma/FinanceDatabase indices.csv snapshot,https://github.com/JerBouma/FinanceDatabase/blob/main/database/indices.csv
00PB.Z,STXE 600 BA.RE.D.L.NR EO,,ZRH,Unclassified / multiple providers,Unspecified / mixed,Equities,Equities,,Equity-linked index (filtered from broader global index universe),JerBouma/FinanceDatabase indices.csv snapshot,https://github.com/JerBouma/FinanceDatabase/blob/main/database/indices.csv
00PC.Z,STXE 600 BA.RE.D.L.NR DL,,ZRH,Unclassified / multiple providers,Unspecified / mixed,Equities,Equities,,Equity-linked index (filtered from broader global index universe),JerBouma/FinanceDatabase indices.csv snapshot,https://github.com/JerBouma/FinanceDatabase/blob/main/database/indices.csv
00PL.Z,IST.EU.600 L.V.AD.B.NR EO,,ZRH,Unclassified / multiple providers,Unspecified / mixed,Equities,Equities,,Equity-linked index (filtered from broader global index universe),JerBouma/FinanceDatabase indices.csv snapshot,https://github.com/JerBouma/FinanceDatabase/blob/main/database/indices.csv
00Y5.Z,STXE600 B.R.DL.L.3 NR EO,,ZRH,Unclassified / multiple providers,Unspecified / mixed,Equities,Equities,,Equity-linked index (filtered from broader global index universe),JerBouma/FinanceDatabase indices.csv snapshot,https://github.com/JerBouma/FinanceDatabase/blob/main/database/indices.csv
00Y6.Z,STXE600 B.R.DL.S.3 GR EO,,ZRH,Unclassified / multiple providers,Unspecified / mixed,Equities,Equities,,Equity-linked index (filtered from broader global index universe),JerBouma/FinanceDatabase indices.csv snapshot,https://github.com/JerBouma/FinanceDatabase/blob/main/database/indices.csv
00Y7.Z,STXE600 BK.DL.LE.3 NR EO,,ZRH,Unclassified / multiple providers,Unspecified / mixed,Equities,Equities,,Equity-linked index (filtered from broader global index universe),JerBouma/FinanceDatabase indices.csv snapshot,https://github.com/JerBouma/FinanceDatabase/blob/main/database/indices.csv
00Y8.Z,STXE600 BK.DLY.S.3 GR EO,,ZRH,Unclassified / multiple providers,Unspecified / mixed,Equities,Equities,,Equity-linked index (filtered from broader global index universe),JerBouma/FinanceDatabase indices.csv snapshot,https://github.com/JerBouma/FinanceDatabase/blob/main/database/indices.csv
00Y9.Z,STXE600 DLY.LEV.3 NR EO,,ZRH,Unclassified / multiple providers,Unspecified / mixed,Equities,Equities,,Equity-linked index (filtered from broader global index universe),JerBouma/FinanceDatabase indices.csv snapshot,https://github.com/JerBouma/FinanceDatabase/blob/main/database/indices.csv
00YT.Z,ISTX EU.LO.V.W.120 NR EUR,,ZRH,Unclassified / multiple providers,Unspecified / mixed,Equities,Equities,,Equity-linked index (filtered from broader global index universe),JerBouma/FinanceDatabase indices.csv snapshot,https://github.com/JerBouma/FinanceDatabase/blob/main/database/indices.csv
00YU.Z,ISTX EU.LO.V.W.120 NR USD,,ZRH,Unclassified / multiple providers,Unspecified / mixed,Equities,Equities,,Equity-linked index (filtered from broader global index universe),JerBouma/FinanceDatabase indices.csv snapshot,https://github.com/JerBouma/FinanceDatabase/blob/main/database/indices.csv
00ZA.Z,STXE600 DLY.SH.3 GR EO,,ZRH,Unclassified / multiple providers,Unspecified / mixed,Equities,Equities,,Equity-linked index (filtered from broader global index universe),JerBouma/FinanceDatabase indices.csv snapshot,https://github.com/JerBouma/FinanceDatabase/blob/main/database/indices.csv
00ZB.Z,ESTX BKS.DLY.LEV.3 NR EO,,ZRH,Unclassified / multiple providers,Unspecified / mixed,Equities,Equities,,Equity-linked index (filtered from broader global index universe),JerBouma/FinanceDatabase indices.csv snapshot,https://github.com/JerBouma/FinanceDatabase/blob/main/database/indices.csv
00ZC.Z,ESTX BANKS DLY.SH.3 GR EO,,ZRH,Unclassified / multiple providers,Europe,Equities,Derivatives,"The ESTX Banks Daily Short 3x Gross Return EUR Index aims to provide three times the inverse of the daily performance of the EURO STOXX Banks Index, before fees and taxes. It reflects a short exposure to the banking sector within the Eurozone. The gross return calculation includes reinvestment of dividends.",Equity-linked index (filtered from broader global index universe),JerBouma/FinanceDatabase indices.csv snapshot,https://github.com/JerBouma/FinanceDatabase/blob/main/database/indices.csv
00ZD.Z,STX GLB. 3D PRINT. PR EO,,ZRH,Unclassified / multiple providers,Global,Equities,Technology,"The STOXX Global 3D Printing Price EUR Index tracks the performance of companies worldwide that are active in the 3D printing industry. It represents the price return of these companies, without including dividend payments. The index serves as a benchmark for investment in the 3D printing sector.",Equity-linked index (filtered from broader global index universe),JerBouma/FinanceDatabase indices.csv snapshot,https://github.com/JerBouma/FinanceDatabase/blob/main/database/indices.csv
00ZE.Z,STX GLB. 3D PRINT. NR EO,,ZRH,Unclassified / multiple providers,Global,Equities,Technology,"The STOXX Global 3D Printing Net Return EUR Index tracks the performance of companies worldwide that are active in the 3D printing industry. It represents the net return of these companies, including dividends after the deduction of withholding taxes. The index serves as a benchmark for investment in the 3D printing sector.",Equity-linked index (filtered from broader global index universe),JerBouma/FinanceDatabase indices.csv snapshot,https://github.com/JerBouma/FinanceDatabase/blob/main/database/indices.csv
00ZF.Z,STX GLB. 3D PRINT. GR EO,,ZRH,Unclassified / multiple providers,Global,Equities,Technology,"The STOXX Global 3D Printing Gross Return EUR Index tracks the performance of companies worldwide that are active in the 3D printing industry. It represents the gross return of these companies, including dividends before the deduction of withholding taxes. The index serves as a benchmark for investment in the 3D printing sector.",Equity-linked index (filtered from broader global index universe),JerBouma/FinanceDatabase indices.csv snapshot,https://github.com/JerBouma/FinanceDatabase/blob/main/database/indices.csv
00ZG.Z,STX GLB. 3D PRINT. PR DL,,ZRH,Unclassified / multiple providers,Global,Equities,Technology,"The STOXX Global 3D Printing Price USD Index tracks the performance of companies worldwide that are active in the 3D printing industry. It represents the price return of these companies, without including dividend payments, and is denominated in USD. The index serves as a benchmark for investment in the 3D printing sector.",Equity-linked index (filtered from broader global index universe),JerBouma/FinanceDatabase indices.csv snapshot,https://github.com/JerBouma/FinanceDatabase/blob/main/database/indices.csv
00ZH.Z,STX GLB. 3D PRINT. NR DL,,ZRH,Unclassified / multiple providers,Global,Equities,Technology,"The STOXX Global 3D Printing Net Return USD Index tracks the performance of companies worldwide that are active in the 3D printing industry. It represents the net return of these companies, including dividends after the deduction of withholding taxes, and is denominated in USD. The index serves as a benchmark for investment in the 3D printing sector.",Equity-linked index (filtered from broader global index universe),JerBouma/FinanceDatabase indices.csv snapshot,https://github.com/JerBouma/FinanceDatabase/blob/main/database/indices.csv
00ZJ.Z,STX GLB. 3D PRINT. GR DL,,ZRH,Unclassified / multiple providers,Global,Equities,Technology,"The STOXX Global 3D Printing Gross Return USD Index tracks the performance of companies worldwide that are active in the 3D printing industry. It represents the gross return of these companies, including dividends before the deduction of withholding taxes, and is denominated in USD. The index serves as a benchmark for investment in the 3D printing sector.",Equity-linked index (filtered from broader global index universe),JerBouma/FinanceDatabase indices.csv snapshot,https://github.com/JerBouma/FinanceDatabase/blob/main/database/indices.csv
01A0.Z,I.M.G.E.J.Q.150 M.H.NR YN,,ZRH,Unclassified / multiple providers,Unspecified / mixed,,,,Equity-linked index (filtered from broader global index universe),JerBouma/FinanceDatabase indices.csv snapshot,https://github.com/JerBouma/FinanceDatabase/blob/main/database/indices.csv
01A1.Z,I.M.G.E.J.Q.150 M.H.GR YN,,ZRH,Unclassified / multiple providers,Unspecified / mixed,,,,Equity-linked index (filtered from broader global index universe),JerBouma/FinanceDatabase indices.csv snapshot,https://github.com/JerBouma/FinanceDatabase/blob/main/database/indices.csv
01A2.Z,S.G.ESG L.S.50 RC10 TR EO,,ZRH,Unclassified / multiple providers,Unspecified / mixed,,,,Equity-linked index (filtered from broader global index universe),JerBouma/FinanceDatabase indices.csv snapshot,https://github.com/JerBouma/FinanceDatabase/blob/main/database/indices.csv
01A3.Z,"EISTX 50 L.CAR.NR D.3,75",,ZRH,Unclassified / multiple providers,Unspecified / mixed,,,,Equity-linked index (filtered from broader global index universe),JerBouma/FinanceDatabase indices.csv snapshot,https://github.com/JerBouma/FinanceDatabase/blob/main/database/indices.csv
01A5.Z,EISTX 50 H.D.35 ER PR SW,,ZRH,Unclassified / multiple providers,Unspecified / mixed,,,,Equity-linked index (filtered from broader global index universe),JerBouma/FinanceDatabase indices.csv snapshot,https://github.com/JerBouma/FinanceDatabase/blob/main/database/indices.csv
01A7.Z,STX GLB.1800 DLY HE.GR EO,,ZRH,Unclassified / multiple providers,Global,Equities,Equities,"The STOXX Global 1800 Daily Hedged Gross Return EUR Index aims to hedge the currency exposure of the STOXX Global 1800 Index on a daily basis. It represents the gross return, including dividends, before deduction of withholding taxes, for the global equity market. The index provides exposure to global equities while mitigating currency risk for EUR investors.",Equity-linked index (filtered from broader global index universe),JerBouma/FinanceDatabase indices.csv snapshot,https://github.com/JerBouma/FinanceDatabase/blob/main/database/indices.csv
01A8.Z,STX GLB.1800 DLY HE.NR EO,,ZRH,Unclassified / multiple providers,Global,Equities,Equities,"The STOXX Global 1800 Daily Hedged Net Return EUR Index aims to hedge the currency exposure of the STOXX Global 1800 Index on a daily basis. It represents the net return, including dividends after deduction of withholding taxes, for the global equity market. The index provides exposure to global equities while mitigating currency risk for EUR investors.",Equity-linked index (filtered from broader global index universe),JerBouma/FinanceDatabase indices.csv snapshot,https://github.com/JerBouma/FinanceDatabase/blob/main/database/indices.csv
01A9.Z,STX GLB.1800 DLY HE.PR EO,,ZRH,Unclassified / multiple providers,Global,Equities,Equities,"The STOXX Global 1800 Daily Hedged Price Return EUR Index aims to hedge the currency exposure of the STOXX Global 1800 Index on a daily basis. It represents the price return of the global equity market, excluding dividends. The index provides exposure to global equities while mitigating currency risk for EUR investors.",Equity-linked index (filtered from broader global index universe),JerBouma/FinanceDatabase indices.csv snapshot,https://github.com/JerBouma/FinanceDatabase/blob/main/database/indices.csv
01AA.Z,EISTX50 ER 1.2 MO.L.PR SW,,ZRH,Unclassified / multiple providers,Unspecified / mixed,,,,Equity-linked index (filtered from broader global index universe),JerBouma/FinanceDatabase indices.csv snapshot,https://github.com/JerBouma/FinanceDatabase/blob/main/database/indices.csv
01AB.Z,IS.TR.ESG 100 EQ.WE.GR.EO,,ZRH,Unclassified / multiple providers,Unspecified / mixed,,,,Equity-linked index (filtered from broader global index universe),JerBouma/FinanceDatabase indices.csv snapshot,https://github.com/JerBouma/FinanceDatabase/blob/main/database/indices.csv
01AC.Z,IS.TR.ESG 100 E.W.D.PR.EO,,ZRH,Unclassified / multiple providers,Unspecified / mixed,,,,Equity-linked index (filtered from broader global index universe),JerBouma/FinanceDatabase indices.csv snapshot,https://github.com/JerBouma/FinanceDatabase/blob/main/database/indices.csv
01AD.Z,EISTX ESG CH.50 EW.N.DE.4,,ZRH,Unclassified / multiple providers,Unspecified / mixed,,,,Equity-linked index (filtered from broader global index universe),JerBouma/FinanceDatabase indices.csv snapshot,https://github.com/JerBouma/FinanceDatabase/blob/main/database/indices.csv
01AE.Z,EISTX.EQ.I.ESG 30 NR.DE.4,,ZRH,Unclassified / multiple providers,Unspecified / mixed,,,,Equity-linked index (filtered from broader global index universe),JerBouma/FinanceDatabase indices.csv snapshot,https://github.com/JerBouma/FinanceDatabase/blob/main/database/indices.csv
01AF.Z,EISTX.EQ.I.ESG 30 NR.DE.5,,ZRH,Unclassified / multiple providers,Unspecified / mixed,,,,Equity-linked index (filtered from broader global index universe),JerBouma/FinanceDatabase indices.csv snapshot,https://github.com/JerBouma/FinanceDatabase/blob/main/database/indices.csv
01AG.Z,EISTX.50.CA.AD.GR DE.5 EO,,ZRH,Unclassified / multiple providers,Unspecified / mixed,,,,Equity-linked index (filtered from broader global index universe),JerBouma/FinanceDatabase indices.csv snapshot,https://github.com/JerBouma/FinanceDatabase/blob/main/database/indices.csv
01AM.Z,ISTX MGE AQL150M.H.PR AD,,ZRH,Unclassified / multiple providers,Unspecified / mixed,,,,Equity-linked index (filtered from broader global index universe),JerBouma/FinanceDatabase indices.csv snapshot,https://github.com/JerBouma/FinanceDatabase/blob/main/database/indices.csv
01AN.Z,ISTX MGE AQL150M.H.NR AD,,ZRH,Unclassified / multiple providers,Unspecified / mixed,,,,Equity-linked index (filtered from broader global index universe),JerBouma/FinanceDatabase indices.csv snapshot,https://github.com/JerBouma/FinanceDatabase/blob/main/database/indices.csv
01AP.Z,ISTX MGE AQL150M.H.GR AD,,ZRH,Unclassified / multiple providers,Unspecified / mixed,,,,Equity-linked index (filtered from broader global index universe),JerBouma/FinanceDatabase indices.csv snapshot,https://github.com/JerBouma/FinanceDatabase/blob/main/database/indices.csv
01AQ.Z,"IS.G.T.S.30 N.D.4,5 PREO",,ZRH,Unclassified / multiple providers,Unspecified / mixed,,,,Equity-linked index (filtered from broader global index universe),JerBouma/FinanceDatabase indices.csv snapshot,https://github.com/JerBouma/FinanceDatabase/blob/main/database/indices.csv
01AR.Z,EISTX S.D.30F.R.D.5 PR EO,,ZRH,Unclassified / multiple providers,Unspecified / mixed,,,,Equity-linked index (filtered from broader global index universe),JerBouma/FinanceDatabase indices.csv snapshot,https://github.com/JerBouma/FinanceDatabase/blob/main/database/indices.csv
01AS.Z,IST.G.S.D.100F.R.D5 PR EO,,ZRH,Unclassified / multiple providers,Unspecified / mixed,,,,Equity-linked index (filtered from broader global index universe),JerBouma/FinanceDatabase indices.csv snapshot,https://github.com/JerBouma/FinanceDatabase/blob/main/database/indices.csv
01AT.Z,EI.50 N.DE.120 SW H.TR SW,,ZRH,Unclassified / multiple providers,Unspecified / mixed,,,,Equity-linked index (filtered from broader global index universe),JerBouma/FinanceDatabase indices.csv snapshot,https://github.com/JerBouma/FinanceDatabase/blob/main/database/indices.csv
01AU.Z,EISTX 50 NR DEC.120 TR EO,,ZRH,Unclassified / multiple providers,Unspecified / mixed,,,,Equity-linked index (filtered from broader global index universe),JerBouma/FinanceDatabase indices.csv snapshot,https://github.com/JerBouma/FinanceDatabase/blob/main/database/indices.csv
01AY.Z,STX GL.AUT.+ROB TTM GR YN,,ZRH,Unclassified / multiple providers,Global,Equities,Technology,The index tracks the performance of companies that are leaders in the automation and robotics industry. It considers factors like innovation and growth potential within the global market. The index is gross return and denominated in YN.,Equity-linked index (filtered from broader global index universe),JerBouma/FinanceDatabase indices.csv snapshot,https://github.com/JerBouma/FinanceDatabase/blob/main/database/indices.csv
01E0.Z,ESTX IND.GOODS+SER.GR EUR,,ZRH,Unclassified / multiple providers,Europe,Industrials,Industrials,"The EURO STOXX Industrial Goods & Services Gross Return EUR Index tracks the performance of companies in the industrial goods and services sector within the Eurozone. It represents the gross return, including dividends, before deduction of withholding taxes, for this specific industry. The index serves as a benchmark for investment in the Eurozone industrial sector.",Equity-linked index (filtered from broader global index universe),JerBouma/FinanceDatabase indices.csv snapshot,https://github.com/JerBouma/FinanceDatabase/blob/main/database/indices.csv
01E1.Z,STXE L.200 RC 10 RV NR EO,,ZRH,Unclassified / multiple providers,Unspecified / mixed,Equities,,,Equity-linked index (filtered from broader global index universe),JerBouma/FinanceDatabase indices.csv snapshot,https://github.com/JerBouma/FinanceDatabase/blob/main/database/indices.csv
01E2.Z,STXE L.200 RC 15 RV NR EO,,ZRH,Unclassified / multiple providers,Unspecified / mixed,Equities,,,Equity-linked index (filtered from broader global index universe),JerBouma/FinanceDatabase indices.csv snapshot,https://github.com/JerBouma/FinanceDatabase/blob/main/database/indices.csv
01E3.Z,STXE L.200 RC 20 RV NR EO,,ZRH,Unclassified / multiple providers,Unspecified / mixed,Equities,,,Equity-linked index (filtered from broader global index universe),JerBouma/FinanceDatabase indices.csv snapshot,https://github.com/JerBouma/FinanceDatabase/blob/main/database/indices.csv
01E4.Z,STXE LG.200 RC 5 RV NR EO,,ZRH,Unclassified / multiple providers,Unspecified / mixed,Equities,,,Equity-linked index (filtered from broader global index universe),JerBouma/FinanceDatabase indices.csv snapshot,https://github.com/JerBouma/FinanceDatabase/blob/main/database/indices.csv
01E5.Z,STXE600 O+G DL.3 SH.GR EO,,ZRH,Unclassified / multiple providers,Unspecified / mixed,Energy,,,Equity-linked index (filtered from broader global index universe),JerBouma/FinanceDatabase indices.csv snapshot,https://github.com/JerBouma/FinanceDatabase/blob/main/database/indices.csv
01E6.Z,STXE600 O+G D.3.LEV.NR EO,,ZRH,Unclassified / multiple providers,Unspecified / mixed,Energy,,,Equity-linked index (filtered from broader global index universe),JerBouma/FinanceDatabase indices.csv snapshot,https://github.com/JerBouma/FinanceDatabase/blob/main/database/indices.csv
01E7.Z,STXE600 IG.+S.D.2 L.NR EO,,ZRH,Unclassified / multiple providers,Unspecified / mixed,Equities,,,Equity-linked index (filtered from broader global index universe),JerBouma/FinanceDatabase indices.csv snapshot,https://github.com/JerBouma/FinanceDatabase/blob/main/database/indices.csv
01E8.Z,STX GL.3D PRI.PU.PL.PR EO,,ZRH,Unclassified / multiple providers,Global,Equities,Technology,"The STX GL.3D PRI.PU.PL.PR EO index tracks the performance of a global equity portfolio using a specific investment strategy potentially related to price, momentum, or other factors, and is priced in EUR. It is a price return index, meaning it does not account for dividend payments. The index uses a proprietary methodology.",Equity-linked index (filtered from broader global index universe),JerBouma/FinanceDatabase indices.csv snapshot,https://github.com/JerBouma/FinanceDatabase/blob/main/database/indices.csv
01E9.Z,STX GL.3D PRI.PU.PL.NR EO,,ZRH,Unclassified / multiple providers,Global,Equities,Technology,"The STX GL.3D PRI.PU.PL.NR EO index tracks the performance of a global equity portfolio using a specific investment strategy potentially related to price, momentum, or other factors, and is priced in EUR. It is a net return index, meaning it accounts for dividend payments after the deduction of withholding taxes. The index uses a proprietary methodology.",Equity-linked index (filtered from broader global index universe),JerBouma/FinanceDatabase indices.csv snapshot,https://github.com/JerBouma/FinanceDatabase/blob/main/database/indices.csv
01EJ.Z,ESTX CONST.+MAT. GR EUR,,ZRH,Unclassified / multiple providers,Europe,Materials,Materials,"The EURO STOXX Construction & Materials Gross Return EUR Index tracks the performance of companies in the construction and materials sector within the Eurozone. It represents the gross return, including dividends, before deduction of withholding taxes, for this specific industry. The index serves as a benchmark for investment in the Eurozone construction and materials sector.",Equity-linked index (filtered from broader global index universe),JerBouma/FinanceDatabase indices.csv snapshot,https://github.com/JerBouma/FinanceDatabase/blob/main/database/indices.csv
01EK.Z,ESTX FIN.SERVICES GR EUR,,ZRH,Unclassified / multiple providers,Europe,Financials,Financials,"The EURO STOXX Financial Services Gross Return EUR Index tracks the performance of companies in the financial services sector within the Eurozone. It represents the gross return, including dividends, before deduction of withholding taxes, for this specific industry. The index serves as a benchmark for investment in the Eurozone financial services sector.",Equity-linked index (filtered from broader global index universe),JerBouma/FinanceDatabase indices.csv snapshot,https://github.com/JerBouma/FinanceDatabase/blob/main/database/indices.csv
01EL.Z,ESTX FOOD + BEV. GR EUR,,ZRH,Unclassified / multiple providers,Europe,Consumer Staples,Consumer Staples,"The EURO STOXX Food & Beverage Gross Return EUR Index tracks the performance of companies in the food and beverage sector within the Eurozone. It represents the gross return, including dividends, before deduction of withholding taxes, for this specific industry. The index serves as a benchmark for investment in the Eurozone food and beverage sector.",Equity-linked index (filtered from broader global index universe),JerBouma/FinanceDatabase indices.csv snapshot,https://github.com/JerBouma/FinanceDatabase/blob/main/database/indices.csv
01EY.Z,ESTX 50 BUYWRITE100 PR EO,,ZRH,Unclassified / multiple providers,Europe,Equities,Derivatives,The ESTX 50 BUYWRITE100 PR EO Index tracks the performance of a buy-write strategy on the Euro Stoxx 50 Index. The strategy involves holding the underlying stocks of the Euro Stoxx 50 and selling covered call options on the index. The index is price return.,Equity-linked index (filtered from broader global index universe),JerBouma/FinanceDatabase indices.csv snapshot,https://github.com/JerBouma/FinanceDatabase/blob/main/database/indices.csv
01EZ.Z,ESTX 50 BUYWRITE100 NR EO,,ZRH,Unclassified / multiple providers,Europe,Equities,Derivatives,The ESTX 50 BUYWRITE100 NR EO Index tracks the performance of a buy-write strategy on the Euro Stoxx 50 Index. The strategy involves holding the underlying stocks of the Euro Stoxx 50 and selling covered call options on the index. The index is net return.,Equity-linked index (filtered from broader global index universe),JerBouma/FinanceDatabase indices.csv snapshot,https://github.com/JerBouma/FinanceDatabase/blob/main/database/indices.csv
01GA.Z,ST ESG L.F.F.G.E.EZ NR DL,,ZRH,Unclassified / multiple providers,Unspecified / mixed,Equities,Factors,"The ST ESG L.F.F.G.E.EZ NR DL index tracks the performance of companies exhibiting certain Environmental, Social, and Governance (ESG) characteristics, and incorporates factors related to labour, fair business practices, governance, environmental concerns, and ease of doing business. It is a net return index, meaning it accounts for dividend payments after the deduction of withholding taxes, and is denominated in dollars. The index uses a proprietary methodology.",Equity-linked index (filtered from broader global index universe),JerBouma/FinanceDatabase indices.csv snapshot,https://github.com/JerBouma/FinanceDatabase/blob/main/database/indices.csv
01GB.Z,ST ESG L.F.F.G.E.EZ GR DL,,ZRH,Unclassified / multiple providers,Unspecified / mixed,Equities,Factors,"The ST ESG L.F.F.G.E.EZ GR DL index tracks the performance of companies exhibiting certain Environmental, Social, and Governance (ESG) characteristics, and incorporates factors related to labour, fair business practices, governance, environmental concerns, and ease of doing business. It is a gross return index, meaning it accounts for dividend payments without deducting withholding taxes, and is denominated in dollars. The index uses a proprietary methodology.",Equity-linked index (filtered from broader global index universe),JerBouma/FinanceDatabase indices.csv snapshot,https://github.com/JerBouma/FinanceDatabase/blob/main/database/indices.csv
01GC.Z,EISTX EQ.IND.ESG 30 PR EO,,ZRH,Unclassified / multiple providers,Unspecified / mixed,Equities,Equities,"The index is designed to represent equity indices with an environmental, social, and governance (ESG) profile. It consists of 30 stocks. The index is price return and denominated in EUR.",Equity-linked index (filtered from broader global index universe),JerBouma/FinanceDatabase indices.csv snapshot,https://github.com/JerBouma/FinanceDatabase/blob/main/database/indices.csv
01GD.Z,EISTX EQ.IND.ESG 30 NR EO,,ZRH,Unclassified / multiple providers,Unspecified / mixed,Equities,Equities,"The index is designed to represent equity indices with an environmental, social, and governance (ESG) profile. It consists of 30 stocks. The index is net return and denominated in EUR.",Equity-linked index (filtered from broader global index universe),JerBouma/FinanceDatabase indices.csv snapshot,https://github.com/JerBouma/FinanceDatabase/blob/main/database/indices.csv
01GE.Z,EISTX EQ.IND.ESG 30 GR EO,,ZRH,Unclassified / multiple providers,Unspecified / mixed,Equities,Equities,"The index is designed to represent equity indices with an environmental, social, and governance (ESG) profile. It consists of 30 stocks. The index is gross return and denominated in EUR.",Equity-linked index (filtered from broader global index universe),JerBouma/FinanceDatabase indices.csv snapshot,https://github.com/JerBouma/FinanceDatabase/blob/main/database/indices.csv
01GF.Z,EISTX EQ.IND.ESG 30 PR DL,,ZRH,Unclassified / multiple providers,Unspecified / mixed,Equities,Equities,"The index is designed to represent equity indices with an environmental, social, and governance (ESG) profile. It consists of 30 stocks. The index is price return and denominated in USD.",Equity-linked index (filtered from broader global index universe),JerBouma/FinanceDatabase indices.csv snapshot,https://github.com/JerBouma/FinanceDatabase/blob/main/database/indices.csv
01GG.Z,EISTX EQ.IND.ESG 30 NR DL,,ZRH,Unclassified / multiple providers,Unspecified / mixed,Equities,Equities,"The index is designed to represent equity indices with an environmental, social, and governance (ESG) profile. It consists of 30 stocks. The index is net return and denominated in USD.",Equity-linked index (filtered from broader global index universe),JerBouma/FinanceDatabase indices.csv snapshot,https://github.com/JerBouma/FinanceDatabase/blob/main/database/indices.csv
01GH.Z,EISTX EQ.IND.ESG 30 GR DL,,ZRH,Unclassified / multiple providers,Unspecified / mixed,Equities,Equities,"The index is designed to represent equity indices with an environmental, social, and governance (ESG) profile. It consists of 30 stocks. The index is gross return and denominated in USD.",Equity-linked index (filtered from broader global index universe),JerBouma/FinanceDatabase indices.csv snapshot,https://github.com/JerBouma/FinanceDatabase/blob/main/database/indices.csv
01GJ.Z,EU.ISTX 50 CARB.ADA.PR DL,,ZRH,Unclassified / multiple providers,Europe,Equities,Equities,The EU.ISTX 50 CARB.ADA.PR DL Index aims to track the performance of Euro Stoxx 50 companies with an adjustment based on their carbon emissions. The index uses a carbon emissions intensity score to adjust the weights of the constituents within the Euro Stoxx 50. The index is price return.,Equity-linked index (filtered from broader global index universe),JerBouma/FinanceDatabase indices.csv snapshot,https://github.com/JerBouma/FinanceDatabase/blob/main/database/indices.csv
01GK.Z,EU.ISTX 50 CARB.ADA.NR DL,,ZRH,Unclassified / multiple providers,Europe,Equities,Equities,The EU.ISTX 50 CARB.ADA.NR DL Index aims to track the performance of Euro Stoxx 50 companies with an adjustment based on their carbon emissions. The index uses a carbon emissions intensity score to adjust the weights of the constituents within the Euro Stoxx 50. The index is net return.,Equity-linked index (filtered from broader global index universe),JerBouma/FinanceDatabase indices.csv snapshot,https://github.com/JerBouma/FinanceDatabase/blob/main/database/indices.csv
01GL.Z,EU.ISTX 50 CARB.ADA.GR DL,,ZRH,Unclassified / multiple providers,Europe,Equities,Equities,The EU.ISTX 50 CARB.ADA.GR DL Index aims to track the performance of Euro Stoxx 50 companies with an adjustment based on their carbon emissions. The index uses a carbon emissions intensity score to adjust the weights of the constituents within the Euro Stoxx 50. The index is gross return.,Equity-linked index (filtered from broader global index universe),JerBouma/FinanceDatabase indices.csv snapshot,https://github.com/JerBouma/FinanceDatabase/blob/main/database/indices.csv
01GM.Z,EU.ISTX 50 CARB.ADA.PR EO,,ZRH,Unclassified / multiple providers,Europe,Equities,Equities,The EU.ISTX 50 CARB.ADA.PR EO Index aims to track the performance of Euro Stoxx 50 companies with an adjustment based on their carbon emissions. The index uses a carbon emissions intensity score to adjust the weights of the constituents within the Euro Stoxx 50. The index is price return.,Equity-linked index (filtered from broader global index universe),JerBouma/FinanceDatabase indices.csv snapshot,https://github.com/JerBouma/FinanceDatabase/blob/main/database/indices.csv
01GN.Z,EU.ISTX 50 CARB.ADA.NR EO,,ZRH,Unclassified / multiple providers,Europe,Equities,Equities,The EU.ISTX 50 CARB.ADA.NR EO Index aims to track the performance of Euro Stoxx 50 companies with an adjustment based on their carbon emissions. The index uses a carbon emissions intensity score to adjust the weights of the constituents within the Euro Stoxx 50. The index is net return.,Equity-linked index (filtered from broader global index universe),JerBouma/FinanceDatabase indices.csv snapshot,https://github.com/JerBouma/FinanceDatabase/blob/main/database/indices.csv
01GP.Z,EU.ISTX 50 CARB.ADA.GR EO,,ZRH,Unclassified / multiple providers,Europe,Equities,Equities,The EU.ISTX 50 CARB.ADA.GR EO Index aims to track the performance of Euro Stoxx 50 companies with an adjustment based on their carbon emissions. The index uses a carbon emissions intensity score to adjust the weights of the constituents within the Euro Stoxx 50. The index is gross return.,Equity-linked index (filtered from broader global index universe),JerBouma/FinanceDatabase indices.csv snapshot,https://github.com/JerBouma/FinanceDatabase/blob/main/database/indices.csv
01GQ.Z,CH0492933707,,ZRH,Unclassified / multiple providers,Unspecified / mixed,,,,Equity-linked index (filtered from broader global index universe),JerBouma/FinanceDatabase indices.csv snapshot,https://github.com/JerBouma/FinanceDatabase/blob/main/database/indices.csv
01GR.Z,ISTX GL.RE.WA.M.S30 NR DL,,ZRH,Unclassified / multiple providers,Global,Real Estate,REITs,"The ISTX GL.RE.WA.M.S30 NR DL Index is designed to represent the performance of 30 of the largest and most liquid Real Estate companies worldwide, selected according to free-float market capitalization. Companies are weighted according to free-float market capitalization with a 10% cap. The index is net return.",Equity-linked index (filtered from broader global index universe),JerBouma/FinanceDatabase indices.csv snapshot,https://github.com/JerBouma/FinanceDatabase/blob/main/database/indices.csv
01GS.Z,ISTX GL.RE.WA.M.S30 GR DL,,ZRH,Unclassified / multiple providers,Global,Real Estate,REITs,"The ISTX GL.RE.WA.M.S30 GR DL Index is designed to represent the performance of 30 of the largest and most liquid Real Estate companies worldwide, selected according to free-float market capitalization. Companies are weighted according to free-float market capitalization with a 10% cap. The index is gross return.",Equity-linked index (filtered from broader global index universe),JerBouma/FinanceDatabase indices.csv snapshot,https://github.com/JerBouma/FinanceDatabase/blob/main/database/indices.csv
01GT.Z,ISTX GL.RE.WA.M.S30 PR EO,,ZRH,Unclassified / multiple providers,Global,Real Estate,REITs,"The ISTX GL.RE.WA.M.S30 PR EO Index is designed to represent the performance of 30 of the largest and most liquid Real Estate companies worldwide, selected according to free-float market capitalization. Companies are weighted according to free-float market capitalization with a 10% cap. The index is price return.",Equity-linked index (filtered from broader global index universe),JerBouma/FinanceDatabase indices.csv snapshot,https://github.com/JerBouma/FinanceDatabase/blob/main/database/indices.csv
01GU.Z,ISTX GL.RE.WA.M.S30 NR EO,,ZRH,Unclassified / multiple providers,Global,Real Estate,REITs,"The ISTX GL.RE.WA.M.S30 NR EO Index is designed to represent the performance of 30 of the largest and most liquid Real Estate companies worldwide, selected according to free-float market capitalization. Companies are weighted according to free-float market capitalization with a 10% cap. The index is net return.",Equity-linked index (filtered from broader global index universe),JerBouma/FinanceDatabase indices.csv snapshot,https://github.com/JerBouma/FinanceDatabase/blob/main/database/indices.csv
01GV.Z,ISTX GL.RE.WA.M.S30 GR EO,,ZRH,Unclassified / multiple providers,Global,Real Estate,REITs,"The ISTX GL.RE.WA.M.S30 GR EO Index is designed to represent the performance of 30 of the largest and most liquid Real Estate companies worldwide, selected according to free-float market capitalization. Companies are weighted according to free-float market capitalization with a 10% cap. The index is gross return.",Equity-linked index (filtered from broader global index universe),JerBouma/FinanceDatabase indices.csv snapshot,https://github.com/JerBouma/FinanceDatabase/blob/main/database/indices.csv
01GW.Z,ISTX GL.RE.WA.M.S30 PR DL,,ZRH,Unclassified / multiple providers,Global,Real Estate,REITs,"The ISTX GL.RE.WA.M.S30 PR DL Index is designed to represent the performance of 30 of the largest and most liquid Real Estate companies worldwide, selected according to free-float market capitalization. Companies are weighted according to free-float market capitalization with a 10% cap. The index is price return.",Equity-linked index (filtered from broader global index universe),JerBouma/FinanceDatabase indices.csv snapshot,https://github.com/JerBouma/FinanceDatabase/blob/main/database/indices.csv
01O4.Z,STOXX GLOB.N.GE.TE.NR EUR,,ZRH,STOXX,Global,Equities,Technology,The index aims to represent the performance of global companies involved in Next Generation Technologies. The index is net return and denominated in EUR.,Equity-linked index (filtered from broader global index universe),JerBouma/FinanceDatabase indices.csv snapshot,https://github.com/JerBouma/FinanceDatabase/blob/main/database/indices.csv
01O5.Z,STOXX GLOB.N.GE.TE.GR EUR,,ZRH,STOXX,Global,Equities,Technology,The index aims to represent the performance of global companies involved in Next Generation Technologies. The index is gross return and denominated in EUR.,Equity-linked index (filtered from broader global index universe),JerBouma/FinanceDatabase indices.csv snapshot,https://github.com/JerBouma/FinanceDatabase/blob/main/database/indices.csv
01O6.Z,STOXX GLOB.N.GE.TE.NR USD,,ZRH,STOXX,Global,Equities,Technology,The index aims to represent the performance of global companies involved in Next Generation Technologies. The index is net return and denominated in USD.,Equity-linked index (filtered from broader global index universe),JerBouma/FinanceDatabase indices.csv snapshot,https://github.com/JerBouma/FinanceDatabase/blob/main/database/indices.csv
01O7.Z,STOXX GLOB.N.GE.TE.GR USD,,ZRH,STOXX,Global,Equities,Technology,The index aims to represent the performance of global companies involved in Next Generation Technologies. The index is gross return and denominated in USD.,Equity-linked index (filtered from broader global index universe),JerBouma/FinanceDatabase indices.csv snapshot,https://github.com/JerBouma/FinanceDatabase/blob/main/database/indices.csv
01O8.Z,STOXX GLOB.N.GE.TE.PR EUR,,ZRH,STOXX,Global,Equities,Technology,The index aims to represent the performance of global companies involved in Next Generation Technologies. The index is price return and denominated in EUR.,Equity-linked index (filtered from broader global index universe),JerBouma/FinanceDatabase indices.csv snapshot,https://github.com/JerBouma/FinanceDatabase/blob/main/database/indices.csv
01O9.Z,STOXX GLOB.N.GE.TE.PR USD,,ZRH,STOXX,Global,Equities,Technology,The index aims to represent the performance of global companies involved in Next Generation Technologies. The index is price return and denominated in USD.,Equity-linked index (filtered from broader global index universe),JerBouma/FinanceDatabase indices.csv snapshot,https://github.com/JerBouma/FinanceDatabase/blob/main/database/indices.csv
01OM.Z,CH0500515728,,ZRH,Unclassified / multiple providers,Unspecified / mixed,,,,Equity-linked index (filtered from broader global index universe),JerBouma/FinanceDatabase indices.csv snapshot,https://github.com/JerBouma/FinanceDatabase/blob/main/database/indices.csv
01ON.Z,CH0500515710,,ZRH,Unclassified / multiple providers,Unspecified / mixed,,,,Equity-linked index (filtered from broader global index universe),JerBouma/FinanceDatabase indices.csv snapshot,https://github.com/JerBouma/FinanceDatabase/blob/main/database/indices.csv
01OP.Z,CH0500515678,,ZRH,Unclassified / multiple providers,Unspecified / mixed,,,,Equity-linked index (filtered from broader global index universe),JerBouma/FinanceDatabase indices.csv snapshot,https://github.com/JerBouma/FinanceDatabase/blob/main/database/indices.csv
01OQ.Z,CH0500515702,,ZRH,Unclassified / multiple providers,Unspecified / mixed,,,,Equity-linked index (filtered from broader global index universe),JerBouma/FinanceDatabase indices.csv snapshot,https://github.com/JerBouma/FinanceDatabase/blob/main/database/indices.csv
01OR.Z,CH0500515686,,ZRH,Unclassified / multiple providers,Unspecified / mixed,,,,Equity-linked index (filtered from broader global index universe),JerBouma/FinanceDatabase indices.csv snapshot,https://github.com/JerBouma/FinanceDatabase/blob/main/database/indices.csv
01OS.Z,CH0500515694,,ZRH,Unclassified / multiple providers,Unspecified / mixed,,,,Equity-linked index (filtered from broader global index universe),JerBouma/FinanceDatabase indices.csv snapshot,https://github.com/JerBouma/FinanceDatabase/blob/main/database/indices.csv
01OU.Z,IXETMFdPC CHF P,,ZRH,Unclassified / multiple providers,Unspecified / mixed,Equities,Trading,The IXETMFdPC CHF P is an index that represents the performance of a portfolio. The index is denominated in CHF and is a price return index.,Equity-linked index (filtered from broader global index universe),JerBouma/FinanceDatabase indices.csv snapshot,https://github.com/JerBouma/FinanceDatabase/blob/main/database/indices.csv
01OV.Z,IXETMFdPC CHF NR,,ZRH,Unclassified / multiple providers,Unspecified / mixed,Equities,Trading,The IXETMFdPC CHF NR is an index that represents the performance of a portfolio. The index is denominated in CHF and is a net return index.,Equity-linked index (filtered from broader global index universe),JerBouma/FinanceDatabase indices.csv snapshot,https://github.com/JerBouma/FinanceDatabase/blob/main/database/indices.csv
01OX.Z,IXETMFdPC CHF GR,,ZRH,Unclassified / multiple providers,Unspecified / mixed,Equities,Trading,The IXETMFdPC CHF GR is an index that represents the performance of a portfolio. The index is denominated in CHF and is a gross return index.,Equity-linked index (filtered from broader global index universe),JerBouma/FinanceDatabase indices.csv snapshot,https://github.com/JerBouma/FinanceDatabase/blob/main/database/indices.csv
01OY.Z,ESTX 50 REALIZ.DISP.PR EO,,ZRH,Unclassified / multiple providers,Europe,Equities,Derivatives,The ESTX 50 REALIZ.DISP.PR EO index measures the performance of a strategy that dynamically allocates between the EURO STOXX 50 Index and a risk-free asset based on realized dispersion. The strategy aims to reduce volatility compared to a pure equity investment in the EURO STOXX 50. The index is price return.,Equity-linked index (filtered from broader global index universe),JerBouma/FinanceDatabase indices.csv snapshot,https://github.com/JerBouma/FinanceDatabase/blob/main/database/indices.csv
01Q1.Z,STX G.1800E.J.M.V.U.PR EO,,ZRH,Unclassified / multiple providers,Global,Equities,Factors,"The STX G.1800E.J.M.V.U.PR EO index tracks the performance of a global equity portfolio derived from the STOXX Global 1800 index, incorporating factors like value, momentum, and potentially others indicated by the letters J, M, V, and U. It is a price return index, meaning it does not account for dividend payments, and is priced in EUR. The index uses a proprietary methodology.",Equity-linked index (filtered from broader global index universe),JerBouma/FinanceDatabase indices.csv snapshot,https://github.com/JerBouma/FinanceDatabase/blob/main/database/indices.csv
01Q2.Z,STX G.1800E.J.M.V.U.GR DL,,ZRH,Unclassified / multiple providers,Global,Equities,Factors,"The STX G.1800E.J.M.V.U.GR DL index tracks the performance of a global equity portfolio derived from the STOXX Global 1800 index, incorporating factors like value, momentum, and potentially others indicated by the letters J, M, V, and U. It is a gross return index, meaning it accounts for dividend payments without deducting withholding taxes, and is denominated in dollars. The index uses a proprietary methodology.",Equity-linked index (filtered from broader global index universe),JerBouma/FinanceDatabase indices.csv snapshot,https://github.com/JerBouma/FinanceDatabase/blob/main/database/indices.csv
01Q3.Z,STX G.1800E.J.M.V.U.NR DL,,ZRH,Unclassified / multiple providers,Global,Equities,Factors,"The STX G.1800E.J.M.V.U.NR DL index tracks the performance of a global equity portfolio derived from the STOXX Global 1800 index, incorporating factors like value, momentum, and potentially others indicated by the letters J, M, V, and U. It is a net return index, meaning it accounts for dividend payments after the deduction of withholding taxes, and is denominated in dollars. The index uses a proprietary methodology.",Equity-linked index (filtered from broader global index universe),JerBouma/FinanceDatabase indices.csv snapshot,https://github.com/JerBouma/FinanceDatabase/blob/main/database/indices.csv
01Q4.Z,STX G.1800E.J.M.V.U.PR DL,,ZRH,Unclassified / multiple providers,Global,Equities,Factors,"The STX G.1800E.J.M.V.U.PR DL index tracks the performance of a global equity portfolio derived from the STOXX Global 1800 index, incorporating factors like value, momentum, and potentially others indicated by the letters J, M, V, and U. It is a price return index, meaning it does not account for dividend payments, and is denominated in dollars. The index uses a proprietary methodology.",Equity-linked index (filtered from broader global index universe),JerBouma/FinanceDatabase indices.csv snapshot,https://github.com/JerBouma/FinanceDatabase/blob/main/database/indices.csv
01Q5.Z,STX G.1800E.J.M.V.U.GR YN,,ZRH,Unclassified / multiple providers,Global,Equities,Factors,"The STX G.1800E.J.M.V.U.GR YN index tracks the performance of a global equity portfolio derived from the STOXX Global 1800 index, incorporating factors like value, momentum, and potentially others indicated by the letters J, M, V, and U. It is a gross return index, meaning it accounts for dividend payments without deducting withholding taxes and is denominated in Yen. The index uses a proprietary methodology.",Equity-linked index (filtered from broader global index universe),JerBouma/FinanceDatabase indices.csv snapshot,https://github.com/JerBouma/FinanceDatabase/blob/main/database/indices.csv
01Q6.Z,STX G.1800E.J.M.V.U.NR YN,,ZRH,Unclassified / multiple providers,Global,Equities,Factors,"The STX G.1800E.J.M.V.U.NR YN index tracks the performance of a global equity portfolio derived from the STOXX Global 1800 index, incorporating factors like value, momentum, and potentially others indicated by the letters J, M, V, and U. It is a net return index, meaning it accounts for dividend payments after the deduction of withholding taxes and is denominated in Yen. The index uses a proprietary methodology.",Equity-linked index (filtered from broader global index universe),JerBouma/FinanceDatabase indices.csv snapshot,https://github.com/JerBouma/FinanceDatabase/blob/main/database/indices.csv
01Q7.Z,STX G.1800E.J.M.V.U.PR YN,,ZRH,Unclassified / multiple providers,Global,Equities,Factors,"The STX G.1800E.J.M.V.U.PR YN index tracks the performance of a global equity portfolio derived from the STOXX Global 1800 index, incorporating factors like value, momentum, and potentially others indicated by the letters J, M, V, and U. It is a price return index, meaning it does not account for dividend payments, and is denominated in Yen. The index uses a proprietary methodology.",Equity-linked index (filtered from broader global index universe),JerBouma/FinanceDatabase indices.csv snapshot,https://github.com/JerBouma/FinanceDatabase/blob/main/database/indices.csv
01Q8.Z,STX GL.1800E.J.M.V.GR EO,,ZRH,Unclassified / multiple providers,Global,Equities,Factors,"The STX GL.1800E.J.M.V.GR EO index tracks the performance of a global equity portfolio derived from the STOXX Global 1800 index, incorporating factors like value, momentum, and potentially others indicated by the letters J, M, and V. It is a gross return index, meaning it accounts for dividend payments without deducting withholding taxes and is priced in EUR. The index uses a proprietary methodology.",Equity-linked index (filtered from broader global index universe),JerBouma/FinanceDatabase indices.csv snapshot,https://github.com/JerBouma/FinanceDatabase/blob/main/database/indices.csv
01Q9.Z,STX GL.1800E.J.M.V.NR EO,,ZRH,Unclassified / multiple providers,Global,Equities,Factors,"The STX GL.1800E.J.M.V.NR EO index tracks the performance of a global equity portfolio derived from the STOXX Global 1800 index, incorporating factors like value, momentum, and potentially others indicated by the letters J, M, and V. It is a net return index, meaning it accounts for dividend payments after the deduction of withholding taxes and is priced in EUR. The index uses a proprietary methodology.",Equity-linked index (filtered from broader global index universe),JerBouma/FinanceDatabase indices.csv snapshot,https://github.com/JerBouma/FinanceDatabase/blob/main/database/indices.csv
01QA.Z,STX GL.ST.QU.50 PR USD,,ZRH,Unclassified / multiple providers,Global,Equities,Factors,"The STX GL.ST.QU.50 PR USD index tracks the performance of the top 50 global stocks based on a quality factor. It is a price return index, meaning it does not account for dividend payments and is denominated in USD. The index uses a proprietary methodology.",Equity-linked index (filtered from broader global index universe),JerBouma/FinanceDatabase indices.csv snapshot,https://github.com/JerBouma/FinanceDatabase/blob/main/database/indices.csv
01QB.Z,STX GL.ST.QU.50 NR USD,,ZRH,Unclassified / multiple providers,Global,Equities,Factors,"The STX GL.ST.QU.50 NR USD index tracks the performance of the top 50 global stocks based on a quality factor. It is a net return index, meaning it accounts for dividend payments after the deduction of withholding taxes and is denominated in USD. The index uses a proprietary methodology.",Equity-linked index (filtered from broader global index universe),JerBouma/FinanceDatabase indices.csv snapshot,https://github.com/JerBouma/FinanceDatabase/blob/main/database/indices.csv
01QC.Z,STX GL.ST.QU.50 GR USD,,ZRH,Unclassified / multiple providers,Global,Equities,Factors,"The STX GL.ST.QU.50 GR USD index tracks the performance of the top 50 global stocks based on a quality factor. It is a gross return index, meaning it accounts for dividend payments without deducting withholding taxes and is denominated in USD. The index uses a proprietary methodology.",Equity-linked index (filtered from broader global index universe),JerBouma/FinanceDatabase indices.csv snapshot,https://github.com/JerBouma/FinanceDatabase/blob/main/database/indices.csv
01QD.Z,STX EU.ST.QU.30 PR EUR,,ZRH,Unclassified / multiple providers,Europe,Equities,Factors,"The STX EU.ST.QU.30 PR EUR index tracks the performance of the top 30 European stocks based on a quality factor. It is a price return index, meaning it does not account for dividend payments and is denominated in EUR. The index uses a proprietary methodology.",Equity-linked index (filtered from broader global index universe),JerBouma/FinanceDatabase indices.csv snapshot,https://github.com/JerBouma/FinanceDatabase/blob/main/database/indices.csv
01QE.Z,STX EU.ST.QU.30 NR EUR,,ZRH,Unclassified / multiple providers,Europe,Equities,Factors,"The STX EU.ST.QU.30 NR EUR index tracks the performance of the top 30 European stocks based on a quality factor. It is a net return index, meaning it accounts for dividend payments after the deduction of withholding taxes and is denominated in EUR. The index uses a proprietary methodology.",Equity-linked index (filtered from broader global index universe),JerBouma/FinanceDatabase indices.csv snapshot,https://github.com/JerBouma/FinanceDatabase/blob/main/database/indices.csv
01QF.Z,STX EU.ST.QU.30 GR EUR,,ZRH,Unclassified / multiple providers,Europe,Equities,Equities,"The STOXX Europe 600 ex UK Select 30 Gross Return EUR Index represents a selection of 30 stocks from the STOXX Europe 600 ex UK index. The index aims to capture the performance of companies with high dividend yields and low volatility. The returns are calculated on a gross basis, meaning dividends are included in the total return",Equity-linked index (filtered from broader global index universe),JerBouma/FinanceDatabase indices.csv snapshot,https://github.com/JerBouma/FinanceDatabase/blob/main/database/indices.csv
01QG.Z,STX EU.ST.QU.30 PR USD,,ZRH,Unclassified / multiple providers,Europe,Equities,Equities,"The STOXX Europe 600 ex UK Select 30 Price USD Index represents a selection of 30 stocks from the STOXX Europe 600 ex UK index. The index aims to capture the performance of companies with high dividend yields and low volatility. The returns are calculated on a price basis, meaning dividends are not included in the total return",Equity-linked index (filtered from broader global index universe),JerBouma/FinanceDatabase indices.csv snapshot,https://github.com/JerBouma/FinanceDatabase/blob/main/database/indices.csv
01QH.Z,STX EU.ST.QU.30 NR USD,,ZRH,Unclassified / multiple providers,Europe,Equities,Equities,"The STOXX Europe 600 ex UK Select 30 Net Return USD Index represents a selection of 30 stocks from the STOXX Europe 600 ex UK index. The index aims to capture the performance of companies with high dividend yields and low volatility. The returns are calculated on a net basis, meaning dividends are included, net of tax, in the total return",Equity-linked index (filtered from broader global index universe),JerBouma/FinanceDatabase indices.csv snapshot,https://github.com/JerBouma/FinanceDatabase/blob/main/database/indices.csv
01QJ.Z,STX EU.ST.QU.30 GR USD,,ZRH,Unclassified / multiple providers,Europe,Equities,Equities,"The STOXX Europe 600 ex UK Select 30 Gross Return USD Index represents a selection of 30 stocks from the STOXX Europe 600 ex UK index. The index aims to capture the performance of companies with high dividend yields and low volatility. The returns are calculated on a gross basis, meaning dividends are included in the total return",Equity-linked index (filtered from broader global index universe),JerBouma/FinanceDatabase indices.csv snapshot,https://github.com/JerBouma/FinanceDatabase/blob/main/database/indices.csv
01QK.Z,STX A/P ST.QU.30 PR EUR,,ZRH,Unclassified / multiple providers,Asia-Pacific,Equities,Equities,"The STOXX Asia/Pacific Select 30 Price EUR Index represents a selection of 30 stocks from the STOXX Asia/Pacific index. The index aims to capture the performance of companies with high dividend yields and low volatility. The returns are calculated on a price basis, meaning dividends are not included in the total return",Equity-linked index (filtered from broader global index universe),JerBouma/FinanceDatabase indices.csv snapshot,https://github.com/JerBouma/FinanceDatabase/blob/main/database/indices.csv
01QL.Z,STX A/P ST.QU.30 NR EUR,,ZRH,Unclassified / multiple providers,Asia-Pacific,Equities,Equities,"The STOXX Asia/Pacific Select 30 Net Return EUR Index represents a selection of 30 stocks from the STOXX Asia/Pacific index. The index aims to capture the performance of companies with high dividend yields and low volatility. The returns are calculated on a net basis, meaning dividends are included, net of tax, in the total return",Equity-linked index (filtered from broader global index universe),JerBouma/FinanceDatabase indices.csv snapshot,https://github.com/JerBouma/FinanceDatabase/blob/main/database/indices.csv
01QM.Z,STX A/P ST.QU.30 GR EUR,,ZRH,Unclassified / multiple providers,Asia-Pacific,Equities,Equities,"The STOXX Asia/Pacific Select 30 Gross Return EUR Index represents a selection of 30 stocks from the STOXX Asia/Pacific index. The index aims to capture the performance of companies with high dividend yields and low volatility. The returns are calculated on a gross basis, meaning dividends are included in the total return",Equity-linked index (filtered from broader global index universe),JerBouma/FinanceDatabase indices.csv snapshot,https://github.com/JerBouma/FinanceDatabase/blob/main/database/indices.csv
01QN.Z,STX A/P ST.QU.30 PR USD,,ZRH,Unclassified / multiple providers,Asia-Pacific,Equities,Equities,"The STOXX Asia/Pacific Select 30 Price USD Index represents a selection of 30 stocks from the STOXX Asia/Pacific index. The index aims to capture the performance of companies with high dividend yields and low volatility. The returns are calculated on a price basis, meaning dividends are not included in the total return",Equity-linked index (filtered from broader global index universe),JerBouma/FinanceDatabase indices.csv snapshot,https://github.com/JerBouma/FinanceDatabase/blob/main/database/indices.csv
01QP.Z,STX A/P ST.QU.30 NR USD,,ZRH,Unclassified / multiple providers,Asia-Pacific,Equities,Equities,"The STOXX Asia/Pacific Select 30 Net Return USD Index represents a selection of 30 stocks from the STOXX Asia/Pacific index. The index aims to capture the performance of companies with high dividend yields and low volatility. The returns are calculated on a net basis, meaning dividends are included, net of tax, in the total return",Equity-linked index (filtered from broader global index universe),JerBouma/FinanceDatabase indices.csv snapshot,https://github.com/JerBouma/FinanceDatabase/blob/main/database/indices.csv
01QQ.Z,STX A/P ST.QU.30 GR USD,,ZRH,Unclassified / multiple providers,Asia-Pacific,Equities,Equities,"The STOXX Asia/Pacific Select 30 Gross Return USD Index represents a selection of 30 stocks from the STOXX Asia/Pacific index. The index aims to capture the performance of companies with high dividend yields and low volatility. The returns are calculated on a gross basis, meaning dividends are included in the total return",Equity-linked index (filtered from broader global index universe),JerBouma/FinanceDatabase indices.csv snapshot,https://github.com/JerBouma/FinanceDatabase/blob/main/database/indices.csv
01QR.Z,STX USA ST.QU.50 PR EUR,,ZRH,Unclassified / multiple providers,United States,Equities,Equities,"The STOXX USA Select 50 Price EUR Index represents a selection of 50 stocks from the STOXX USA 900 index. The index aims to capture the performance of companies with high dividend yields and low volatility. The returns are calculated on a price basis, meaning dividends are not included in the total return",Equity-linked index (filtered from broader global index universe),JerBouma/FinanceDatabase indices.csv snapshot,https://github.com/JerBouma/FinanceDatabase/blob/main/database/indices.csv
01QS.Z,STX USA ST.QU.50 NR EUR,,ZRH,Unclassified / multiple providers,United States,Equities,Equities,"The STOXX USA Select 50 Net Return EUR Index represents a selection of 50 stocks from the STOXX USA 900 index. The index aims to capture the performance of companies with high dividend yields and low volatility. The returns are calculated on a net basis, meaning dividends are included, net of tax, in the total return",Equity-linked index (filtered from broader global index universe),JerBouma/FinanceDatabase indices.csv snapshot,https://github.com/JerBouma/FinanceDatabase/blob/main/database/indices.csv
01QT.Z,STX USA ST.QU.50 GR EUR,,ZRH,Unclassified / multiple providers,United States,Equities,Equities,"The STOXX USA Select 50 Gross Return EUR Index represents a selection of 50 stocks from the STOXX USA 900 index. The index aims to capture the performance of companies with high dividend yields and low volatility. The returns are calculated on a gross basis, meaning dividends are included in the total return",Equity-linked index (filtered from broader global index universe),JerBouma/FinanceDatabase indices.csv snapshot,https://github.com/JerBouma/FinanceDatabase/blob/main/database/indices.csv
01QU.Z,STX USA ST.QU.50 PR USD,,ZRH,Unclassified / multiple providers,United States,Equities,Equities,"The STOXX USA Select 50 Price USD Index represents a selection of 50 stocks from the STOXX USA 900 index. The index aims to capture the performance of companies with high dividend yields and low volatility. The returns are calculated on a price basis, meaning dividends are not included in the total return",Equity-linked index (filtered from broader global index universe),JerBouma/FinanceDatabase indices.csv snapshot,https://github.com/JerBouma/FinanceDatabase/blob/main/database/indices.csv
01QV.Z,STX USA ST.QU.50 NR USD,,ZRH,Unclassified / multiple providers,United States,Equities,Equities,"The STOXX USA Select 50 Net Return USD Index represents a selection of 50 stocks from the STOXX USA 900 index. The index aims to capture the performance of companies with high dividend yields and low volatility. The returns are calculated on a net basis, meaning dividends are included, net of tax, in the total return",Equity-linked index (filtered from broader global index universe),JerBouma/FinanceDatabase indices.csv snapshot,https://github.com/JerBouma/FinanceDatabase/blob/main/database/indices.csv
01QW.Z,STX USA ST.QU.50 GR USD,,ZRH,Unclassified / multiple providers,United States,Equities,Equities,"The STOXX USA Select 50 Gross Return USD Index represents a selection of 50 stocks from the STOXX USA 900 index. The index aims to capture the performance of companies with high dividend yields and low volatility. The returns are calculated on a gross basis, meaning dividends are included in the total return",Equity-linked index (filtered from broader global index universe),JerBouma/FinanceDatabase indices.csv snapshot,https://github.com/JerBouma/FinanceDatabase/blob/main/database/indices.csv
01QY.Z,STX G.1800E.J.M.V.U.GR EO,,ZRH,Unclassified / multiple providers,Global,Equities,Factors,"The STX G.1800E.J.M.V.U.GR EO index tracks the performance of a global equity portfolio derived from the STOXX Global 1800 index, incorporating factors like value, momentum, and potentially others indicated by the letters J, M, V, and U. It is a gross return index, meaning it accounts for dividend payments without deducting withholding taxes, and is priced in EUR. The index uses a proprietary methodology.",Equity-linked index (filtered from broader global index universe),JerBouma/FinanceDatabase indices.csv snapshot,https://github.com/JerBouma/FinanceDatabase/blob/main/database/indices.csv
01QZ.Z,STX G.1800E.J.M.V.U.NR EO,,ZRH,Unclassified / multiple providers,Global,Equities,Factors,"The STX G.1800E.J.M.V.U.NR EO index tracks the performance of a global equity portfolio derived from the STOXX Global 1800 index, incorporating factors like value, momentum, and potentially others indicated by the letters J, M, V, and U. It is a net return index, meaning it accounts for dividend payments after the deduction of withholding taxes, and is priced in EUR. The index uses a proprietary methodology.",Equity-linked index (filtered from broader global index universe),JerBouma/FinanceDatabase indices.csv snapshot,https://github.com/JerBouma/FinanceDatabase/blob/main/database/indices.csv
01S0.Z,EO ISTX 50 DLY.SH.PR EUR,,ZRH,Unclassified / multiple providers,Europe,Equities,Trading,"The EO ISTX 50 DLY.SH.PR EUR index is designed to provide a daily short exposure to the EURO STOXX 50 index. It is a price return index, meaning it does not account for dividend payments, and is priced in EUR. The index uses a proprietary methodology.",Equity-linked index (filtered from broader global index universe),JerBouma/FinanceDatabase indices.csv snapshot,https://github.com/JerBouma/FinanceDatabase/blob/main/database/indices.csv
01S1.Z,EURO ISTX VAL.MOM.PR EUR,EUR,ZRH,Unclassified / multiple providers,Europe,Equities,Factors,"The EURO ISTX VAL.MOM.PR EUR index tracks the performance of Eurozone companies exhibiting both value and momentum characteristics. It is a price return index, meaning it does not account for dividend payments, and is priced in EUR. The index uses a proprietary methodology.",Equity-linked index (filtered from broader global index universe),JerBouma/FinanceDatabase indices.csv snapshot,https://github.com/JerBouma/FinanceDatabase/blob/main/database/indices.csv
01S2.Z,EURO ISTX VAL.MOM.GR USD,USD,ZRH,Unclassified / multiple providers,Europe,Equities,Factors,"The EURO ISTX VAL.MOM.GR USD index tracks the performance of Eurozone companies exhibiting both value and momentum characteristics. It is a gross return index, meaning it accounts for dividend payments without deducting withholding taxes, and is denominated in USD. The index uses a proprietary methodology.",Equity-linked index (filtered from broader global index universe),JerBouma/FinanceDatabase indices.csv snapshot,https://github.com/JerBouma/FinanceDatabase/blob/main/database/indices.csv
01S3.Z,EURO ISTX VAL.MOM.GR USD,USD,ZRH,Unclassified / multiple providers,Europe,Equities,Factors,"The EURO ISTX VAL.MOM.GR USD index tracks the performance of Eurozone companies exhibiting both value and momentum characteristics. It is a gross return index, meaning it accounts for dividend payments without deducting withholding taxes, and is denominated in USD. The index uses a proprietary methodology.",Equity-linked index (filtered from broader global index universe),JerBouma/FinanceDatabase indices.csv snapshot,https://github.com/JerBouma/FinanceDatabase/blob/main/database/indices.csv
01S4.Z,EURO ISTX VAL.MOM.GR USD,USD,ZRH,Unclassified / multiple providers,Europe,Equities,Factors,"The EURO ISTX VAL.MOM.GR USD index tracks the performance of Eurozone companies exhibiting both value and momentum characteristics. It is a gross return index, meaning it accounts for dividend payments without deducting withholding taxes, and is denominated in USD. The index uses a proprietary methodology.",Equity-linked index (filtered from broader global index universe),JerBouma/FinanceDatabase indices.csv snapshot,https://github.com/JerBouma/FinanceDatabase/blob/main/database/indices.csv
01S7.Z,EISTX 70 EW DECR.5 PR EUR,EUR,ZRH,Unclassified / multiple providers,Europe,Equities,Equities,"The EISTX 70 EW DECR.5 PR EUR index tracks the performance of 70 European stocks with equal weighting and a decrement of 5%. It is a price return index, meaning it does not account for dividend payments, and is priced in EUR. The index uses a proprietary methodology.",Equity-linked index (filtered from broader global index universe),JerBouma/FinanceDatabase indices.csv snapshot,https://github.com/JerBouma/FinanceDatabase/blob/main/database/indices.csv
01S8.Z,EISTX 60 EW DEC.4.5 PR EO,EUR,ZRH,Unclassified / multiple providers,Europe,Equities,Equities,"The EISTX 60 EW DEC.4.5 PR EO index tracks the performance of 60 European stocks with equal weighting and a decrement of 4.5%. It is a price return index, meaning it does not account for dividend payments, and is priced in EUR. The index uses a proprietary methodology.",Equity-linked index (filtered from broader global index universe),JerBouma/FinanceDatabase indices.csv snapshot,https://github.com/JerBouma/FinanceDatabase/blob/main/database/indices.csv
01S9.Z,STOXX GLB.BASK.SEL.PR EUR,,ZRH,STOXX,Global,Equities,Equities,"The STOXX GLB.BASK.SEL.PR EUR index tracks a selection of global stocks chosen based on specific criteria potentially related to a 'basket' of factors. It is a price return index, meaning it does not account for dividend payments, and is priced in EUR. The index uses a proprietary methodology.",Equity-linked index (filtered from broader global index universe),JerBouma/FinanceDatabase indices.csv snapshot,https://github.com/JerBouma/FinanceDatabase/blob/main/database/indices.csv
01SA.Z,E.IST 50 LC DE.4.75 PR EO,,ZRH,Unclassified / multiple providers,Europe,Equities,Equities,"The E.IST 50 LC DE.4.75 PR EO index tracks the performance of the 50 largest Eurozone companies with a decrement of 4.75%. It is a price return index, meaning it does not account for dividend payments, and is priced in EUR. The index uses a proprietary methodology.",Equity-linked index (filtered from broader global index universe),JerBouma/FinanceDatabase indices.csv snapshot,https://github.com/JerBouma/FinanceDatabase/blob/main/database/indices.csv
01SB.Z,EU.ISTX 50 LC DEC.5 PR EO,,ZRH,Unclassified / multiple providers,Europe,Equities,Equities,"The EU.ISTX 50 LC DEC.5 PR EO index tracks the performance of the 50 largest Eurozone companies with a decrement of 5%. It is a price return index, meaning it does not account for dividend payments, and is priced in EUR. The index uses a proprietary methodology.",Equity-linked index (filtered from broader global index universe),JerBouma/FinanceDatabase indices.csv snapshot,https://github.com/JerBouma/FinanceDatabase/blob/main/database/indices.csv
01SC.Z,ESTX 50 MON.HEDGED PR CHF,,ZRH,Unclassified / multiple providers,Europe,Equities,Equities,"The ESTX 50 MON.HEDGED PR CHF index tracks the performance of the Euro STOXX 50 index with a monthly hedging strategy. It is a price return index, meaning it does not account for dividend payments, and is denominated in CHF. The index uses a proprietary methodology.",Equity-linked index (filtered from broader global index universe),JerBouma/FinanceDatabase indices.csv snapshot,https://github.com/JerBouma/FinanceDatabase/blob/main/database/indices.csv
01SD.Z,ESTX 50 MON.HEDGED NR CHF,,ZRH,Unclassified / multiple providers,Europe,Equities,Equities,"The ESTX 50 MON.HEDGED NR CHF index tracks the performance of the Euro STOXX 50 index with a monthly hedging strategy. It is a net return index, meaning it accounts for dividend payments after the deduction of withholding taxes, and is denominated in CHF. The index uses a proprietary methodology.",Equity-linked index (filtered from broader global index universe),JerBouma/FinanceDatabase indices.csv snapshot,https://github.com/JerBouma/FinanceDatabase/blob/main/database/indices.csv
01SE.Z,ESTX 50 MON.HEDGED GR CHF,,ZRH,Unclassified / multiple providers,Europe,Equities,Equities,"The ESTX 50 MON.HEDGED GR CHF index tracks the performance of the Euro STOXX 50 index with a monthly hedging strategy. It is a gross return index, meaning it accounts for dividend payments without deducting withholding taxes, and is denominated in CHF. The index uses a proprietary methodology.",Equity-linked index (filtered from broader global index universe),JerBouma/FinanceDatabase indices.csv snapshot,https://github.com/JerBouma/FinanceDatabase/blob/main/database/indices.csv
01SF.Z,ESTX 50 TR.FUT.ROLL TR EO,,ZRH,Unclassified / multiple providers,Europe,Equities,Derivatives,"The ESTX 50 TR.FUT.ROLL TR EO index tracks the performance of the Euro STOXX 50 index using a total return future rolling strategy. It is a total return index, meaning it includes both price appreciation and dividend income, and is priced in EUR. The index uses a proprietary methodology.",Equity-linked index (filtered from broader global index universe),JerBouma/FinanceDatabase indices.csv snapshot,https://github.com/JerBouma/FinanceDatabase/blob/main/database/indices.csv
01SG.Z,ESTX 50 TR.FUT.ROLL ER EO,,ZRH,Unclassified / multiple providers,Europe,Equities,Derivatives,"The ESTX 50 TR.FUT.ROLL ER EO index tracks the performance of the Euro STOXX 50 index using an excess return future rolling strategy. It is an excess return index, representing the return above the risk-free rate, and is priced in EUR. The index uses a proprietary methodology.",Equity-linked index (filtered from broader global index universe),JerBouma/FinanceDatabase indices.csv snapshot,https://github.com/JerBouma/FinanceDatabase/blob/main/database/indices.csv
01SQ.Z,EU.IST BK.GR DEC.50 PR EO,,ZRH,Unclassified / multiple providers,Europe,Equities,Equities,"The EU.IST BK.GR DEC.50 PR EO index tracks the performance of Eurozone banks with a decrement of 50%. It is a price return index, meaning it does not account for dividend payments, and is priced in EUR. The index uses a proprietary methodology.",Equity-linked index (filtered from broader global index universe),JerBouma/FinanceDatabase indices.csv snapshot,https://github.com/JerBouma/FinanceDatabase/blob/main/database/indices.csv
01SU.Z,EO ISTX 50 DLY.LEV.PR EUR,,ZRH,Unclassified / multiple providers,Europe,Equities,Trading,"The EO ISTX 50 DLY.LEV.PR EUR index provides a daily leveraged exposure to the EURO STOXX 50 index. It is a price return index, meaning it does not account for dividend payments, and is priced in EUR. The index uses a proprietary methodology.",Equity-linked index (filtered from broader global index universe),JerBouma/FinanceDatabase indices.csv snapshot,https://github.com/JerBouma/FinanceDatabase/blob/main/database/indices.csv
01SV.Z,EO ISTX 50 DLY.LEV.NR EUR,,ZRH,Unclassified / multiple providers,Europe,Equities,Trading,"The EO ISTX 50 DLY.LEV.NR EUR index provides a daily leveraged exposure to the EURO STOXX 50 index. It is a net return index, meaning it accounts for dividend payments after the deduction of withholding taxes, and is priced in EUR. The index uses a proprietary methodology.",Equity-linked index (filtered from broader global index universe),JerBouma/FinanceDatabase indices.csv snapshot,https://github.com/JerBouma/FinanceDatabase/blob/main/database/indices.csv
01SW.Z,EO ISTX 50 DLY.LEV.GR EUR,,ZRH,Unclassified / multiple providers,Europe,Equities,Trading,"The EO ISTX 50 DLY.LEV.GR EUR index provides a daily leveraged exposure to the EURO STOXX 50 index. It is a gross return index, meaning it accounts for dividend payments without deducting withholding taxes, and is priced in EUR. The index uses a proprietary methodology.",Equity-linked index (filtered from broader global index universe),JerBouma/FinanceDatabase indices.csv snapshot,https://github.com/JerBouma/FinanceDatabase/blob/main/database/indices.csv
01SX.Z,EO ISTX 50 DLY.LEV.PR USD,,ZRH,Unclassified / multiple providers,Europe,Equities,Trading,"The EO ISTX 50 DLY.LEV.PR USD index provides a daily leveraged exposure to the EURO STOXX 50 index. It is a price return index, meaning it does not account for dividend payments, and is denominated in USD. The index uses a proprietary methodology.",Equity-linked index (filtered from broader global index universe),JerBouma/FinanceDatabase indices.csv snapshot,https://github.com/JerBouma/FinanceDatabase/blob/main/database/indices.csv
01SY.Z,EO ISTX 50 DLY.LEV.NR USD,,ZRH,Unclassified / multiple providers,Europe,Equities,Trading,"The EO ISTX 50 DLY.LEV.NR USD index provides a daily leveraged exposure to the EURO STOXX 50 index. It is a net return index, meaning it accounts for dividend payments after the deduction of withholding taxes, and is denominated in USD. The index uses a proprietary methodology.",Equity-linked index (filtered from broader global index universe),JerBouma/FinanceDatabase indices.csv snapshot,https://github.com/JerBouma/FinanceDatabase/blob/main/database/indices.csv
01SZ.Z,EO ISTX 50 DLY.LEV.GR USD,,ZRH,Unclassified / multiple providers,Europe,Equities,Trading,"The EO ISTX 50 DLY.LEV.GR USD index provides a daily leveraged exposure to the EURO STOXX 50 index. It is a gross return index, meaning it accounts for dividend payments without deducting withholding taxes, and is denominated in USD. The index uses a proprietary methodology.",Equity-linked index (filtered from broader global index universe),JerBouma/FinanceDatabase indices.csv snapshot,https://github.com/JerBouma/FinanceDatabase/blob/main/database/indices.csv
01U0.Z,STXEXERMD GR EUR,,ZRH,Unclassified / multiple providers,Europe,Equities,Mid Cap,"The STXEXERMD GR EUR index tracks the performance of mid-sized companies in the Eurozone excluding the UK. It is a gross return index, meaning it accounts for dividend payments without deducting withholding taxes and is denominated in EUR. The index uses a proprietary methodology.",Equity-linked index (filtered from broader global index universe),JerBouma/FinanceDatabase indices.csv snapshot,https://github.com/JerBouma/FinanceDatabase/blob/main/database/indices.csv
01U1.Z,STXEXERSM GR EUR,,ZRH,Unclassified / multiple providers,Europe,Equities,Small Cap,"The STXEXERSM GR EUR index tracks the performance of small-sized companies in the Eurozone excluding the UK. It is a gross return index, meaning it accounts for dividend payments without deducting withholding taxes and is denominated in EUR. The index uses a proprietary methodology.",Equity-linked index (filtered from broader global index universe),JerBouma/FinanceDatabase indices.csv snapshot,https://github.com/JerBouma/FinanceDatabase/blob/main/database/indices.csv
01U3.Z,STXEXUKTM GR EUR,,ZRH,Unclassified / multiple providers,Europe,Equities,Equities,"The STXEXUKTM GR EUR index tracks the performance of total market capitalization companies in the UK excluding the Eurozone. It is a gross return index, meaning it accounts for dividend payments without deducting withholding taxes and is denominated in EUR. The index uses a proprietary methodology.",Equity-linked index (filtered from broader global index universe),JerBouma/FinanceDatabase indices.csv snapshot,https://github.com/JerBouma/FinanceDatabase/blob/main/database/indices.csv
01U5.Z,STXEXERTMLG GR EUR,,ZRH,Unclassified / multiple providers,Europe,Equities,Large Cap,"The STXEXERTMLG GR EUR index tracks the performance of large-cap companies in the Eurozone excluding Telecommunications sector. It is a gross return index, meaning it accounts for dividend payments without deducting withholding taxes and is denominated in EUR. The index uses a proprietary methodology.",Equity-linked index (filtered from broader global index universe),JerBouma/FinanceDatabase indices.csv snapshot,https://github.com/JerBouma/FinanceDatabase/blob/main/database/indices.csv
01U6.Z,STXEXERTMMD GR EUR,,ZRH,Unclassified / multiple providers,Europe,Equities,Mid Cap,"The STXEXERTMMD GR EUR index tracks the performance of mid-cap companies in the Eurozone excluding Telecommunications sector. It is a gross return index, meaning it accounts for dividend payments without deducting withholding taxes and is denominated in EUR. The index uses a proprietary methodology.",Equity-linked index (filtered from broader global index universe),JerBouma/FinanceDatabase indices.csv snapshot,https://github.com/JerBouma/FinanceDatabase/blob/main/database/indices.csv
01U7.Z,STXEXERTMSM GR EUR,,ZRH,Unclassified / multiple providers,Europe,Equities,Small Cap,"The STXEXERTMSM GR EUR index tracks the performance of small-cap companies in the Eurozone excluding Telecommunications sector. It is a gross return index, meaning it accounts for dividend payments without deducting withholding taxes and is denominated in EUR. The index uses a proprietary methodology.",Equity-linked index (filtered from broader global index universe),JerBouma/FinanceDatabase indices.csv snapshot,https://github.com/JerBouma/FinanceDatabase/blob/main/database/indices.csv
01U8.Z,STXEXUKLG GR EUR,,ZRH,Unclassified / multiple providers,Europe,Equities,Large Cap,"The STXEXUKLG GR EUR index tracks the performance of large-cap companies in the UK excluding the Eurozone. It is a gross return index, meaning it accounts for dividend payments without deducting withholding taxes and is denominated in EUR. The index uses a proprietary methodology.",Equity-linked index (filtered from broader global index universe),JerBouma/FinanceDatabase indices.csv snapshot,https://github.com/JerBouma/FinanceDatabase/blob/main/database/indices.csv
01U9.Z,STXEXUKMD GR EUR,,ZRH,Unclassified / multiple providers,Europe,Equities,Mid Cap,"The STXEXUKMD GR EUR index tracks the performance of mid-cap companies in the UK excluding the Eurozone. It is a gross return index, meaning it accounts for dividend payments without deducting withholding taxes and is denominated in EUR. The index uses a proprietary methodology.",Equity-linked index (filtered from broader global index universe),JerBouma/FinanceDatabase indices.csv snapshot,https://github.com/JerBouma/FinanceDatabase/blob/main/database/indices.csv
01UC.Z,ESTXLG GR EUR,,ZRH,Unclassified / multiple providers,Europe,Equities,Large Cap,"The ESTXLG GR EUR index tracks the performance of large-cap companies within the Eurozone. It is a gross return index, meaning it accounts for dividend payments without deducting withholding taxes and is denominated in EUR. The index uses a proprietary methodology.",Equity-linked index (filtered from broader global index universe),JerBouma/FinanceDatabase indices.csv snapshot,https://github.com/JerBouma/FinanceDatabase/blob/main/database/indices.csv
01UD.Z,ESTXMD GR EUR,,ZRH,Unclassified / multiple providers,Europe,Equities,Mid Cap,"The ESTXMD GR EUR index tracks the performance of mid-cap companies within the Eurozone. It is a gross return index, meaning it accounts for dividend payments without deducting withholding taxes and is denominated in EUR. The index uses a proprietary methodology.",Equity-linked index (filtered from broader global index universe),JerBouma/FinanceDatabase indices.csv snapshot,https://github.com/JerBouma/FinanceDatabase/blob/main/database/indices.csv
01UE.Z,ESTXSM GR EUR,,ZRH,Unclassified / multiple providers,Europe,Equities,Small Cap,"The ESTXSM GR EUR index tracks the performance of small-cap companies within the Eurozone. It is a gross return index, meaning it accounts for dividend payments without deducting withholding taxes and is denominated in EUR. The index uses a proprietary methodology.",Equity-linked index (filtered from broader global index universe),JerBouma/FinanceDatabase indices.csv snapshot,https://github.com/JerBouma/FinanceDatabase/blob/main/database/indices.csv
01UF.Z,ESTXTM GR EUR,,ZRH,Unclassified / multiple providers,Europe,Equities,Equities,"The ESTXTM GR EUR index tracks the performance of total market capitalization companies within the Eurozone. It is a gross return index, meaning it accounts for dividend payments without deducting withholding taxes and is denominated in EUR. The index uses a proprietary methodology.",Equity-linked index (filtered from broader global index universe),JerBouma/FinanceDatabase indices.csv snapshot,https://github.com/JerBouma/FinanceDatabase/blob/main/database/indices.csv
01UG.Z,ESTXTMLG GR EUR,,ZRH,Unclassified / multiple providers,Europe,Equities,Large Cap,"The ESTXTMLG GR EUR index tracks the performance of large-cap companies within the Eurozone excluding the Telecommunications sector. It is a gross return index, meaning it accounts for dividend payments without deducting withholding taxes and is denominated in EUR. The index uses a proprietary methodology.",Equity-linked index (filtered from broader global index universe),JerBouma/FinanceDatabase indices.csv snapshot,https://github.com/JerBouma/FinanceDatabase/blob/main/database/indices.csv
01UH.Z,ESTXTMMD GR EUR,,ZRH,Unclassified / multiple providers,Europe,Equities,Mid Cap,"The ESTXTMMD GR EUR index tracks the performance of mid-cap companies within the Eurozone excluding the Telecommunications sector. It is a gross return index, meaning it accounts for dividend payments without deducting withholding taxes and is denominated in EUR. The index uses a proprietary methodology.",Equity-linked index (filtered from broader global index universe),JerBouma/FinanceDatabase indices.csv snapshot,https://github.com/JerBouma/FinanceDatabase/blob/main/database/indices.csv
01UI.Z,ESTXTMSM GR EUR,,ZRH,Unclassified / multiple providers,Europe,Equities,Small Cap,"The ESTXTMSM GR EUR index tracks the performance of small-cap companies within the Eurozone excluding the Telecommunications sector. It is a gross return index, meaning it accounts for dividend payments without deducting withholding taxes and is denominated in EUR. The index uses a proprietary methodology.",Equity-linked index (filtered from broader global index universe),JerBouma/FinanceDatabase indices.csv snapshot,https://github.com/JerBouma/FinanceDatabase/blob/main/database/indices.csv
01UJ.Z,STXAM6 GR EUR,,ZRH,Unclassified / multiple providers,Unspecified / mixed,Equities,Equities,"The STXAM6 GR EUR index tracks the performance of the top 6 companies in the Americas. It is a gross return index, meaning it accounts for dividend payments without deducting withholding taxes and is denominated in EUR. The index uses a proprietary methodology.",Equity-linked index (filtered from broader global index universe),JerBouma/FinanceDatabase indices.csv snapshot,https://github.com/JerBouma/FinanceDatabase/blob/main/database/indices.csv
01UK.Z,STX NA SEL.DIV.40 GR EUR,,ZRH,Unclassified / multiple providers,Unspecified / mixed,Equities,Equities,"The STX NA SEL.DIV.40 GR EUR index tracks the performance of the top 40 North American companies selected based on dividend yield. It is a gross return index, meaning it accounts for dividend payments without deducting withholding taxes and is denominated in EUR. The index uses a proprietary methodology.",Equity-linked index (filtered from broader global index universe),JerBouma/FinanceDatabase indices.csv snapshot,https://github.com/JerBouma/FinanceDatabase/blob/main/database/indices.csv
01UM.Z,STXAP6XJP GR EUR,,ZRH,Unclassified / multiple providers,Asia-Pacific,Equities,Equities,"The STXAP6XJP GR EUR index tracks the performance of the top 6 Asia Pacific companies excluding Japan. It is a gross return index, meaning it accounts for dividend payments without deducting withholding taxes and is denominated in EUR. The index uses a proprietary methodology.",Equity-linked index (filtered from broader global index universe),JerBouma/FinanceDatabase indices.csv snapshot,https://github.com/JerBouma/FinanceDatabase/blob/main/database/indices.csv
01UN.Z,STX AS/PA SEL.DI.30 GR EO,,ZRH,Unclassified / multiple providers,Asia-Pacific,Equities,Equities,"The STX AS/PA SEL.DI.30 GR EO index tracks the performance of 30 companies in the Asia Pacific region selected based on dividend income. It is a gross return index, meaning it accounts for dividend payments without deducting withholding taxes and is priced in EUR. The index uses a proprietary methodology.",Equity-linked index (filtered from broader global index universe),JerBouma/FinanceDatabase indices.csv snapshot,https://github.com/JerBouma/FinanceDatabase/blob/main/database/indices.csv
01UX.Z,STXE6XER GR EUR,,ZRH,Unclassified / multiple providers,Europe,Equities,Equities,"The STXE6XER GR EUR index tracks the performance of Eurozone companies excluding the UK. It is a gross return index, meaning it accounts for dividend payments without deducting withholding taxes and is denominated in EUR. The index uses a proprietary methodology.",Equity-linked index (filtered from broader global index universe),JerBouma/FinanceDatabase indices.csv snapshot,https://github.com/JerBouma/FinanceDatabase/blob/main/database/indices.csv
01UY.Z,STXE6XUK GR EUR,,ZRH,Unclassified / multiple providers,Europe,Equities,Equities,"The STXE6XUK GR EUR index tracks the performance of companies in the UK excluding the Eurozone. It is a gross return index, meaning it accounts for dividend payments without deducting withholding taxes and is denominated in EUR. The index uses a proprietary methodology.",Equity-linked index (filtered from broader global index universe),JerBouma/FinanceDatabase indices.csv snapshot,https://github.com/JerBouma/FinanceDatabase/blob/main/database/indices.csv
01UZ.Z,STXEXERLG GR EUR,,ZRH,Unclassified / multiple providers,Europe,Equities,Large Cap,"The STXEXERLG GR EUR index tracks the performance of large-cap companies in the Eurozone excluding the UK. It is a gross return index, meaning it accounts for dividend payments without deducting withholding taxes and is denominated in EUR. The index uses a proprietary methodology.",Equity-linked index (filtered from broader global index universe),JerBouma/FinanceDatabase indices.csv snapshot,https://github.com/JerBouma/FinanceDatabase/blob/main/database/indices.csv
01WA.Z,STX GL.3D PRI.PU.PL.PR DL,,ZRH,Unclassified / multiple providers,Global,Equities,Factors,"The STX GL.3D PRI.PU.PL.PR DL index tracks the performance of a global equity portfolio using a specific investment strategy potentially related to price, momentum, or other factors, and is priced in USD. It is a price return index, meaning it does not account for dividend payments. The index uses a proprietary methodology.",Equity-linked index (filtered from broader global index universe),JerBouma/FinanceDatabase indices.csv snapshot,https://github.com/JerBouma/FinanceDatabase/blob/main/database/indices.csv
01WB.Z,STX GL.3D PRI.PU.PL.NR DL,,ZRH,Unclassified / multiple providers,Global,Equities,Factors,"The STX GL.3D PRI.PU.PL.NR DL index tracks the performance of a global equity portfolio using a specific investment strategy potentially related to price, momentum, or other factors, and is priced in USD. It is a net return index, meaning it accounts for dividend payments after the deduction of withholding taxes. The index uses a proprietary methodology.",Equity-linked index (filtered from broader global index universe),JerBouma/FinanceDatabase indices.csv snapshot,https://github.com/JerBouma/FinanceDatabase/blob/main/database/indices.csv
01WC.Z,STX GL.3D PRI.PU.PL.GR DL,,ZRH,Unclassified / multiple providers,Global,Equities,Factors,"The STX GL.3D PRI.PU.PL.GR DL index tracks the performance of a global equity portfolio using a specific investment strategy potentially related to price, momentum, or other factors, and is priced in USD. It is a gross return index, meaning it accounts for dividend payments without deducting withholding taxes. The index uses a proprietary methodology.",Equity-linked index (filtered from broader global index universe),JerBouma/FinanceDatabase indices.csv snapshot,https://github.com/JerBouma/FinanceDatabase/blob/main/database/indices.csv
01WD.Z,ST.AU.150 MIN.V. PR AUD,,ZRH,Unclassified / multiple providers,Unspecified / mixed,Equities,Equities,"The ST.AU.150 MIN.V. PR AUD index tracks the performance of 150 Australian stocks selected by minimum variance. It is a price return index, meaning it does not account for dividend payments, and is denominated in AUD. The index uses a proprietary methodology.",Equity-linked index (filtered from broader global index universe),JerBouma/FinanceDatabase indices.csv snapshot,https://github.com/JerBouma/FinanceDatabase/blob/main/database/indices.csv
01WE.Z,ST.AU.150 MIN.V. NR AUD,,ZRH,Unclassified / multiple providers,Unspecified / mixed,Equities,Equities,"The ST.AU.150 MIN.V. NR AUD index tracks the performance of 150 Australian stocks selected by minimum variance. It is a net return index, meaning it accounts for dividend payments after the deduction of withholding taxes, and is denominated in AUD. The index uses a proprietary methodology.",Equity-linked index (filtered from broader global index universe),JerBouma/FinanceDatabase indices.csv snapshot,https://github.com/JerBouma/FinanceDatabase/blob/main/database/indices.csv
01WF.Z,ST.AU.150 MIN.V. GR AUD,,ZRH,Unclassified / multiple providers,Unspecified / mixed,Equities,Equities,"The ST.AU.150 MIN.V. GR AUD index tracks the performance of 150 Australian stocks selected by minimum variance. It is a gross return index, meaning it accounts for dividend payments without deducting withholding taxes, and is denominated in AUD. The index uses a proprietary methodology.",Equity-linked index (filtered from broader global index universe),JerBouma/FinanceDatabase indices.csv snapshot,https://github.com/JerBouma/FinanceDatabase/blob/main/database/indices.csv
01WG.Z,ST.AU.150 MIN.V.UNC.PR AD,,ZRH,Unclassified / multiple providers,Unspecified / mixed,Equities,Equities,"The ST.AU.150 MIN.V.UNC.PR AD index tracks the performance of 150 Australian stocks selected by minimum variance and unconstrained. It is a price return index, meaning it does not account for dividend payments, and is denominated in AUD. The index uses a proprietary methodology.",Equity-linked index (filtered from broader global index universe),JerBouma/FinanceDatabase indices.csv snapshot,https://github.com/JerBouma/FinanceDatabase/blob/main/database/indices.csv
01WH.Z,ST.AU.150 MIN.V.UNC.NR AD,,ZRH,Unclassified / multiple providers,Unspecified / mixed,Equities,Equities,"The ST.AU.150 MIN.V.UNC.NR AD index tracks the performance of 150 Australian stocks selected by minimum variance and unconstrained. It is a net return index, meaning it accounts for dividend payments after the deduction of withholding taxes, and is denominated in AUD. The index uses a proprietary methodology.",Equity-linked index (filtered from broader global index universe),JerBouma/FinanceDatabase indices.csv snapshot,https://github.com/JerBouma/FinanceDatabase/blob/main/database/indices.csv
01WJ.Z,ST.AU.150 MIN.V.UNC.GR AD,,ZRH,Unclassified / multiple providers,Unspecified / mixed,Equities,Equities,"The ST.AU.150 MIN.V.UNC.GR AD index tracks the performance of 150 Australian stocks selected by minimum variance and unconstrained. It is a gross return index, meaning it accounts for dividend payments without deducting withholding taxes, and is denominated in AUD. The index uses a proprietary methodology.",Equity-linked index (filtered from broader global index universe),JerBouma/FinanceDatabase indices.csv snapshot,https://github.com/JerBouma/FinanceDatabase/blob/main/database/indices.csv
01WK.Z,ST.AUSTRALIA 150 PR AUD,,ZRH,Unclassified / multiple providers,Unspecified / mixed,Equities,Equities,"The ST.AUSTRALIA 150 PR AUD index tracks the performance of the top 150 Australian companies. It is a price return index, meaning it does not account for dividend payments, and is denominated in AUD. The index uses a proprietary methodology.",Equity-linked index (filtered from broader global index universe),JerBouma/FinanceDatabase indices.csv snapshot,https://github.com/JerBouma/FinanceDatabase/blob/main/database/indices.csv
01WL.Z,ST.AUSTRALIA 150 NR AUD,,ZRH,Unclassified / multiple providers,Unspecified / mixed,Equities,Equities,"The ST.AUSTRALIA 150 NR AUD index tracks the performance of the top 150 Australian companies. It is a net return index, meaning it accounts for dividend payments after the deduction of withholding taxes, and is denominated in AUD. The index uses a proprietary methodology.",Equity-linked index (filtered from broader global index universe),JerBouma/FinanceDatabase indices.csv snapshot,https://github.com/JerBouma/FinanceDatabase/blob/main/database/indices.csv
01WM.Z,ST.AUSTRALIA 150 GR AUD,,ZRH,Unclassified / multiple providers,Unspecified / mixed,Equities,Equities,"The ST.AUSTRALIA 150 GR AUD Index tracks the performance of 150 of the largest companies in Australia, as measured by free-float market capitalization, and is calculated in AUD with gross return. It represents the broad Australian equity market and provides a benchmark for investors. The index aims to capture the overall performance of the Australian stock market.",Equity-linked index (filtered from broader global index universe),JerBouma/FinanceDatabase indices.csv snapshot,https://github.com/JerBouma/FinanceDatabase/blob/main/database/indices.csv
01Y0.Z,STXAP6IND PR EUR,,ZRH,Unclassified / multiple providers,Unspecified / mixed,Equities,,,Equity-linked index (filtered from broader global index universe),JerBouma/FinanceDatabase indices.csv snapshot,https://github.com/JerBouma/FinanceDatabase/blob/main/database/indices.csv
01Y2.Z,STXAP6HEC PR EUR,,ZRH,Unclassified / multiple providers,Unspecified / mixed,Equities,,,Equity-linked index (filtered from broader global index universe),JerBouma/FinanceDatabase indices.csv snapshot,https://github.com/JerBouma/FinanceDatabase/blob/main/database/indices.csv
01Y4.Z,STXAP6UTI PR EUR,,ZRH,Unclassified / multiple providers,Unspecified / mixed,Utilities,,,Equity-linked index (filtered from broader global index universe),JerBouma/FinanceDatabase indices.csv snapshot,https://github.com/JerBouma/FinanceDatabase/blob/main/database/indices.csv
01Y5.Z,STXAP6TEL PR EUR,,ZRH,Unclassified / multiple providers,Unspecified / mixed,Communication Services,,,Equity-linked index (filtered from broader global index universe),JerBouma/FinanceDatabase indices.csv snapshot,https://github.com/JerBouma/FinanceDatabase/blob/main/database/indices.csv
01Y6.Z,STXAP6FIN PR EUR,,ZRH,Unclassified / multiple providers,Unspecified / mixed,Financials,,,Equity-linked index (filtered from broader global index universe),JerBouma/FinanceDatabase indices.csv snapshot,https://github.com/JerBouma/FinanceDatabase/blob/main/database/indices.csv
01Y7.Z,STXAP6TEC PR EUR,,ZRH,Unclassified / multiple providers,Unspecified / mixed,Information Technology,,,Equity-linked index (filtered from broader global index universe),JerBouma/FinanceDatabase indices.csv snapshot,https://github.com/JerBouma/FinanceDatabase/blob/main/database/indices.csv
01Y8.Z,STXG30BAM PR EUR,,ZRH,Unclassified / multiple providers,Unspecified / mixed,Equities,,,Equity-linked index (filtered from broader global index universe),JerBouma/FinanceDatabase indices.csv snapshot,https://github.com/JerBouma/FinanceDatabase/blob/main/database/indices.csv
01Y9.Z,STXG30IND PR EUR,,ZRH,Unclassified / multiple providers,Unspecified / mixed,Equities,,,Equity-linked index (filtered from broader global index universe),JerBouma/FinanceDatabase indices.csv snapshot,https://github.com/JerBouma/FinanceDatabase/blob/main/database/indices.csv
01YA.Z,STXEXUKSM GR EUR,,ZRH,Unclassified / multiple providers,Unspecified / mixed,Equities,,,Equity-linked index (filtered from broader global index universe),JerBouma/FinanceDatabase indices.csv snapshot,https://github.com/JerBouma/FinanceDatabase/blob/main/database/indices.csv
01YB.Z,STXEXUKTMLG GR EUR,,ZRH,Unclassified / multiple providers,Unspecified / mixed,Equities,,,Equity-linked index (filtered from broader global index universe),JerBouma/FinanceDatabase indices.csv snapshot,https://github.com/JerBouma/FinanceDatabase/blob/main/database/indices.csv
01YC.Z,STXEXUKTMMD GR EUR,,ZRH,Unclassified / multiple providers,Unspecified / mixed,Equities,,,Equity-linked index (filtered from broader global index universe),JerBouma/FinanceDatabase indices.csv snapshot,https://github.com/JerBouma/FinanceDatabase/blob/main/database/indices.csv
01YD.Z,STXEXUKTMSM GR EUR,,ZRH,Unclassified / multiple providers,Unspecified / mixed,Equities,,,Equity-linked index (filtered from broader global index universe),JerBouma/FinanceDatabase indices.csv snapshot,https://github.com/JerBouma/FinanceDatabase/blob/main/database/indices.csv
01YF.Z,STXETMLG GR EUR,,ZRH,Unclassified / multiple providers,Unspecified / mixed,Equities,,,Equity-linked index (filtered from broader global index universe),JerBouma/FinanceDatabase indices.csv snapshot,https://github.com/JerBouma/FinanceDatabase/blob/main/database/indices.csv
01YG.Z,STXETMMD GR EUR,,ZRH,Unclassified / multiple providers,Unspecified / mixed,Equities,,,Equity-linked index (filtered from broader global index universe),JerBouma/FinanceDatabase indices.csv snapshot,https://github.com/JerBouma/FinanceDatabase/blob/main/database/indices.csv
01YH.Z,STXETMSM GR EUR,,ZRH,Unclassified / multiple providers,Unspecified / mixed,Equities,,,Equity-linked index (filtered from broader global index universe),JerBouma/FinanceDatabase indices.csv snapshot,https://github.com/JerBouma/FinanceDatabase/blob/main/database/indices.csv
01YJ.Z,STXG18XAM GR EUR,,ZRH,Unclassified / multiple providers,Unspecified / mixed,Equities,,,Equity-linked index (filtered from broader global index universe),JerBouma/FinanceDatabase indices.csv snapshot,https://github.com/JerBouma/FinanceDatabase/blob/main/database/indices.csv
01YK.Z,STXG18XAP GR EUR,,ZRH,Unclassified / multiple providers,Unspecified / mixed,Equities,,,Equity-linked index (filtered from broader global index universe),JerBouma/FinanceDatabase indices.csv snapshot,https://github.com/JerBouma/FinanceDatabase/blob/main/database/indices.csv
01YL.Z,STXG18XEU GR EUR,,ZRH,Unclassified / multiple providers,Unspecified / mixed,Equities,,,Equity-linked index (filtered from broader global index universe),JerBouma/FinanceDatabase indices.csv snapshot,https://github.com/JerBouma/FinanceDatabase/blob/main/database/indices.csv
01YM.Z,STXG18SD100 GR EUR,,ZRH,Unclassified / multiple providers,Unspecified / mixed,Equities,,,Equity-linked index (filtered from broader global index universe),JerBouma/FinanceDatabase indices.csv snapshot,https://github.com/JerBouma/FinanceDatabase/blob/main/database/indices.csv
01YN.Z,STXND DKGR,,ZRH,Unclassified / multiple providers,Unspecified / mixed,Equities,,,Equity-linked index (filtered from broader global index universe),JerBouma/FinanceDatabase indices.csv snapshot,https://github.com/JerBouma/FinanceDatabase/blob/main/database/indices.csv
01YP.Z,STXNDLG DKGR,,ZRH,Unclassified / multiple providers,Unspecified / mixed,Equities,,,Equity-linked index (filtered from broader global index universe),JerBouma/FinanceDatabase indices.csv snapshot,https://github.com/JerBouma/FinanceDatabase/blob/main/database/indices.csv
01YQ.Z,STXNDMD DKGR,,ZRH,Unclassified / multiple providers,Unspecified / mixed,Equities,,,Equity-linked index (filtered from broader global index universe),JerBouma/FinanceDatabase indices.csv snapshot,https://github.com/JerBouma/FinanceDatabase/blob/main/database/indices.csv
01YS.Z,STXNDSM DKGR,,ZRH,Unclassified / multiple providers,Unspecified / mixed,Equities,,,Equity-linked index (filtered from broader global index universe),JerBouma/FinanceDatabase indices.csv snapshot,https://github.com/JerBouma/FinanceDatabase/blob/main/database/indices.csv
01YT.Z,STXNDTM DKGR,,ZRH,Unclassified / multiple providers,Unspecified / mixed,Equities,,,Equity-linked index (filtered from broader global index universe),JerBouma/FinanceDatabase indices.csv snapshot,https://github.com/JerBouma/FinanceDatabase/blob/main/database/indices.csv
01YU.Z,STXNDTMLG DKGR,,ZRH,Unclassified / multiple providers,Unspecified / mixed,Equities,,,Equity-linked index (filtered from broader global index universe),JerBouma/FinanceDatabase indices.csv snapshot,https://github.com/JerBouma/FinanceDatabase/blob/main/database/indices.csv
01YV.Z,STXNDTMMD DKGR,,ZRH,Unclassified / multiple providers,Unspecified / mixed,Equities,,,Equity-linked index (filtered from broader global index universe),JerBouma/FinanceDatabase indices.csv snapshot,https://github.com/JerBouma/FinanceDatabase/blob/main/database/indices.csv
01YW.Z,STXNDTMSM DKGR,,ZRH,Unclassified / multiple providers,Unspecified / mixed,Equities,,,Equity-linked index (filtered from broader global index universe),JerBouma/FinanceDatabase indices.csv snapshot,https://github.com/JerBouma/FinanceDatabase/blob/main/database/indices.csv
01YZ.Z,STXAP6BAM PR EUR,,ZRH,Unclassified / multiple providers,Europe,Equities,Equities,"The STXAP6BAM PR EUR Index tracks the performance of the top 6 companies from the Eurozone in the Basic Materials sector, with preference given to companies with higher free-float market capitalization, in price return. It aims to represent the largest and most liquid companies in the sector. The index is calculated and maintained by STOXX.",Equity-linked index (filtered from broader global index universe),JerBouma/FinanceDatabase indices.csv snapshot,https://github.com/JerBouma/FinanceDatabase/blob/main/database/indices.csv
0200.Z,STX ASEAN DIV.50 NR DL,,ZRH,Unclassified / multiple providers,Unspecified / mixed,Equities,Equities,"The STX ASEAN DIV.50 NR DL index aims to measure the performance of 50 high dividend-yielding stocks from the ASEAN region, net return. The index uses a dividend screening process to select companies and weights them based on their dividend yield, subject to certain constraints. The index is calculated and maintained by STOXX and is denominated in USD.",Equity-linked index (filtered from broader global index universe),JerBouma/FinanceDatabase indices.csv snapshot,https://github.com/JerBouma/FinanceDatabase/blob/main/database/indices.csv
0202.Z,STX ASEAN DIV.50 PR YN,,ZRH,Unclassified / multiple providers,Unspecified / mixed,Equities,Equities,"The STX ASEAN DIV.50 PR YN index aims to measure the performance of 50 high dividend-yielding stocks from the ASEAN region, price return. The index uses a dividend screening process to select companies and weights them based on their dividend yield, subject to certain constraints. The index is calculated and maintained by STOXX and is denominated in JPY.",Equity-linked index (filtered from broader global index universe),JerBouma/FinanceDatabase indices.csv snapshot,https://github.com/JerBouma/FinanceDatabase/blob/main/database/indices.csv
0203.Z,STX ASEAN DIV.50 NR YN,,ZRH,Unclassified / multiple providers,Unspecified / mixed,Equities,Equities,"The STX ASEAN DIV.50 NR YN index aims to measure the performance of 50 high dividend-yielding stocks from the ASEAN region, net return. The index uses a dividend screening process to select companies and weights them based on their dividend yield, subject to certain constraints. The index is calculated and maintained by STOXX and is denominated in JPY.",Equity-linked index (filtered from broader global index universe),JerBouma/FinanceDatabase indices.csv snapshot,https://github.com/JerBouma/FinanceDatabase/blob/main/database/indices.csv
020Q.Z,STX GL.3D PRI.PU.PL.GR EO,,ZRH,Unclassified / multiple providers,Global,Equities,Equities,"The STX GL.3D PRI.PU.PL.GR EO index tracks the performance of a global equity portfolio using a specific investment strategy potentially related to price, momentum, or other factors, and is priced in EUR. It is a gross return index, meaning it accounts for dividend payments without deducting withholding taxes. The index uses a proprietary methodology.",Equity-linked index (filtered from broader global index universe),JerBouma/FinanceDatabase indices.csv snapshot,https://github.com/JerBouma/FinanceDatabase/blob/main/database/indices.csv
020W.Z,STX ASEAN DIV.50 PR EO,,ZRH,Unclassified / multiple providers,Unspecified / mixed,Equities,Equities,"The STX ASEAN DIV.50 PR EO index aims to measure the performance of 50 high dividend-yielding stocks from the ASEAN region, price return. The index uses a dividend screening process to select companies and weights them based on their dividend yield, subject to certain constraints. The index is calculated and maintained by STOXX and is denominated in EUR.",Equity-linked index (filtered from broader global index universe),JerBouma/FinanceDatabase indices.csv snapshot,https://github.com/JerBouma/FinanceDatabase/blob/main/database/indices.csv
020X.Z,STX ASEAN DIV.50 NR EO,,ZRH,Unclassified / multiple providers,Unspecified / mixed,Equities,Equities,"The STX ASEAN DIV.50 NR EO index aims to measure the performance of 50 high dividend-yielding stocks from the ASEAN region, net return. The index uses a dividend screening process to select companies and weights them based on their dividend yield, subject to certain constraints. The index is calculated and maintained by STOXX and is denominated in EUR.",Equity-linked index (filtered from broader global index universe),JerBouma/FinanceDatabase indices.csv snapshot,https://github.com/JerBouma/FinanceDatabase/blob/main/database/indices.csv
023C.Z,STXG30FIN PR EUR,,ZRH,Unclassified / multiple providers,Global,Financials,Equities,The STXG30FIN PR EUR Index tracks the performance of the Eurozone STOXX Global 30 Financials sector in price return. The index is designed to represent the leading companies in the financial sector. The index is calculated and maintained by STOXX and is denominated in EUR.,Equity-linked index (filtered from broader global index universe),JerBouma/FinanceDatabase indices.csv snapshot,https://github.com/JerBouma/FinanceDatabase/blob/main/database/indices.csv
023T.Z,STXEA PR EUR,,ZRH,Unclassified / multiple providers,Europe,Equities,Equities,The STXEA PR EUR Index is a price return index that tracks the performance of the Eurozone. The index is designed to represent the broad market performance of the region. The index is calculated and maintained by STOXX and is denominated in EUR.,Equity-linked index (filtered from broader global index universe),JerBouma/FinanceDatabase indices.csv snapshot,https://github.com/JerBouma/FinanceDatabase/blob/main/database/indices.csv
023W.Z,STXG30XEA PR EUR,,ZRH,Unclassified / multiple providers,Global,Equities,Equities,The STXG30XEA PR EUR Index tracks the performance of the STOXX Global 30 ex Eurozone index in price return. The index represents global companies excluding those from the Eurozone. The index is calculated and maintained by STOXX and is denominated in EUR.,Equity-linked index (filtered from broader global index universe),JerBouma/FinanceDatabase indices.csv snapshot,https://github.com/JerBouma/FinanceDatabase/blob/main/database/indices.csv
0260.Z,STX CANADA50 D.LEV.NR EO,,ZRH,Unclassified / multiple providers,Unspecified / mixed,Equities,Equities,"The STX CANADA50 D.LEV.NR EO index provides a daily leveraged exposure to the 50 largest Canadian stocks. It is a net return index, meaning it accounts for dividend payments after the deduction of withholding taxes, and is priced in EUR. The index uses a proprietary methodology.",Equity-linked index (filtered from broader global index universe),JerBouma/FinanceDatabase indices.csv snapshot,https://github.com/JerBouma/FinanceDatabase/blob/main/database/indices.csv
0261.Z,STX CANADA50 D.SH.I.GR EO,,ZRH,Unclassified / multiple providers,Unspecified / mixed,Equities,Equities,"The STX CANADA50 D.SH.I.GR EO index provides a daily short exposure to the 50 largest Canadian stocks. It is a gross return index, meaning it accounts for dividend payments without deducting withholding taxes, and is priced in EUR. The index uses a proprietary methodology.",Equity-linked index (filtered from broader global index universe),JerBouma/FinanceDatabase indices.csv snapshot,https://github.com/JerBouma/FinanceDatabase/blob/main/database/indices.csv
0262.Z,STX CANADA50 D.L.4 NR EO,,ZRH,Unclassified / multiple providers,Unspecified / mixed,Equities,Equities,"The STX CANADA50 D.L.4 NR EO index provides a daily 4x leveraged exposure to the 50 largest Canadian stocks. It is a net return index, meaning it accounts for dividend payments after the deduction of withholding taxes, and is priced in EUR. The index uses a proprietary methodology.",Equity-linked index (filtered from broader global index universe),JerBouma/FinanceDatabase indices.csv snapshot,https://github.com/JerBouma/FinanceDatabase/blob/main/database/indices.csv
0263.Z,STX CANADA50 D.D.SH.GR EO,,ZRH,Unclassified / multiple providers,Unspecified / mixed,Equities,Equities,"The STX CANADA50 D.D.SH.GR EO index provides a daily double short exposure to the 50 largest Canadian stocks. It is a gross return index, meaning it accounts for dividend payments without deducting withholding taxes, and is priced in EUR. The index uses a proprietary methodology.",Equity-linked index (filtered from broader global index universe),JerBouma/FinanceDatabase indices.csv snapshot,https://github.com/JerBouma/FinanceDatabase/blob/main/database/indices.csv
0264.Z,STX HK 50 D.LEV.I.NR EO,,ZRH,Unclassified / multiple providers,Unspecified / mixed,Equities,Equities,"The STX HK 50 D.LEV.I.NR EO index provides a daily leveraged exposure to the 50 largest Hong Kong stocks. It is a net return index, meaning it accounts for dividend payments after the deduction of withholding taxes, and is priced in EUR. The index uses a proprietary methodology.",Equity-linked index (filtered from broader global index universe),JerBouma/FinanceDatabase indices.csv snapshot,https://github.com/JerBouma/FinanceDatabase/blob/main/database/indices.csv
0265.Z,STX HK 50 D.SH.I.GR EO,,ZRH,Unclassified / multiple providers,Unspecified / mixed,Equities,Equities,"The STX HK 50 D.SH.I.GR EO index provides a daily short exposure to the 50 largest Hong Kong stocks. It is a gross return index, meaning it accounts for dividend payments without deducting withholding taxes, and is priced in EUR. The index uses a proprietary methodology.",Equity-linked index (filtered from broader global index universe),JerBouma/FinanceDatabase indices.csv snapshot,https://github.com/JerBouma/FinanceDatabase/blob/main/database/indices.csv
0266.Z,STX HK 50 D.LEV.4 I.NR EO,,ZRH,Unclassified / multiple providers,Unspecified / mixed,Equities,Equities,"The STX HK 50 D.LEV.4 I.NR EO index provides a daily 4x leveraged exposure to the 50 largest Hong Kong stocks. It is a net return index, meaning it accounts for dividend payments after the deduction of withholding taxes, and is priced in EUR. The index uses a proprietary methodology.",Equity-linked index (filtered from broader global index universe),JerBouma/FinanceDatabase indices.csv snapshot,https://github.com/JerBouma/FinanceDatabase/blob/main/database/indices.csv
0267.Z,STX HK 50 D.D.SH.I.GR EO,,ZRH,Unclassified / multiple providers,Unspecified / mixed,Equities,Equities,"The STX HK 50 D.D.SH.I.GR EO index provides a daily double short exposure to the 50 largest Hong Kong stocks. It is a gross return index, meaning it accounts for dividend payments without deducting withholding taxes, and is priced in EUR. The index uses a proprietary methodology.",Equity-linked index (filtered from broader global index universe),JerBouma/FinanceDatabase indices.csv snapshot,https://github.com/JerBouma/FinanceDatabase/blob/main/database/indices.csv
0268.Z,STX JAPAN50 D.LEV.I.NR EO,,ZRH,Unclassified / multiple providers,Japan,Equities,Equities,"The STX JAPAN50 D.LEV.I.NR EO index provides a daily leveraged exposure to the 50 largest Japanese stocks. It is a net return index, meaning it accounts for dividend payments after the deduction of withholding taxes, and is priced in EUR. The index uses a proprietary methodology.",Equity-linked index (filtered from broader global index universe),JerBouma/FinanceDatabase indices.csv snapshot,https://github.com/JerBouma/FinanceDatabase/blob/main/database/indices.csv
0269.Z,STX JAPAN50 D.SH.I.GR EO,,ZRH,Unclassified / multiple providers,Japan,Equities,Equities,"The STX JAPAN50 D.SH.I.GR EO index provides a daily short exposure to the 50 largest Japanese stocks. It is a gross return index, meaning it accounts for dividend payments without deducting withholding taxes, and is priced in EUR. The index uses a proprietary methodology.",Equity-linked index (filtered from broader global index universe),JerBouma/FinanceDatabase indices.csv snapshot,https://github.com/JerBouma/FinanceDatabase/blob/main/database/indices.csv
026E.Z,STX LA.AM.50 DBL.SH.GR EO,,ZRH,Unclassified / multiple providers,Latin America,Equities,Equities,"The STX LA.AM.50 DBL.SH.GR EO index provides a double short exposure to the 50 largest Latin American stocks. It is a gross return index, meaning it accounts for dividend payments without deducting withholding taxes, and is priced in EUR. The index uses a proprietary methodology.",Equity-linked index (filtered from broader global index universe),JerBouma/FinanceDatabase indices.csv snapshot,https://github.com/JerBouma/FinanceDatabase/blob/main/database/indices.csv
026F.Z,STX FRANCE50 D.LEV.NR EO,,ZRH,Unclassified / multiple providers,Unspecified / mixed,Equities,Equities,"The STX FRANCE50 D.LEV.NR EO index provides a daily leveraged exposure to the 50 largest French stocks. It is a net return index, meaning it accounts for dividend payments after the deduction of withholding taxes, and is priced in EUR. The index uses a proprietary methodology.",Equity-linked index (filtered from broader global index universe),JerBouma/FinanceDatabase indices.csv snapshot,https://github.com/JerBouma/FinanceDatabase/blob/main/database/indices.csv
026G.Z,STX FRANCE50 D.SH.I.GR EO,,ZRH,Unclassified / multiple providers,Unspecified / mixed,Equities,Equities,"The STX FRANCE50 D.SH.I.GR EO index provides a daily short exposure to the 50 largest French stocks. It is a gross return index, meaning it accounts for dividend payments without deducting withholding taxes, and is priced in EUR. The index uses a proprietary methodology.",Equity-linked index (filtered from broader global index universe),JerBouma/FinanceDatabase indices.csv snapshot,https://github.com/JerBouma/FinanceDatabase/blob/main/database/indices.csv
026H.Z,STX FRANCE50 D.LE.4 NR EO,,ZRH,Unclassified / multiple providers,Unspecified / mixed,Equities,Equities,"The STX FRANCE50 D.LE.4 NR EO index provides a daily 4x leveraged exposure to the 50 largest French stocks. It is a net return index, meaning it accounts for dividend payments after the deduction of withholding taxes, and is priced in EUR. The index uses a proprietary methodology.",Equity-linked index (filtered from broader global index universe),JerBouma/FinanceDatabase indices.csv snapshot,https://github.com/JerBouma/FinanceDatabase/blob/main/database/indices.csv
026I.Z,STX FRANCE50 D.D.SH.GR EO,,ZRH,Unclassified / multiple providers,Unspecified / mixed,Equities,Equities,"The STX FRANCE50 D.D.SH.GR EO index tracks the performance of 50 French companies with a daily double short strategy and gross return, denominated in EUR. This strategy involves taking a short position with twice the leverage relative to the benchmark. The index aims to provide inverse exposure to the French market.",Equity-linked index (filtered from broader global index universe),JerBouma/FinanceDatabase indices.csv snapshot,https://github.com/JerBouma/FinanceDatabase/blob/main/database/indices.csv
026J.Z,STX ITALY20 D.LEV.I.NR EO,,ZRH,Unclassified / multiple providers,Unspecified / mixed,Equities,Equities,"The STX ITALY20 D.LEV.I.NR EO index tracks the performance of 20 Italian companies with a daily leveraged investment and net return, denominated in EUR. This strategy involves taking a leveraged position relative to the benchmark. The index aims to provide enhanced exposure to the Italian market.",Equity-linked index (filtered from broader global index universe),JerBouma/FinanceDatabase indices.csv snapshot,https://github.com/JerBouma/FinanceDatabase/blob/main/database/indices.csv
026K.Z,STX ITALY20 D.SH.I.GR EO,,ZRH,Unclassified / multiple providers,Unspecified / mixed,Equities,Equities,"The STX ITALY20 D.SH.I.GR EO index tracks the performance of 20 Italian companies with a daily short investment strategy and gross return, denominated in EUR. This strategy involves taking a short position relative to the benchmark. The index aims to provide inverse exposure to the Italian market.",Equity-linked index (filtered from broader global index universe),JerBouma/FinanceDatabase indices.csv snapshot,https://github.com/JerBouma/FinanceDatabase/blob/main/database/indices.csv
026L.Z,STX ITALY20 D.LEV.4 NR EO,,ZRH,Unclassified / multiple providers,Unspecified / mixed,Equities,Equities,"The STX ITALY20 D.LEV.4 NR EO index tracks the performance of 20 Italian companies with a daily leveraged four times strategy and net return, denominated in EUR. This strategy involves taking a leveraged position, amplified by a factor of four, relative to the benchmark. The index aims to provide significantly enhanced exposure to the Italian market.",Equity-linked index (filtered from broader global index universe),JerBouma/FinanceDatabase indices.csv snapshot,https://github.com/JerBouma/FinanceDatabase/blob/main/database/indices.csv
026M.Z,STX ITALY20 D.D.SH.GR EO,,ZRH,Unclassified / multiple providers,Unspecified / mixed,Equities,Equities,"The STX ITALY20 D.D.SH.GR EO index tracks the performance of 20 Italian companies with a daily double short strategy and gross return, denominated in EUR. This strategy involves taking a short position with twice the leverage relative to the benchmark. The index aims to provide inverse exposure to the Italian market.",Equity-linked index (filtered from broader global index universe),JerBouma/FinanceDatabase indices.csv snapshot,https://github.com/JerBouma/FinanceDatabase/blob/main/database/indices.csv
026N.Z,STX SPAIN 20 D.LEV.NR EO,,ZRH,Unclassified / multiple providers,Unspecified / mixed,Equities,Equities,"The STX SPAIN 20 D.LEV.NR EO index tracks the performance of 20 Spanish companies with a daily leveraged investment and net return, denominated in EUR. This strategy involves taking a leveraged position relative to the benchmark. The index aims to provide enhanced exposure to the Spanish market.",Equity-linked index (filtered from broader global index universe),JerBouma/FinanceDatabase indices.csv snapshot,https://github.com/JerBouma/FinanceDatabase/blob/main/database/indices.csv
026P.Z,STX SPAIN 20 D.SH.I.GR EO,,ZRH,Unclassified / multiple providers,Unspecified / mixed,Equities,Equities,"The STX SPAIN 20 D.SH.I.GR EO index tracks the performance of 20 Spanish companies with a daily short investment strategy and gross return, denominated in EUR. This strategy involves taking a short position relative to the benchmark. The index aims to provide inverse exposure to the Spanish market.",Equity-linked index (filtered from broader global index universe),JerBouma/FinanceDatabase indices.csv snapshot,https://github.com/JerBouma/FinanceDatabase/blob/main/database/indices.csv
026Q.Z,STX SPAIN 20 D.LE.4 NR EO,,ZRH,Unclassified / multiple providers,Unspecified / mixed,Equities,Equities,"The STX SPAIN 20 D.LE.4 NR EO index tracks the performance of 20 Spanish companies with a daily leveraged four times strategy and net return, denominated in EUR. This strategy involves taking a leveraged position, amplified by a factor of four, relative to the benchmark. The index aims to provide significantly enhanced exposure to the Spanish market.",Equity-linked index (filtered from broader global index universe),JerBouma/FinanceDatabase indices.csv snapshot,https://github.com/JerBouma/FinanceDatabase/blob/main/database/indices.csv
026R.Z,STX SPAIN 20 D.D.SH.GR EO,,ZRH,Unclassified / multiple providers,Unspecified / mixed,Equities,Equities,"The STX SPAIN 20 D.D.SH.GR EO index tracks the performance of 20 Spanish companies with a daily double short strategy and gross return, denominated in EUR. This strategy involves taking a short position with twice the leverage relative to the benchmark. The index aims to provide inverse exposure to the Spanish market.",Equity-linked index (filtered from broader global index universe),JerBouma/FinanceDatabase indices.csv snapshot,https://github.com/JerBouma/FinanceDatabase/blob/main/database/indices.csv
026S.Z,STX UK 50 D.LEV.I.NR EO,,ZRH,Unclassified / multiple providers,Unspecified / mixed,Equities,Equities,"The STX UK 50 D.LEV.I.NR EO index tracks the performance of 50 UK companies with a daily leveraged investment and net return, denominated in EUR. This strategy involves taking a leveraged position relative to the benchmark. The index aims to provide enhanced exposure to the UK market.",Equity-linked index (filtered from broader global index universe),JerBouma/FinanceDatabase indices.csv snapshot,https://github.com/JerBouma/FinanceDatabase/blob/main/database/indices.csv
026T.Z,STX UK 50 D.SH.I.GR EO,,ZRH,Unclassified / multiple providers,Unspecified / mixed,Equities,Equities,"The STX UK 50 D.SH.I.GR EO index tracks the performance of 50 UK companies with a daily short investment strategy and gross return, denominated in EUR. This strategy involves taking a short position relative to the benchmark. The index aims to provide inverse exposure to the UK market.",Equity-linked index (filtered from broader global index universe),JerBouma/FinanceDatabase indices.csv snapshot,https://github.com/JerBouma/FinanceDatabase/blob/main/database/indices.csv
026U.Z,STX UK 50 D.LEV 4 I.NR EO,,ZRH,Unclassified / multiple providers,Unspecified / mixed,Equities,Equities,"The STX UK 50 D.LEV 4 I.NR EO index tracks the performance of 50 UK companies with a daily leveraged four times investment and net return, denominated in EUR. This strategy involves taking a leveraged position, amplified by a factor of four, relative to the benchmark. The index aims to provide significantly enhanced exposure to the UK market.",Equity-linked index (filtered from broader global index universe),JerBouma/FinanceDatabase indices.csv snapshot,https://github.com/JerBouma/FinanceDatabase/blob/main/database/indices.csv
026V.Z,STX UK 50 D.D.SH.I.GR EO,,ZRH,Unclassified / multiple providers,Unspecified / mixed,Equities,Equities,"The STX UK 50 D.D.SH.I.GR EO index tracks the performance of 50 UK companies with a daily double short investment strategy and gross return, denominated in EUR. This strategy involves taking a short position with twice the leverage relative to the benchmark. The index aims to provide inverse exposure to the UK market.",Equity-linked index (filtered from broader global index universe),JerBouma/FinanceDatabase indices.csv snapshot,https://github.com/JerBouma/FinanceDatabase/blob/main/database/indices.csv
026W.Z,STX USA 50 D.LEV.I.NR EO,,ZRH,Unclassified / multiple providers,United States,Equities,Equities,"The STX USA 50 D.LEV.I.NR EO index tracks the performance of 50 US companies with a daily leveraged investment and net return, denominated in EUR. This strategy involves taking a leveraged position relative to the benchmark. The index aims to provide enhanced exposure to the US market.",Equity-linked index (filtered from broader global index universe),JerBouma/FinanceDatabase indices.csv snapshot,https://github.com/JerBouma/FinanceDatabase/blob/main/database/indices.csv
026X.Z,STX USA 50 D.SH.I.GR EO,,ZRH,Unclassified / multiple providers,United States,Equities,Equities,"The STX USA 50 D.SH.I.GR EO index tracks the performance of 50 US companies with a daily short investment strategy and gross return, denominated in EUR. This strategy involves taking a short position relative to the benchmark. The index aims to provide inverse exposure to the US market.",Equity-linked index (filtered from broader global index universe),JerBouma/FinanceDatabase indices.csv snapshot,https://github.com/JerBouma/FinanceDatabase/blob/main/database/indices.csv
026Y.Z,STX USA 50 D.LEV.4 NR EO,,ZRH,Unclassified / multiple providers,United States,Equities,Equities,"The STX USA 50 D.LEV.4 NR EO index tracks the performance of 50 US companies with a daily leveraged four times strategy and net return, denominated in EUR. This strategy involves taking a leveraged position, amplified by a factor of four, relative to the benchmark. The index aims to provide significantly enhanced exposure to the US market.",Equity-linked index (filtered from broader global index universe),JerBouma/FinanceDatabase indices.csv snapshot,https://github.com/JerBouma/FinanceDatabase/blob/main/database/indices.csv
026Z.Z,STX USA 50 D.D.SH.I.GR EO,,ZRH,Unclassified / multiple providers,United States,Equities,Equities,"The STX USA 50 D.D.SH.I.GR EO index tracks the performance of 50 US companies with a daily double short investment strategy and gross return, denominated in EUR. This strategy involves taking a short position with twice the leverage relative to the benchmark. The index aims to provide inverse exposure to the US market.",Equity-linked index (filtered from broader global index universe),JerBouma/FinanceDatabase indices.csv snapshot,https://github.com/JerBouma/FinanceDatabase/blob/main/database/indices.csv
0270.Z,STXG30IND NR EUR,,ZRH,Unclassified / multiple providers,Global,Industrials,Equities,"The STXG30IND NR EUR Index tracks the performance of the Eurozone STOXX Global 30 Industrials sector, net return. It aims to represent the leading companies in the industrials sector. The index is calculated and maintained by STOXX and is denominated in EUR.",Equity-linked index (filtered from broader global index universe),JerBouma/FinanceDatabase indices.csv snapshot,https://github.com/JerBouma/FinanceDatabase/blob/main/database/indices.csv
0273.Z,STXG30FIN NR EUR,,ZRH,Unclassified / multiple providers,Global,Financials,Equities,"The STXG30FIN NR EUR Index tracks the performance of the Eurozone STOXX Global 30 Financials sector, net return. The index is designed to represent the leading companies in the financial sector. The index is calculated and maintained by STOXX and is denominated in EUR.",Equity-linked index (filtered from broader global index universe),JerBouma/FinanceDatabase indices.csv snapshot,https://github.com/JerBouma/FinanceDatabase/blob/main/database/indices.csv
027Q.Z,STXAP6BAM NR EUR,,ZRH,Unclassified / multiple providers,Europe,Materials,Equities,"The STXAP6BAM NR EUR Index tracks the performance of the top 6 companies from the Eurozone in the Basic Materials sector, with preference given to companies with higher free-float market capitalization, in net return. It aims to represent the largest and most liquid companies in the sector. The index is calculated and maintained by STOXX.",Equity-linked index (filtered from broader global index universe),JerBouma/FinanceDatabase indices.csv snapshot,https://github.com/JerBouma/FinanceDatabase/blob/main/database/indices.csv
027R.Z,STXAP6IND NR EUR,,ZRH,Unclassified / multiple providers,Europe,Industrials,Equities,"The STXAP6IND NR EUR Index tracks the performance of the top 6 companies from the Eurozone in the Industrials sector, with preference given to companies with higher free-float market capitalization, in net return. It aims to represent the largest and most liquid companies in the sector. The index is calculated and maintained by STOXX.",Equity-linked index (filtered from broader global index universe),JerBouma/FinanceDatabase indices.csv snapshot,https://github.com/JerBouma/FinanceDatabase/blob/main/database/indices.csv
027T.Z,STXAP6HEC NR EUR,,ZRH,Unclassified / multiple providers,Europe,Health Care,Equities,"The STXAP6HEC NR EUR Index tracks the performance of the top 6 companies from the Eurozone in the Health Care sector, with preference given to companies with higher free-float market capitalization, in net return. It aims to represent the largest and most liquid companies in the sector. The index is calculated and maintained by STOXX.",Equity-linked index (filtered from broader global index universe),JerBouma/FinanceDatabase indices.csv snapshot,https://github.com/JerBouma/FinanceDatabase/blob/main/database/indices.csv
027V.Z,STXAP6UTI NR EUR,,ZRH,Unclassified / multiple providers,Europe,Utilities,Equities,"The STXAP6UTI NR EUR Index tracks the performance of the top 6 companies from the Eurozone in the Utilities sector, with preference given to companies with higher free-float market capitalization, in net return. It aims to represent the largest and most liquid companies in the sector. The index is calculated and maintained by STOXX.",Equity-linked index (filtered from broader global index universe),JerBouma/FinanceDatabase indices.csv snapshot,https://github.com/JerBouma/FinanceDatabase/blob/main/database/indices.csv
027W.Z,STXAP6TEL NR EUR,,ZRH,Unclassified / multiple providers,Europe,Communication Services,Equities,"The STXAP6TEL NR EUR Index tracks the performance of the top 6 companies from the Eurozone in the Telecommunications sector, with preference given to companies with higher free-float market capitalization, in net return. It aims to represent the largest and most liquid companies in the sector. The index is calculated and maintained by STOXX.",Equity-linked index (filtered from broader global index universe),JerBouma/FinanceDatabase indices.csv snapshot,https://github.com/JerBouma/FinanceDatabase/blob/main/database/indices.csv
027X.Z,STXAP6FIN NR EUR,,ZRH,Unclassified / multiple providers,Europe,Financials,Equities,"The STXAP6FIN NR EUR Index tracks the performance of the top 6 companies from the Eurozone in the Financials sector, with preference given to companies with higher free-float market capitalization, in net return. It aims to represent the largest and most liquid companies in the sector. The index is calculated and maintained by STOXX.",Equity-linked index (filtered from broader global index universe),JerBouma/FinanceDatabase indices.csv snapshot,https://github.com/JerBouma/FinanceDatabase/blob/main/database/indices.csv
027Y.Z,STXAP6TEC NR EUR,,ZRH,Unclassified / multiple providers,Europe,Information Technology,Equities,"The STXAP6TEC NR EUR Index tracks the performance of the top 6 companies from the Eurozone in the Technology sector, with preference given to companies with higher free-float market capitalization, in net return. It aims to represent the largest and most liquid companies in the sector. The index is calculated and maintained by STOXX.",Equity-linked index (filtered from broader global index universe),JerBouma/FinanceDatabase indices.csv snapshot,https://github.com/JerBouma/FinanceDatabase/blob/main/database/indices.csv
027Z.Z,STXG30BAM NR EUR,,ZRH,Unclassified / multiple providers,Global,Materials,Equities,"The STXG30BAM NR EUR Index tracks the performance of the Eurozone STOXX Global 30 Basic Materials sector, net return. The index is designed to represent the leading companies in the basic materials sector. The index is calculated and maintained by STOXX and is denominated in EUR.",Equity-linked index (filtered from broader global index universe),JerBouma/FinanceDatabase indices.csv snapshot,https://github.com/JerBouma/FinanceDatabase/blob/main/database/indices.csv
028J.Z,STXEA NR EUR,,ZRH,Unclassified / multiple providers,Europe,Equities,Equities,The STXEA NR EUR Index is a net return index that tracks the performance of the Eurozone. The index is designed to represent the broad market performance of the region. The index is calculated and maintained by STOXX and is denominated in EUR.,Equity-linked index (filtered from broader global index universe),JerBouma/FinanceDatabase indices.csv snapshot,https://github.com/JerBouma/FinanceDatabase/blob/main/database/indices.csv
028M.Z,STXG30XEA NR EUR,,ZRH,Unclassified / multiple providers,Global,Equities,Equities,"The STXG30XEA NR EUR Index tracks the performance of the STOXX Global 30 ex Eurozone index, net return. The index represents global companies excluding those from the Eurozone. The index is calculated and maintained by STOXX and is denominated in EUR.",Equity-linked index (filtered from broader global index universe),JerBouma/FinanceDatabase indices.csv snapshot,https://github.com/JerBouma/FinanceDatabase/blob/main/database/indices.csv
029F.Z,STXE6BAM GR EUR,,ZRH,Unclassified / multiple providers,Europe,Materials,Equities,"The STXE6BAM GR EUR index tracks the performance of the top 6 companies in the Eurozone Basic Materials sector, gross return. The index selects its constituents based on free-float market capitalization within the sector. The index is calculated and maintained by STOXX and is denominated in EUR.",Equity-linked index (filtered from broader global index universe),JerBouma/FinanceDatabase indices.csv snapshot,https://github.com/JerBouma/FinanceDatabase/blob/main/database/indices.csv
029G.Z,STXE6IND GR EUR,,ZRH,Unclassified / multiple providers,Europe,Industrials,Equities,"The STXE6IND GR EUR index tracks the performance of the top 6 companies in the Eurozone Industrials sector, gross return. The index selects its constituents based on free-float market capitalization within the sector. The index is calculated and maintained by STOXX and is denominated in EUR.",Equity-linked index (filtered from broader global index universe),JerBouma/FinanceDatabase indices.csv snapshot,https://github.com/JerBouma/FinanceDatabase/blob/main/database/indices.csv
029J.Z,STXE6FIN GR EUR,,ZRH,Unclassified / multiple providers,Europe,Financials,Equities,"The STXE6FIN GR EUR index tracks the performance of the top 6 companies in the Eurozone Financials sector, gross return. The index selects its constituents based on free-float market capitalization within the sector. The index is calculated and maintained by STOXX and is denominated in EUR.",Equity-linked index (filtered from broader global index universe),JerBouma/FinanceDatabase indices.csv snapshot,https://github.com/JerBouma/FinanceDatabase/blob/main/database/indices.csv
029L.Z,STXAP6BAM GR EUR,,ZRH,Unclassified / multiple providers,Europe,Materials,Equities,"The STXAP6BAM GR EUR Index tracks the performance of the top 6 companies from the Eurozone in the Basic Materials sector, with preference given to companies with higher free-float market capitalization, in gross return. It aims to represent the largest and most liquid companies in the sector. The index is calculated and maintained by STOXX.",Equity-linked index (filtered from broader global index universe),JerBouma/FinanceDatabase indices.csv snapshot,https://github.com/JerBouma/FinanceDatabase/blob/main/database/indices.csv
029M.Z,STXAP6IND GR EUR,,ZRH,Unclassified / multiple providers,Europe,Industrials,Equities,"The STXAP6IND GR EUR Index tracks the performance of the top 6 companies from the Eurozone in the Industrials sector, with preference given to companies with higher free-float market capitalization, in gross return. It aims to represent the largest and most liquid companies in the sector. The index is calculated and maintained by STOXX.",Equity-linked index (filtered from broader global index universe),JerBouma/FinanceDatabase indices.csv snapshot,https://github.com/JerBouma/FinanceDatabase/blob/main/database/indices.csv
029P.Z,STXAP6HEC GR EUR,,ZRH,Unclassified / multiple providers,Europe,Health Care,Equities,"The STXAP6HEC GR EUR Index tracks the performance of the top 6 companies from the Eurozone in the Health Care sector, with preference given to companies with higher free-float market capitalization, in gross return. It aims to represent the largest and most liquid companies in the sector. The index is calculated and maintained by STOXX.",Equity-linked index (filtered from broader global index universe),JerBouma/FinanceDatabase indices.csv snapshot,https://github.com/JerBouma/FinanceDatabase/blob/main/database/indices.csv
029R.Z,STXAP6UTI GR EUR,,ZRH,Unclassified / multiple providers,Europe,Utilities,Equities,"The STXAP6UTI GR EUR Index tracks the performance of the top 6 companies from the Eurozone in the Utilities sector, with preference given to companies with higher free-float market capitalization, in gross return. It aims to represent the largest and most liquid companies in the sector. The index is calculated and maintained by STOXX.",Equity-linked index (filtered from broader global index universe),JerBouma/FinanceDatabase indices.csv snapshot,https://github.com/JerBouma/FinanceDatabase/blob/main/database/indices.csv
029S.Z,STXAP6TEL GR EUR,,ZRH,Unclassified / multiple providers,Europe,Communication Services,Equities,"The STXAP6TEL GR EUR Index tracks the performance of the top 6 companies from the Eurozone in the Telecommunications sector, with preference given to companies with higher free-float market capitalization, in gross return. It aims to represent the largest and most liquid companies in the sector. The index is calculated and maintained by STOXX.",Equity-linked index (filtered from broader global index universe),JerBouma/FinanceDatabase indices.csv snapshot,https://github.com/JerBouma/FinanceDatabase/blob/main/database/indices.csv
029T.Z,STXAP6FIN GR EUR,,ZRH,Unclassified / multiple providers,Europe,Financials,Equities,"The STXAP6FIN GR EUR Index tracks the performance of the top 6 companies from the Eurozone in the Financials sector, with preference given to companies with higher free-float market capitalization, in gross return. It aims to represent the largest and most liquid companies in the sector. The index is calculated and maintained by STOXX.",Equity-linked index (filtered from broader global index universe),JerBouma/FinanceDatabase indices.csv snapshot,https://github.com/JerBouma/FinanceDatabase/blob/main/database/indices.csv
029U.Z,STXAP6TEC GR EUR,,ZRH,Unclassified / multiple providers,Europe,Information Technology,Equities,"The STXAP6TEC GR EUR Index tracks the performance of the top 6 companies from the Eurozone in the Technology sector, with preference given to companies with higher free-float market capitalization, in gross return. It aims to represent the largest and most liquid companies in the sector. The index is calculated and maintained by STOXX.",Equity-linked index (filtered from broader global index universe),JerBouma/FinanceDatabase indices.csv snapshot,https://github.com/JerBouma/FinanceDatabase/blob/main/database/indices.csv
029V.Z,STXG30BAM GR EUR,,ZRH,Unclassified / multiple providers,Global,Materials,Equities,"The STXG30BAM GR EUR Index tracks the performance of the Eurozone STOXX Global 30 Basic Materials sector, gross return. The index is designed to represent the leading companies in the basic materials sector. The index is calculated and maintained by STOXX and is denominated in EUR.",Equity-linked index (filtered from broader global index universe),JerBouma/FinanceDatabase indices.csv snapshot,https://github.com/JerBouma/FinanceDatabase/blob/main/database/indices.csv
029W.Z,STXG30IND GR EUR,,ZRH,Unclassified / multiple providers,Global,Industrials,Equities,"The STXG30IND GR EUR Index tracks the performance of the Eurozone STOXX Global 30 Industrials sector, gross return. It aims to represent the leading companies in the industrials sector. The index is calculated and maintained by STOXX and is denominated in EUR.",Equity-linked index (filtered from broader global index universe),JerBouma/FinanceDatabase indices.csv snapshot,https://github.com/JerBouma/FinanceDatabase/blob/main/database/indices.csv
029Z.Z,STXG30FIN GR EUR,,ZRH,Unclassified / multiple providers,Global,Financials,Equities,"The STXG30FIN GR EUR Index tracks the performance of the Eurozone STOXX Global 30 Financials sector, gross return. The index is designed to represent the leading companies in the financial sector. The index is calculated and maintained by STOXX and is denominated in EUR.",Equity-linked index (filtered from broader global index universe),JerBouma/FinanceDatabase indices.csv snapshot,https://github.com/JerBouma/FinanceDatabase/blob/main/database/indices.csv
02BA.Z,ESTXBAM GR EUR,,ZRH,Unclassified / multiple providers,Europe,Materials,Equities,"The ESTXBAM GR EUR index tracks the performance of Eurozone Basic Materials sector, gross return. The index selects its constituents based on free-float market capitalization within the sector. The index is calculated and maintained by STOXX and is denominated in EUR.",Equity-linked index (filtered from broader global index universe),JerBouma/FinanceDatabase indices.csv snapshot,https://github.com/JerBouma/FinanceDatabase/blob/main/database/indices.csv
02BB.Z,ESTXIND GR EUR,,ZRH,Unclassified / multiple providers,Europe,Industrials,Equities,"The ESTXIND GR EUR index tracks the performance of Eurozone Industrials sector, gross return. The index selects its constituents based on free-float market capitalization within the sector. The index is calculated and maintained by STOXX and is denominated in EUR.",Equity-linked index (filtered from broader global index universe),JerBouma/FinanceDatabase indices.csv snapshot,https://github.com/JerBouma/FinanceDatabase/blob/main/database/indices.csv
02BE.Z,ESTXFIN GR EUR,,ZRH,Unclassified / multiple providers,Europe,Financials,Equities,"The ESTXFIN GR EUR index tracks the performance of Eurozone Financials sector, gross return. The index selects its constituents based on free-float market capitalization within the sector. The index is calculated and maintained by STOXX and is denominated in EUR.",Equity-linked index (filtered from broader global index universe),JerBouma/FinanceDatabase indices.csv snapshot,https://github.com/JerBouma/FinanceDatabase/blob/main/database/indices.csv
02BK.Z,STXEA GR EUR,,ZRH,Unclassified / multiple providers,Europe,Equities,Equities,The STXEA GR EUR Index is a gross return index that tracks the performance of the Eurozone. The index is designed to represent the broad market performance of the region. The index is calculated and maintained by STOXX and is denominated in EUR.,Equity-linked index (filtered from broader global index universe),JerBouma/FinanceDatabase indices.csv snapshot,https://github.com/JerBouma/FinanceDatabase/blob/main/database/indices.csv
02BN.Z,STXG30XEA GR EUR,,ZRH,Unclassified / multiple providers,Global,Equities,Equities,"The STXG30XEA GR EUR Index tracks the performance of the STOXX Global 30 ex Eurozone index, gross return. The index represents global companies excluding those from the Eurozone. The index is calculated and maintained by STOXX and is denominated in EUR.",Equity-linked index (filtered from broader global index universe),JerBouma/FinanceDatabase indices.csv snapshot,https://github.com/JerBouma/FinanceDatabase/blob/main/database/indices.csv
02C0.Z,STOXX JAP.ST.BA.SH.GR USD,,ZRH,STOXX,Japan,Equities,Equities,"The STOXX JAP.ST.BA.SH.GR USD index tracks the performance of Japanese stocks with a sustainable balanced short strategy and gross return, denominated in USD. The index employs a strategy that balances long and short positions in Japanese equities based on sustainability factors. It aims to provide exposure to the Japanese market while incorporating environmental, social, and governance (ESG) considerations.",Equity-linked index (filtered from broader global index universe),JerBouma/FinanceDatabase indices.csv snapshot,https://github.com/JerBouma/FinanceDatabase/blob/main/database/indices.csv
02C1.Z,STX USA STR.BAL.SH. PR EO,,ZRH,Unclassified / multiple providers,United States,Equities,Equities,"The STX USA STR.BAL.SH. PR EO index tracks the performance of US stocks with a strategic balanced short strategy and price return, denominated in EUR. The index employs a strategy that balances long and short positions in US equities in a strategic way. It aims to provide exposure to the US market while potentially mitigating risk.",Equity-linked index (filtered from broader global index universe),JerBouma/FinanceDatabase indices.csv snapshot,https://github.com/JerBouma/FinanceDatabase/blob/main/database/indices.csv
02C2.Z,STX USA STR.BAL.SH. NR EO,,ZRH,Unclassified / multiple providers,United States,Equities,Equities,"The STX USA STR.BAL.SH. NR EO index tracks the performance of US stocks with a strategic balanced short strategy and net return, denominated in EUR. The index employs a strategy that balances long and short positions in US equities in a strategic way. It aims to provide exposure to the US market while potentially mitigating risk.",Equity-linked index (filtered from broader global index universe),JerBouma/FinanceDatabase indices.csv snapshot,https://github.com/JerBouma/FinanceDatabase/blob/main/database/indices.csv
02C3.Z,STX USA STR.BAL.SH. GR EO,,ZRH,Unclassified / multiple providers,United States,Equities,Equities,"The STX USA STR.BAL.SH. GR EO index tracks the performance of US stocks with a strategic balanced short strategy and gross return, denominated in EUR. The index employs a strategy that balances long and short positions in US equities in a strategic way. It aims to provide exposure to the US market while potentially mitigating risk.",Equity-linked index (filtered from broader global index universe),JerBouma/FinanceDatabase indices.csv snapshot,https://github.com/JerBouma/FinanceDatabase/blob/main/database/indices.csv
02C4.Z,STX USA STR.BAL.SH. PR DL,,ZRH,Unclassified / multiple providers,United States,Equities,Equities,"The STX USA STR.BAL.SH. PR DL index tracks the performance of US stocks with a strategic balanced short strategy and price return, denominated in USD. The index employs a strategy that balances long and short positions in US equities in a strategic way. It aims to provide exposure to the US market while potentially mitigating risk.",Equity-linked index (filtered from broader global index universe),JerBouma/FinanceDatabase indices.csv snapshot,https://github.com/JerBouma/FinanceDatabase/blob/main/database/indices.csv
02C5.Z,STX USA STR.BAL.SH. NR DL,,ZRH,Unclassified / multiple providers,United States,Equities,Equities,"The STX USA STR.BAL.SH. NR DL index tracks the performance of US stocks with a strategic balanced short strategy and net return, denominated in USD. The index employs a strategy that balances long and short positions in US equities in a strategic way. It aims to provide exposure to the US market while potentially mitigating risk.",Equity-linked index (filtered from broader global index universe),JerBouma/FinanceDatabase indices.csv snapshot,https://github.com/JerBouma/FinanceDatabase/blob/main/database/indices.csv
02C6.Z,STX USA STR.BAL.SH. GR DL,,ZRH,Unclassified / multiple providers,United States,Equities,Equities,"The STX USA STR.BAL.SH. GR DL index tracks the performance of US stocks with a strategic balanced short strategy and gross return, denominated in USD. The index employs a strategy that balances long and short positions in US equities in a strategic way. It aims to provide exposure to the US market while potentially mitigating risk.",Equity-linked index (filtered from broader global index universe),JerBouma/FinanceDatabase indices.csv snapshot,https://github.com/JerBouma/FinanceDatabase/blob/main/database/indices.csv
02CA.Z,STX GL.1800 E.J.M.V.PR EO,,ZRH,Unclassified / multiple providers,Global,Equities,Equities,"The STX GL.1800 E.J.M.V.PR EO index tracks the performance of the STOXX Global 1800 index, focusing on companies with high environmental, social and governance (ESG) scores using the Economic, Judgemental, Market Value and price return methodology, denominated in EUR. The index aims to provide exposure to global equities while incorporating ESG considerations. The Economic, Judgemental, Market Value methodology refers to the way ESG scores are calculated.",Equity-linked index (filtered from broader global index universe),JerBouma/FinanceDatabase indices.csv snapshot,https://github.com/JerBouma/FinanceDatabase/blob/main/database/indices.csv
02CB.Z,STX GL.1800 E.J.M.V.GR DL,,ZRH,Unclassified / multiple providers,Global,Equities,Equities,"The STX GL.1800 E.J.M.V.GR DL index tracks the performance of the STOXX Global 1800 index, focusing on companies with high environmental, social and governance (ESG) scores using the Economic, Judgemental, Market Value and gross return methodology, denominated in USD. The index aims to provide exposure to global equities while incorporating ESG considerations. The Economic, Judgemental, Market Value methodology refers to the way ESG scores are calculated.",Equity-linked index (filtered from broader global index universe),JerBouma/FinanceDatabase indices.csv snapshot,https://github.com/JerBouma/FinanceDatabase/blob/main/database/indices.csv
02CC.Z,STX GL.1800 E.J.M.V.NR DL,,ZRH,Unclassified / multiple providers,Global,Equities,Equities,"The STX GL.1800 E.J.M.V.NR DL index tracks the performance of the STOXX Global 1800 index, focusing on companies with high environmental, social and governance (ESG) scores using the Economic, Judgemental, Market Value and net return methodology, denominated in USD. The index aims to provide exposure to global equities while incorporating ESG considerations. The Economic, Judgemental, Market Value methodology refers to the way ESG scores are calculated.",Equity-linked index (filtered from broader global index universe),JerBouma/FinanceDatabase indices.csv snapshot,https://github.com/JerBouma/FinanceDatabase/blob/main/database/indices.csv
02CD.Z,STX GL.1800 E.J.M.V.PR DL,,ZRH,Unclassified / multiple providers,Global,Equities,Equities,"The STX GL.1800 E.J.M.V.PR DL index tracks the performance of the STOXX Global 1800 index, focusing on companies with high environmental, social and governance (ESG) scores using the Economic, Judgemental, Market Value and price return methodology, denominated in USD. The index aims to provide exposure to global equities while incorporating ESG considerations. The Economic, Judgemental, Market Value methodology refers to the way ESG scores are calculated.",Equity-linked index (filtered from broader global index universe),JerBouma/FinanceDatabase indices.csv snapshot,https://github.com/JerBouma/FinanceDatabase/blob/main/database/indices.csv
02CE.Z,STX GL.1800 E.J.M.V.GR YN,,ZRH,Unclassified / multiple providers,Global,Equities,Equities,"The STX GL.1800 E.J.M.V.GR YN index tracks the performance of the STOXX Global 1800 index, focusing on companies with high environmental, social and governance (ESG) scores using the Economic, Judgemental, Market Value and gross return methodology, denominated in JPY. The index aims to provide exposure to global equities while incorporating ESG considerations. The Economic, Judgemental, Market Value methodology refers to the way ESG scores are calculated.",Equity-linked index (filtered from broader global index universe),JerBouma/FinanceDatabase indices.csv snapshot,https://github.com/JerBouma/FinanceDatabase/blob/main/database/indices.csv
02CF.Z,STX GL.1800 E.J.M.V.NR YN,,ZRH,Unclassified / multiple providers,Global,Equities,Equities,"The STX GL.1800 E.J.M.V.NR YN index tracks the performance of the STOXX Global 1800 index, focusing on companies with high environmental, social and governance (ESG) scores using the Economic, Judgemental, Market Value and net return methodology, denominated in JPY. The index aims to provide exposure to global equities while incorporating ESG considerations. The Economic, Judgemental, Market Value methodology refers to the way ESG scores are calculated.",Equity-linked index (filtered from broader global index universe),JerBouma/FinanceDatabase indices.csv snapshot,https://github.com/JerBouma/FinanceDatabase/blob/main/database/indices.csv
02CG.Z,STX GL.1800 E.J.M.V.PR YN,,ZRH,Unclassified / multiple providers,Global,Equities,Equities,"The STX GL.1800 E.J.M.V.PR YN index tracks the performance of the STOXX Global 1800 index, focusing on companies with high environmental, social and governance (ESG) scores using the Economic, Judgemental, Market Value and price return methodology, denominated in JPY. The index aims to provide exposure to global equities while incorporating ESG considerations. The Economic, Judgemental, Market Value methodology refers to the way ESG scores are calculated.",Equity-linked index (filtered from broader global index universe),JerBouma/FinanceDatabase indices.csv snapshot,https://github.com/JerBouma/FinanceDatabase/blob/main/database/indices.csv
02CH.Z,STX GLB.STR.BAL.SH. PR EO,,ZRH,Unclassified / multiple providers,Global,Equities,Equities,"The STX GLB.STR.BAL.SH. PR EO index tracks the performance of global stocks with a strategic balanced short strategy and price return, denominated in EUR. The index employs a strategy that balances long and short positions in global equities in a strategic way. It aims to provide exposure to the global market while potentially mitigating risk.",Equity-linked index (filtered from broader global index universe),JerBouma/FinanceDatabase indices.csv snapshot,https://github.com/JerBouma/FinanceDatabase/blob/main/database/indices.csv
02CJ.Z,STX GLB.STR.BAL.SH. NR EO,,ZRH,Unclassified / multiple providers,Global,Equities,Equities,"The STX GLB.STR.BAL.SH. NR EO index tracks the performance of global stocks with a strategic balanced short strategy and net return, denominated in EUR. The index employs a strategy that balances long and short positions in global equities in a strategic way. It aims to provide exposure to the global market while potentially mitigating risk.",Equity-linked index (filtered from broader global index universe),JerBouma/FinanceDatabase indices.csv snapshot,https://github.com/JerBouma/FinanceDatabase/blob/main/database/indices.csv
02CK.Z,STX GLB.STR.BAL.SH. GR EO,,ZRH,Unclassified / multiple providers,Global,Equities,Equities,"The STX GLB.STR.BAL.SH. GR EO index tracks the performance of global stocks with a strategic balanced short strategy and gross return, denominated in EUR. The index employs a strategy that balances long and short positions in global equities in a strategic way. It aims to provide exposure to the global market while potentially mitigating risk.",Equity-linked index (filtered from broader global index universe),JerBouma/FinanceDatabase indices.csv snapshot,https://github.com/JerBouma/FinanceDatabase/blob/main/database/indices.csv
02CL.Z,STX GLB.STR.BAL.SH. PR DL,,ZRH,Unclassified / multiple providers,Global,Equities,Equities,"The STX GLB.STR.BAL.SH. PR DL index tracks the performance of global stocks with a strategic balanced short strategy and price return, denominated in USD. The index employs a strategy that balances long and short positions in global equities in a strategic way. It aims to provide exposure to the global market while potentially mitigating risk.",Equity-linked index (filtered from broader global index universe),JerBouma/FinanceDatabase indices.csv snapshot,https://github.com/JerBouma/FinanceDatabase/blob/main/database/indices.csv
02CM.Z,STX GLB.STR.BAL.SH. NR DL,,ZRH,Unclassified / multiple providers,Global,Equities,Equities,"The STX GLB.STR.BAL.SH. NR DL index tracks the performance of global stocks with a strategic balanced short strategy and net return, denominated in USD. The index employs a strategy that balances long and short positions in global equities in a strategic way. It aims to provide exposure to the global market while potentially mitigating risk.",Equity-linked index (filtered from broader global index universe),JerBouma/FinanceDatabase indices.csv snapshot,https://github.com/JerBouma/FinanceDatabase/blob/main/database/indices.csv
02CN.Z,STX GLB.STR.BAL.SH. GR DL,,ZRH,Unclassified / multiple providers,Global,Equities,Equities,"The STX GLB.STR.BAL.SH. GR DL index tracks the performance of global stocks with a strategic balanced short strategy and gross return, denominated in USD. The index employs a strategy that balances long and short positions in global equities in a strategic way. It aims to provide exposure to the global market while potentially mitigating risk.",Equity-linked index (filtered from broader global index universe),JerBouma/FinanceDatabase indices.csv snapshot,https://github.com/JerBouma/FinanceDatabase/blob/main/database/indices.csv
02CP.Z,STX EUR.STR.BAL.SH. PR EO,,ZRH,Unclassified / multiple providers,Europe,Equities,Equities,"The STX EUR.STR.BAL.SH. PR EO index tracks the performance of European stocks with a strategic balanced short strategy and price return, denominated in EUR. The index employs a strategy that balances long and short positions in European equities in a strategic way. It aims to provide exposure to the European market while potentially mitigating risk.",Equity-linked index (filtered from broader global index universe),JerBouma/FinanceDatabase indices.csv snapshot,https://github.com/JerBouma/FinanceDatabase/blob/main/database/indices.csv
02CQ.Z,STX EUR.STR.BAL.SH. NR EO,,ZRH,Unclassified / multiple providers,Europe,Equities,Equities,"The STX EUR.STR.BAL.SH. NR EO index tracks the performance of European stocks with a strategic balanced short strategy and net return, denominated in EUR. The index employs a strategy that balances long and short positions in European equities in a strategic way. It aims to provide exposure to the European market while potentially mitigating risk.",Equity-linked index (filtered from broader global index universe),JerBouma/FinanceDatabase indices.csv snapshot,https://github.com/JerBouma/FinanceDatabase/blob/main/database/indices.csv
02CR.Z,STX EUR.STR.BAL.SH. GR EO,,ZRH,Unclassified / multiple providers,Europe,Equities,Equities,"The STX EUR.STR.BAL.SH. GR EO index tracks the performance of European stocks with a strategic balanced short strategy and gross return, denominated in EUR. The index employs a strategy that balances long and short positions in European equities in a strategic way. It aims to provide exposure to the European market while potentially mitigating risk.",Equity-linked index (filtered from broader global index universe),JerBouma/FinanceDatabase indices.csv snapshot,https://github.com/JerBouma/FinanceDatabase/blob/main/database/indices.csv
02CS.Z,STX EUR.STR.BAL.SH. PR DL,,ZRH,Unclassified / multiple providers,Europe,Equities,Equities,"The STX EUR.STR.BAL.SH. PR DL index tracks the performance of European stocks with a strategic balanced short strategy and price return, denominated in USD. The index employs a strategy that balances long and short positions in European equities in a strategic way. It aims to provide exposure to the European market while potentially mitigating risk.",Equity-linked index (filtered from broader global index universe),JerBouma/FinanceDatabase indices.csv snapshot,https://github.com/JerBouma/FinanceDatabase/blob/main/database/indices.csv
02CT.Z,STX EUR.STR.BAL.SH. NR DL,,ZRH,Unclassified / multiple providers,Europe,Equities,Equities,"The STX EUR.STR.BAL.SH. NR DL index tracks the performance of European stocks with a strategic balanced short strategy and net return, denominated in USD. The index employs a strategy that balances long and short positions in European equities in a strategic way. It aims to provide exposure to the European market while potentially mitigating risk.",Equity-linked index (filtered from broader global index universe),JerBouma/FinanceDatabase indices.csv snapshot,https://github.com/JerBouma/FinanceDatabase/blob/main/database/indices.csv
02CU.Z,STX EUR.STR.BAL.SH. GR DL,,ZRH,Unclassified / multiple providers,Europe,Equities,Equities,"The STX EUR.STR.BAL.SH. GR DL index tracks the performance of European stocks with a strategic balanced short strategy and gross return, denominated in USD. The index employs a strategy that balances long and short positions in European equities in a strategic way. It aims to provide exposure to the European market while potentially mitigating risk.",Equity-linked index (filtered from broader global index universe),JerBouma/FinanceDatabase indices.csv snapshot,https://github.com/JerBouma/FinanceDatabase/blob/main/database/indices.csv
02CV.Z,STOXX JAP.ST.BA.SH.PR EUR,,ZRH,STOXX,Japan,Equities,Equities,"The STOXX JAP.ST.BA.SH.PR EUR index tracks the performance of Japanese stocks with a sustainable balanced short strategy and price return, denominated in EUR. The index employs a strategy that balances long and short positions in Japanese equities based on sustainability factors. It aims to provide exposure to the Japanese market while incorporating environmental, social, and governance (ESG) considerations.",Equity-linked index (filtered from broader global index universe),JerBouma/FinanceDatabase indices.csv snapshot,https://github.com/JerBouma/FinanceDatabase/blob/main/database/indices.csv
02CW.Z,STOXX JAP.ST.BA.SH.NR EUR,,ZRH,STOXX,Japan,Equities,Equities,"The STOXX JAP.ST.BA.SH.NR EUR index tracks the performance of Japanese stocks with a sustainable balanced short strategy and net return, denominated in EUR. The index employs a strategy that balances long and short positions in Japanese equities based on sustainability factors. It aims to provide exposure to the Japanese market while incorporating environmental, social, and governance (ESG) considerations.",Equity-linked index (filtered from broader global index universe),JerBouma/FinanceDatabase indices.csv snapshot,https://github.com/JerBouma/FinanceDatabase/blob/main/database/indices.csv
02CX.Z,STOXX JAP.ST.BA.SH.GR EUR,,ZRH,STOXX,Japan,Equities,Equities,"The STOXX JAP.ST.BA.SH.GR EUR index tracks the performance of Japanese stocks with a sustainable balanced short strategy and gross return, denominated in EUR. The index employs a strategy that balances long and short positions in Japanese equities based on sustainability factors. It aims to provide exposure to the Japanese market while incorporating environmental, social, and governance (ESG) considerations.",Equity-linked index (filtered from broader global index universe),JerBouma/FinanceDatabase indices.csv snapshot,https://github.com/JerBouma/FinanceDatabase/blob/main/database/indices.csv
02CY.Z,STOXX JAP.ST.BA.SH.PR USD,,ZRH,STOXX,Japan,Equities,Equities,"The STOXX JAP.ST.BA.SH.PR USD index tracks the performance of Japanese stocks with a sustainable balanced short strategy and price return, denominated in USD. The index employs a strategy that balances long and short positions in Japanese equities based on sustainability factors. It aims to provide exposure to the Japanese market while incorporating environmental, social, and governance (ESG) considerations.",Equity-linked index (filtered from broader global index universe),JerBouma/FinanceDatabase indices.csv snapshot,https://github.com/JerBouma/FinanceDatabase/blob/main/database/indices.csv
02CZ.Z,STOXX JAP.ST.BA.SH.NR USD,,ZRH,STOXX,Japan,Equities,Equities,"The STOXX JAP.ST.BA.SH.NR USD index tracks the performance of Japanese stocks with a sustainable balanced short strategy and net return, denominated in USD. The index employs a strategy that balances long and short positions in Japanese equities based on sustainability factors. It aims to provide exposure to the Japanese market while incorporating environmental, social, and governance (ESG) considerations.",Equity-linked index (filtered from broader global index universe),JerBouma/FinanceDatabase indices.csv snapshot,https://github.com/JerBouma/FinanceDatabase/blob/main/database/indices.csv
02I0.Z,STX JAPAN LO.CARBON GR DL,,ZRH,Unclassified / multiple providers,Japan,Equities,Equities,The STX JAPAN LO.CARBON GR DL index aims to represent the performance of leading companies in Japan that have a low carbon footprint. The index is calculated in EUR and reflects gross returns. It is designed for investors seeking exposure to Japanese companies committed to reducing their environmental impact.,Equity-linked index (filtered from broader global index universe),JerBouma/FinanceDatabase indices.csv snapshot,https://github.com/JerBouma/FinanceDatabase/blob/main/database/indices.csv
02I1.Z,STX G.1800E.AU.L.CA.PR EO,,ZRH,Unclassified / multiple providers,Global,Equities,Equities,"The STX G.1800E.AU.L.CA.PR EO index tracks the performance of the STOXX Global 1800 index, focusing on companies with low average utility carbon intensity after liquidity capping and carbon avoidance, using price return methodology, denominated in EUR. The index aims to provide exposure to global equities while reducing exposure to companies with high carbon emissions. It uses carbon avoidance and liquidity capping in its weighting scheme.",Equity-linked index (filtered from broader global index universe),JerBouma/FinanceDatabase indices.csv snapshot,https://github.com/JerBouma/FinanceDatabase/blob/main/database/indices.csv
02I2.Z,STX G.1800E.AU.L.CA.PR DL,,ZRH,Unclassified / multiple providers,Global,Equities,Equities,"The STX G.1800E.AU.L.CA.PR DL index tracks the performance of the STOXX Global 1800 index, focusing on companies with low average utility carbon intensity after liquidity capping and carbon avoidance, using price return methodology, denominated in USD. The index aims to provide exposure to global equities while reducing exposure to companies with high carbon emissions. It uses carbon avoidance and liquidity capping in its weighting scheme.",Equity-linked index (filtered from broader global index universe),JerBouma/FinanceDatabase indices.csv snapshot,https://github.com/JerBouma/FinanceDatabase/blob/main/database/indices.csv
02I3.Z,STX G.1800E.AU.L.CA.PR AD,,ZRH,Unclassified / multiple providers,Global,Equities,Equities,"The STX G.1800E.AU.L.CA.PR AD index tracks the performance of the STOXX Global 1800 index, focusing on companies with low average utility carbon intensity after liquidity capping and carbon avoidance, using price return methodology, denominated in AUD. The index aims to provide exposure to global equities while reducing exposure to companies with high carbon emissions. It uses carbon avoidance and liquidity capping in its weighting scheme.",Equity-linked index (filtered from broader global index universe),JerBouma/FinanceDatabase indices.csv snapshot,https://github.com/JerBouma/FinanceDatabase/blob/main/database/indices.csv
02I4.Z,STX G.1800E.AU.L.CA.NR EO,,ZRH,Unclassified / multiple providers,Global,Equities,Equities,"The STX G.1800E.AU.L.CA.NR EO index tracks the performance of the STOXX Global 1800 index, focusing on companies with low average utility carbon intensity after liquidity capping and carbon avoidance, using net return methodology, denominated in EUR. The index aims to provide exposure to global equities while reducing exposure to companies with high carbon emissions. It uses carbon avoidance and liquidity capping in its weighting scheme.",Equity-linked index (filtered from broader global index universe),JerBouma/FinanceDatabase indices.csv snapshot,https://github.com/JerBouma/FinanceDatabase/blob/main/database/indices.csv
02I5.Z,STX G.1800E.AU.L.CA.NR DL,,ZRH,Unclassified / multiple providers,Global,Equities,Equities,"The STX G.1800E.AU.L.CA.NR DL index tracks the performance of the STOXX Global 1800 index, focusing on companies with low average utility carbon intensity after liquidity capping and carbon avoidance, using net return methodology, denominated in USD. The index aims to provide exposure to global equities while reducing exposure to companies with high carbon emissions. It uses carbon avoidance and liquidity capping in its weighting scheme.",Equity-linked index (filtered from broader global index universe),JerBouma/FinanceDatabase indices.csv snapshot,https://github.com/JerBouma/FinanceDatabase/blob/main/database/indices.csv
02I6.Z,STX G.1800E.AU.L.CA.NR AD,,ZRH,Unclassified / multiple providers,Global,Equities,Equities,"The STX G.1800E.AU.L.CA.NR AD index tracks the performance of the STOXX Global 1800 index, focusing on companies with low average utility carbon intensity after liquidity capping and carbon avoidance, using net return methodology, denominated in AUD. The index aims to provide exposure to global equities while reducing exposure to companies with high carbon emissions. It uses carbon avoidance and liquidity capping in its weighting scheme.",Equity-linked index (filtered from broader global index universe),JerBouma/FinanceDatabase indices.csv snapshot,https://github.com/JerBouma/FinanceDatabase/blob/main/database/indices.csv
02I7.Z,STX G.1800E.AU.L.CA.GR EO,,ZRH,Unclassified / multiple providers,Global,Equities,Equities,"The STX G.1800E.AU.L.CA.GR EO index tracks the performance of the STOXX Global 1800 index, focusing on companies with low average utility carbon intensity after liquidity capping and carbon avoidance, using gross return methodology, denominated in EUR. The index aims to provide exposure to global equities while reducing exposure to companies with high carbon emissions. It uses carbon avoidance and liquidity capping in its weighting scheme.",Equity-linked index (filtered from broader global index universe),JerBouma/FinanceDatabase indices.csv snapshot,https://github.com/JerBouma/FinanceDatabase/blob/main/database/indices.csv
02I8.Z,STX G.1800E.AU.L.CA.GR DL,,ZRH,Unclassified / multiple providers,Global,Equities,Equities,"The STX G.1800E.AU.L.CA.GR DL index tracks the performance of the STOXX Global 1800 index, focusing on companies with low average utility carbon intensity after liquidity capping and carbon avoidance, using gross return methodology, denominated in USD. The index aims to provide exposure to global equities while reducing exposure to companies with high carbon emissions. It uses carbon avoidance and liquidity capping in its weighting scheme.",Equity-linked index (filtered from broader global index universe),JerBouma/FinanceDatabase indices.csv snapshot,https://github.com/JerBouma/FinanceDatabase/blob/main/database/indices.csv
02I9.Z,STX G.1800E.AU.L.CA.GR AD,,ZRH,Unclassified / multiple providers,Global,Equities,Equities,"The STX G.1800E.AU.L.CA.GR AD index tracks the performance of the STOXX Global 1800 index, focusing on companies with low average utility carbon intensity after liquidity capping and carbon avoidance, using gross return methodology, denominated in AUD. The index aims to provide exposure to global equities while reducing exposure to companies with high carbon emissions. It uses carbon avoidance and liquidity capping in its weighting scheme.",Equity-linked index (filtered from broader global index universe),JerBouma/FinanceDatabase indices.csv snapshot,https://github.com/JerBouma/FinanceDatabase/blob/main/database/indices.csv
02IH.Z,STXE LOW CARB.FOOTP.PR EO,,ZRH,Unclassified / multiple providers,Unspecified / mixed,Equities,Equities,"The STXE LOW CARB.FOOTP.PR EO index tracks the performance of companies with low carbon footprint, using price return methodology, denominated in EUR. The index aims to provide exposure to equities while reducing exposure to companies with high carbon emissions. It focuses on companies that contribute less to climate change.",Equity-linked index (filtered from broader global index universe),JerBouma/FinanceDatabase indices.csv snapshot,https://github.com/JerBouma/FinanceDatabase/blob/main/database/indices.csv
02IJ.Z,STXE LOW CARB.FOOTP.PR DL,,ZRH,Unclassified / multiple providers,Unspecified / mixed,Equities,Equities,"The STXE LOW CARB.FOOTP.PR DL index tracks the performance of companies with low carbon footprint, using price return methodology, denominated in USD. The index aims to provide exposure to equities while reducing exposure to companies with high carbon emissions. It focuses on companies that contribute less to climate change.",Equity-linked index (filtered from broader global index universe),JerBouma/FinanceDatabase indices.csv snapshot,https://github.com/JerBouma/FinanceDatabase/blob/main/database/indices.csv
02IK.Z,STXE LOW CARB.FOOTP.NR EO,,ZRH,Unclassified / multiple providers,Unspecified / mixed,Equities,Equities,"The STXE LOW CARB.FOOTP.NR EO index tracks the performance of companies with low carbon footprint, using net return methodology, denominated in EUR. The index aims to provide exposure to equities while reducing exposure to companies with high carbon emissions. It focuses on companies that contribute less to climate change.",Equity-linked index (filtered from broader global index universe),JerBouma/FinanceDatabase indices.csv snapshot,https://github.com/JerBouma/FinanceDatabase/blob/main/database/indices.csv
02IL.Z,STXE LOW CARB.FOOTP.NR DL,,ZRH,Unclassified / multiple providers,Unspecified / mixed,Equities,Equities,"The STXE LOW CARB.FOOTP.NR DL index tracks the performance of companies with low carbon footprint, using net return methodology, denominated in USD. The index aims to provide exposure to equities while reducing exposure to companies with high carbon emissions. It focuses on companies that contribute less to climate change.",Equity-linked index (filtered from broader global index universe),JerBouma/FinanceDatabase indices.csv snapshot,https://github.com/JerBouma/FinanceDatabase/blob/main/database/indices.csv
02IM.Z,STXE LOW CARB.FOOTP.GR EO,,ZRH,Unclassified / multiple providers,Unspecified / mixed,Equities,Equities,"The STXE LOW CARB.FOOTP.GR EO index tracks the performance of companies with low carbon footprint, using gross return methodology, denominated in EUR. The index aims to provide exposure to equities while reducing exposure to companies with high carbon emissions. It focuses on companies that contribute less to climate change.",Equity-linked index (filtered from broader global index universe),JerBouma/FinanceDatabase indices.csv snapshot,https://github.com/JerBouma/FinanceDatabase/blob/main/database/indices.csv
02IN.Z,STXE LOW CARB.FOOTP.GR DL,,ZRH,Unclassified / multiple providers,Unspecified / mixed,Equities,Equities,"The STXE LOW CARB.FOOTP.GR DL index tracks the performance of companies with low carbon footprint, using gross return methodology, denominated in USD. The index aims to provide exposure to equities while reducing exposure to companies with high carbon emissions. It focuses on companies that contribute less to climate change.",Equity-linked index (filtered from broader global index universe),JerBouma/FinanceDatabase indices.csv snapshot,https://github.com/JerBouma/FinanceDatabase/blob/main/database/indices.csv
02IP.Z,STXE REP.LOW CARBON PR EO,,ZRH,Unclassified / multiple providers,Unspecified / mixed,Equities,Equities,"The STXE REP.LOW CARBON PR EO index tracks the performance of companies with a responsible approach to carbon emissions, using price return methodology, denominated in EUR. The index aims to provide exposure to equities while tilting towards companies with lower carbon emissions or those that are actively reducing their carbon footprint. It focuses on companies that are perceived as responsible in their approach to climate change.",Equity-linked index (filtered from broader global index universe),JerBouma/FinanceDatabase indices.csv snapshot,https://github.com/JerBouma/FinanceDatabase/blob/main/database/indices.csv
02IQ.Z,STXE REP.LOW CARBON PR DL,,ZRH,Unclassified / multiple providers,Unspecified / mixed,Equities,Equities,"The STXE REP.LOW CARBON PR DL index tracks the performance of companies with a responsible approach to carbon emissions, using price return methodology, denominated in USD. The index aims to provide exposure to equities while tilting towards companies with lower carbon emissions or those that are actively reducing their carbon footprint. It focuses on companies that are perceived as responsible in their approach to climate change.",Equity-linked index (filtered from broader global index universe),JerBouma/FinanceDatabase indices.csv snapshot,https://github.com/JerBouma/FinanceDatabase/blob/main/database/indices.csv
02IR.Z,STXE REP.LOW CARBON NR EO,,ZRH,Unclassified / multiple providers,Unspecified / mixed,Equities,Equities,"The STXE REP.LOW CARBON NR EO index tracks the performance of companies with a responsible approach to carbon emissions, using net return methodology, denominated in EUR. The index aims to provide exposure to equities while tilting towards companies with lower carbon emissions or those that are actively reducing their carbon footprint. It focuses on companies that are perceived as responsible in their approach to climate change.",Equity-linked index (filtered from broader global index universe),JerBouma/FinanceDatabase indices.csv snapshot,https://github.com/JerBouma/FinanceDatabase/blob/main/database/indices.csv
02IS.Z,STXE REP.LOW CARBON NR DL,,ZRH,Unclassified / multiple providers,Unspecified / mixed,Equities,Equities,"The STXE REP.LOW CARBON NR DL index tracks the performance of companies with a responsible approach to carbon emissions, using net return methodology, denominated in USD. The index aims to provide exposure to equities while tilting towards companies with lower carbon emissions or those that are actively reducing their carbon footprint. It focuses on companies that are perceived as responsible in their approach to climate change.",Equity-linked index (filtered from broader global index universe),JerBouma/FinanceDatabase indices.csv snapshot,https://github.com/JerBouma/FinanceDatabase/blob/main/database/indices.csv
02IU.Z,STXE REP.LOW CARBON GR DL,,ZRH,Unclassified / multiple providers,Unspecified / mixed,Equities,Equities,"The STXE REP.LOW CARBON GR DL index tracks the performance of companies with a responsible approach to carbon emissions, using gross return methodology, denominated in USD. The index aims to provide exposure to equities while tilting towards companies with lower carbon emissions or those that are actively reducing their carbon footprint. It focuses on companies that are perceived as responsible in their approach to climate change.",Equity-linked index (filtered from broader global index universe),JerBouma/FinanceDatabase indices.csv snapshot,https://github.com/JerBouma/FinanceDatabase/blob/main/database/indices.csv
02IV.Z,STX JAPAN LO.CARBON PR EO,,ZRH,Unclassified / multiple providers,Japan,Equities,Equities,"The STX JAPAN LO.CARBON PR EO index tracks the performance of Japanese companies with low carbon emissions, using price return methodology, denominated in EUR. The index aims to provide exposure to the Japanese equity market while focusing on companies with lower carbon footprints. It selects companies that are considered to be leaders in reducing their carbon emissions.",Equity-linked index (filtered from broader global index universe),JerBouma/FinanceDatabase indices.csv snapshot,https://github.com/JerBouma/FinanceDatabase/blob/main/database/indices.csv
02IW.Z,STX JAPAN LO.CARBON PR DL,,ZRH,Unclassified / multiple providers,Japan,Equities,Equities,"The STX JAPAN LO.CARBON PR DL index tracks the performance of Japanese companies with low carbon emissions, using price return methodology, denominated in USD. The index aims to provide exposure to the Japanese equity market while focusing on companies with lower carbon footprints. It selects companies that are considered to be leaders in reducing their carbon emissions.",Equity-linked index (filtered from broader global index universe),JerBouma/FinanceDatabase indices.csv snapshot,https://github.com/JerBouma/FinanceDatabase/blob/main/database/indices.csv
02IX.Z,STX JAPAN LO.CARBON NR EO,,ZRH,Unclassified / multiple providers,Japan,Equities,Equities,"The STX JAPAN LO.CARBON NR EO index tracks the performance of Japanese companies with low carbon emissions, using net return methodology, denominated in EUR. The index aims to provide exposure to the Japanese equity market while focusing on companies with lower carbon footprints. It selects companies that are considered to be leaders in reducing their carbon emissions.",Equity-linked index (filtered from broader global index universe),JerBouma/FinanceDatabase indices.csv snapshot,https://github.com/JerBouma/FinanceDatabase/blob/main/database/indices.csv
02IY.Z,STX JAPAN LO.CARBON NR DL,,ZRH,Unclassified / multiple providers,Japan,Equities,Equities,"The STX JAPAN LO.CARBON NR DL index tracks the performance of Japanese companies with low carbon emissions, using net return methodology, denominated in USD. The index aims to provide exposure to the Japanese equity market while focusing on companies with lower carbon footprints. It selects companies that are considered to be leaders in reducing their carbon emissions.",Equity-linked index (filtered from broader global index universe),JerBouma/FinanceDatabase indices.csv snapshot,https://github.com/JerBouma/FinanceDatabase/blob/main/database/indices.csv
02IZ.Z,STX JAPAN LO.CARBON GR EO,,ZRH,Unclassified / multiple providers,Japan,Equities,Equities,"The STX JAPAN LO.CARBON GR EO index tracks the performance of Japanese companies with low carbon emissions, using gross return methodology, denominated in EUR. The index aims to provide exposure to the Japanese equity market while focusing on companies with lower carbon footprints. It selects companies that are considered to be leaders in reducing their carbon emissions.",Equity-linked index (filtered from broader global index universe),JerBouma/FinanceDatabase indices.csv snapshot,https://github.com/JerBouma/FinanceDatabase/blob/main/database/indices.csv
02J4.Z,STXE6XUK GR USD,,ZRH,Unclassified / multiple providers,Unspecified / mixed,Equities,Equities,"The STXE6XUK GR USD index represents a specific sector or strategy related to the UK market, utilizing a 6x leverage factor, and calculated with gross returns in USD. This aims to provide an amplified exposure to a segment of the UK equity market. Its specific composition and underlying theme would need further definition.",Equity-linked index (filtered from broader global index universe),JerBouma/FinanceDatabase indices.csv snapshot,https://github.com/JerBouma/FinanceDatabase/blob/main/database/indices.csv
02J5.Z,STXEXERLG GR USD,,ZRH,Unclassified / multiple providers,Europe,Equities,Equities,The STXEXERLG GR USD index represents a specific sector or strategy related to Eurozone excluding real estate large cap stocks calculated with gross returns in USD. Its specific composition and underlying theme would need further definition. It tracks the performance of large cap companies.,Equity-linked index (filtered from broader global index universe),JerBouma/FinanceDatabase indices.csv snapshot,https://github.com/JerBouma/FinanceDatabase/blob/main/database/indices.csv
02J6.Z,STXEXUKLG GR USD,,ZRH,Unclassified / multiple providers,Europe,Equities,Equities,The STXEXUKLG GR USD index represents a specific sector or strategy related to Eurozone excluding UK large cap stocks calculated with gross returns in USD. Its specific composition and underlying theme would need further definition. It tracks the performance of large cap companies.,Equity-linked index (filtered from broader global index universe),JerBouma/FinanceDatabase indices.csv snapshot,https://github.com/JerBouma/FinanceDatabase/blob/main/database/indices.csv
02J7.Z,STXEXERMD GR USD,,ZRH,Unclassified / multiple providers,Europe,Equities,Equities,The STXEXERMD GR USD index represents a specific sector or strategy related to Eurozone excluding real estate mid cap stocks calculated with gross returns in USD. Its specific composition and underlying theme would need further definition. It tracks the performance of mid cap companies.,Equity-linked index (filtered from broader global index universe),JerBouma/FinanceDatabase indices.csv snapshot,https://github.com/JerBouma/FinanceDatabase/blob/main/database/indices.csv
02J8.Z,STXEXUKMD GR USD,,ZRH,Unclassified / multiple providers,Europe,Equities,Equities,The STXEXUKMD GR USD index represents a specific sector or strategy related to Eurozone excluding UK mid cap stocks calculated with gross returns in USD. Its specific composition and underlying theme would need further definition. It tracks the performance of mid cap companies.,Equity-linked index (filtered from broader global index universe),JerBouma/FinanceDatabase indices.csv snapshot,https://github.com/JerBouma/FinanceDatabase/blob/main/database/indices.csv
02J9.Z,STXEXERSM GR USD,,ZRH,Unclassified / multiple providers,Europe,Equities,Equities,The STXEXERSM GR USD index represents a specific sector or strategy related to Eurozone excluding real estate small cap stocks calculated with gross returns in USD. Its specific composition and underlying theme would need further definition. It tracks the performance of small cap companies.,Equity-linked index (filtered from broader global index universe),JerBouma/FinanceDatabase indices.csv snapshot,https://github.com/JerBouma/FinanceDatabase/blob/main/database/indices.csv
02JG.Z,ESTX50 GR USD,,ZRH,Unclassified / multiple providers,Europe,Equities,Equities,The ESTX50 GR USD index is the EURO STOXX 50 index calculated with gross returns in USD. It represents 50 of the largest and most liquid stocks in the Eurozone. It aims to provide a broad representation of the Eurozone equity market.,Equity-linked index (filtered from broader global index universe),JerBouma/FinanceDatabase indices.csv snapshot,https://github.com/JerBouma/FinanceDatabase/blob/main/database/indices.csv
02JH.Z,ESTXLG GR USD,,ZRH,Unclassified / multiple providers,Europe,Equities,Equities,The ESTXLG GR USD index is the EURO STOXX Large Cap index calculated with gross returns in USD. It represents the large-capitalization companies within the Eurozone. It aims to provide a broad representation of the large-cap segment of the Eurozone equity market.,Equity-linked index (filtered from broader global index universe),JerBouma/FinanceDatabase indices.csv snapshot,https://github.com/JerBouma/FinanceDatabase/blob/main/database/indices.csv
02JI.Z,ESTXMD GR USD,,ZRH,Unclassified / multiple providers,Europe,Equities,Equities,The ESTXMD GR USD index is the EURO STOXX Mid Cap index calculated with gross returns in USD. It represents the mid-capitalization companies within the Eurozone. It aims to provide a broad representation of the mid-cap segment of the Eurozone equity market.,Equity-linked index (filtered from broader global index universe),JerBouma/FinanceDatabase indices.csv snapshot,https://github.com/JerBouma/FinanceDatabase/blob/main/database/indices.csv
02JJ.Z,ESTXSD30 GR USD,,ZRH,Unclassified / multiple providers,Europe,Equities,Equities,The ESTXSD30 GR USD index is the EURO STOXX Small Dividend 30 index calculated with gross returns in USD. It tracks 30 high dividend-yielding stocks from the EURO STOXX Small Cap index. The index aims to provide exposure to smaller companies with attractive dividend payouts.,Equity-linked index (filtered from broader global index universe),JerBouma/FinanceDatabase indices.csv snapshot,https://github.com/JerBouma/FinanceDatabase/blob/main/database/indices.csv
02JK.Z,ESTXSM GR USD,,ZRH,Unclassified / multiple providers,Europe,Equities,Equities,The ESTXSM GR USD index is the EURO STOXX Small Cap index calculated with gross returns in USD. It represents the small-capitalization companies within the Eurozone. It aims to provide a broad representation of the small-cap segment of the Eurozone equity market.,Equity-linked index (filtered from broader global index universe),JerBouma/FinanceDatabase indices.csv snapshot,https://github.com/JerBouma/FinanceDatabase/blob/main/database/indices.csv
02JL.Z,ESTXTM GR USD,,ZRH,Unclassified / multiple providers,Europe,Equities,Equities,"The ESTXTM GR USD index is the EURO STOXX Total Market index calculated with gross returns in USD. It represents the entire investable market within the Eurozone. It aims to provide a broad representation of the entire Eurozone equity market, encompassing large, mid and small cap companies.",Equity-linked index (filtered from broader global index universe),JerBouma/FinanceDatabase indices.csv snapshot,https://github.com/JerBouma/FinanceDatabase/blob/main/database/indices.csv
02JM.Z,ESTXTMLG GR USD,,ZRH,Unclassified / multiple providers,Europe,Equities,Equities,The ESTXTMLG GR USD index is the EURO STOXX Total Market Large Cap index calculated with gross returns in USD. It represents the large capitalization portion of the entire investable market within the Eurozone. It aims to provide a broad representation of the large-cap segment of the entire Eurozone equity market.,Equity-linked index (filtered from broader global index universe),JerBouma/FinanceDatabase indices.csv snapshot,https://github.com/JerBouma/FinanceDatabase/blob/main/database/indices.csv
02JN.Z,ESTXTMMD GR USD,,ZRH,Unclassified / multiple providers,Europe,Equities,Equities,The ESTXTMMD GR USD index is the EURO STOXX Total Market Mid Cap index calculated with gross returns in USD. It represents the mid capitalization portion of the entire investable market within the Eurozone. It aims to provide a broad representation of the mid-cap segment of the entire Eurozone equity market.,Equity-linked index (filtered from broader global index universe),JerBouma/FinanceDatabase indices.csv snapshot,https://github.com/JerBouma/FinanceDatabase/blob/main/database/indices.csv
02JP.Z,ESTXTMSM GR USD,,ZRH,Unclassified / multiple providers,Europe,Equities,Equities,The ESTXTMSM GR USD index is the EURO STOXX Total Market Small Cap index calculated with gross returns in USD. It represents the small capitalization portion of the entire investable market within the Eurozone. It aims to provide a broad representation of the small-cap segment of the entire Eurozone equity market.,Equity-linked index (filtered from broader global index universe),JerBouma/FinanceDatabase indices.csv snapshot,https://github.com/JerBouma/FinanceDatabase/blob/main/database/indices.csv
02JQ.Z,STXAM6 GR USD,,ZRH,Unclassified / multiple providers,Unspecified / mixed,Equities,Equities,"The STXAM6 GR USD index is a customized or specialized index linked to the Americas region, calculated with gross returns and denominated in USD. It may reflect the performance of the top 6 companies. The index specifics and methodology requires further information.",Equity-linked index (filtered from broader global index universe),JerBouma/FinanceDatabase indices.csv snapshot,https://github.com/JerBouma/FinanceDatabase/blob/main/database/indices.csv
02JR.Z,STX NA SEL.DIV.40 GR USD,,ZRH,Unclassified / multiple providers,Unspecified / mixed,Equities,Equities,"The STX NA SEL.DIV.40 GR USD index tracks the performance of 40 North American companies selected based on dividend yield, calculated with gross returns and denominated in USD. The index focuses on providing exposure to dividend-paying stocks in the North American region. It aims to capture the performance of companies with attractive dividend income.",Equity-linked index (filtered from broader global index universe),JerBouma/FinanceDatabase indices.csv snapshot,https://github.com/JerBouma/FinanceDatabase/blob/main/database/indices.csv
02JT.Z,STXAP6XJP GR USD,,ZRH,Unclassified / multiple providers,Asia-Pacific,Equities,Equities,The STXAP6XJP GR USD index is a customized or specialized index linked to Asia Pacific excluding Japan calculated with gross returns in USD. It may reflect the performance of the top 6 companies. The index specifics and methodology requires further information.,Equity-linked index (filtered from broader global index universe),JerBouma/FinanceDatabase indices.csv snapshot,https://github.com/JerBouma/FinanceDatabase/blob/main/database/indices.csv
02JU.Z,STX AS/PA SEL.DI.30 GR DL,,ZRH,Unclassified / multiple providers,Asia-Pacific,Equities,Equities,"The STX AS/PA SEL.DI.30 GR DL index tracks the performance of 30 companies from the Asia/Pacific region selected based on dividend income, calculated with gross returns and denominated in USD. It focuses on providing exposure to dividend-paying stocks in the Asia/Pacific region. It aims to capture the performance of companies with attractive dividend income.",Equity-linked index (filtered from broader global index universe),JerBouma/FinanceDatabase indices.csv snapshot,https://github.com/JerBouma/FinanceDatabase/blob/main/database/indices.csv
02L0.Z,STXNDTMLG GR USD,,ZRH,Unclassified / multiple providers,Global,Equities,Equities,"The STXNDTMLG GR USD index tracks the performance of large capitalization stocks in developed countries, calculated with gross returns in USD. It is derived from the STOXX Global Total Market index which represents the entire investable market in developed countries. It aims to provide a broad representation of the large-cap segment of the developed markets equity market.",Equity-linked index (filtered from broader global index universe),JerBouma/FinanceDatabase indices.csv snapshot,https://github.com/JerBouma/FinanceDatabase/blob/main/database/indices.csv
02L1.Z,STXNDTMMD GR USD,,ZRH,Unclassified / multiple providers,Unspecified / mixed,Equities,,,Equity-linked index (filtered from broader global index universe),JerBouma/FinanceDatabase indices.csv snapshot,https://github.com/JerBouma/FinanceDatabase/blob/main/database/indices.csv
02L2.Z,STXNDTMSM GR USD,,ZRH,Unclassified / multiple providers,Unspecified / mixed,Equities,,,Equity-linked index (filtered from broader global index universe),JerBouma/FinanceDatabase indices.csv snapshot,https://github.com/JerBouma/FinanceDatabase/blob/main/database/indices.csv
02L5.Z,STXAP6BAM PR USD,,ZRH,Unclassified / multiple providers,Unspecified / mixed,Equities,,,Equity-linked index (filtered from broader global index universe),JerBouma/FinanceDatabase indices.csv snapshot,https://github.com/JerBouma/FinanceDatabase/blob/main/database/indices.csv
02L6.Z,STXAP6IND PR USD,,ZRH,Unclassified / multiple providers,Unspecified / mixed,Equities,Equities,,Equity-linked index (filtered from broader global index universe),JerBouma/FinanceDatabase indices.csv snapshot,https://github.com/JerBouma/FinanceDatabase/blob/main/database/indices.csv
02L8.Z,STXAP6HEC PR USD,,ZRH,Unclassified / multiple providers,Unspecified / mixed,Equities,Equities,,Equity-linked index (filtered from broader global index universe),JerBouma/FinanceDatabase indices.csv snapshot,https://github.com/JerBouma/FinanceDatabase/blob/main/database/indices.csv
02LA.Z,STXEXUKSM GR USD,,ZRH,Unclassified / multiple providers,Unspecified / mixed,Equities,Equities,,Equity-linked index (filtered from broader global index universe),JerBouma/FinanceDatabase indices.csv snapshot,https://github.com/JerBouma/FinanceDatabase/blob/main/database/indices.csv
02LC.Z,STXEXUKTM GR USD,,ZRH,Unclassified / multiple providers,Unspecified / mixed,Equities,Equities,,Equity-linked index (filtered from broader global index universe),JerBouma/FinanceDatabase indices.csv snapshot,https://github.com/JerBouma/FinanceDatabase/blob/main/database/indices.csv
02LD.Z,STXETM GR USD,,ZRH,Unclassified / multiple providers,Global,Equities,Equities,"STXETM GR USD tracks the performance of equity markets in developed countries globally, with an emphasis on tradability and investability, and is calculated and maintained by STOXX. It is a gross return index, meaning it includes dividend payments in its calculation.",Equity-linked index (filtered from broader global index universe),JerBouma/FinanceDatabase indices.csv snapshot,https://github.com/JerBouma/FinanceDatabase/blob/main/database/indices.csv
02LE.Z,STXEXERTMLG GR USD,,ZRH,Unclassified / multiple providers,Global,Equities,Equities,"STXEXERTMLG GR USD tracks the performance of large-cap equity markets in developed countries globally, excluding real estate, with an emphasis on tradability and investability, and is calculated and maintained by STOXX. It is a gross return index, meaning it includes dividend payments in its calculation.",Equity-linked index (filtered from broader global index universe),JerBouma/FinanceDatabase indices.csv snapshot,https://github.com/JerBouma/FinanceDatabase/blob/main/database/indices.csv
02LF.Z,STXEXERTMMD GR USD,,ZRH,Unclassified / multiple providers,Global,Equities,Equities,"STXEXERTMMD GR USD tracks the performance of mid-cap equity markets in developed countries globally, excluding real estate, with an emphasis on tradability and investability, and is calculated and maintained by STOXX. It is a gross return index, meaning it includes dividend payments in its calculation.",Equity-linked index (filtered from broader global index universe),JerBouma/FinanceDatabase indices.csv snapshot,https://github.com/JerBouma/FinanceDatabase/blob/main/database/indices.csv
02LG.Z,STXEXERTMSM GR USD,,ZRH,Unclassified / multiple providers,Global,Equities,Equities,"STXEXERTMSM GR USD tracks the performance of small-cap equity markets in developed countries globally, excluding real estate, with an emphasis on tradability and investability, and is calculated and maintained by STOXX. It is a gross return index, meaning it includes dividend payments in its calculation.",Equity-linked index (filtered from broader global index universe),JerBouma/FinanceDatabase indices.csv snapshot,https://github.com/JerBouma/FinanceDatabase/blob/main/database/indices.csv
02LH.Z,STXEXUKTMLG GR USD,,ZRH,Unclassified / multiple providers,Unspecified / mixed,Equities,Equities,"STXEXUKTMLG GR USD tracks the performance of large-cap equity markets in the UK, excluding tobacco, with an emphasis on tradability and investability, and is calculated and maintained by STOXX. It is a gross return index, meaning it includes dividend payments in its calculation.",Equity-linked index (filtered from broader global index universe),JerBouma/FinanceDatabase indices.csv snapshot,https://github.com/JerBouma/FinanceDatabase/blob/main/database/indices.csv
02LI.Z,STXEXUKTMMD GR USD,,ZRH,Unclassified / multiple providers,Unspecified / mixed,Equities,Equities,"STXEXUKTMMD GR USD tracks the performance of mid-cap equity markets in the UK, excluding tobacco, with an emphasis on tradability and investability, and is calculated and maintained by STOXX. It is a gross return index, meaning it includes dividend payments in its calculation.",Equity-linked index (filtered from broader global index universe),JerBouma/FinanceDatabase indices.csv snapshot,https://github.com/JerBouma/FinanceDatabase/blob/main/database/indices.csv
02LJ.Z,STXEXUKTMSM GR USD,,ZRH,Unclassified / multiple providers,Unspecified / mixed,Equities,Equities,"STXEXUKTMSM GR USD tracks the performance of small-cap equity markets in the UK, excluding tobacco, with an emphasis on tradability and investability, and is calculated and maintained by STOXX. It is a gross return index, meaning it includes dividend payments in its calculation.",Equity-linked index (filtered from broader global index universe),JerBouma/FinanceDatabase indices.csv snapshot,https://github.com/JerBouma/FinanceDatabase/blob/main/database/indices.csv
02LL.Z,STXETMLG GR USD,,ZRH,Unclassified / multiple providers,Global,Equities,Equities,"STXETMLG GR USD tracks the performance of large-cap equity markets in developed countries globally, with an emphasis on tradability and investability, and is calculated and maintained by STOXX. It is a gross return index, meaning it includes dividend payments in its calculation.",Equity-linked index (filtered from broader global index universe),JerBouma/FinanceDatabase indices.csv snapshot,https://github.com/JerBouma/FinanceDatabase/blob/main/database/indices.csv
02LM.Z,STXETMMD GR USD,,ZRH,Unclassified / multiple providers,Global,Equities,Equities,"STXETMMD GR USD tracks the performance of mid-cap equity markets in developed countries globally, with an emphasis on tradability and investability, and is calculated and maintained by STOXX. It is a gross return index, meaning it includes dividend payments in its calculation.",Equity-linked index (filtered from broader global index universe),JerBouma/FinanceDatabase indices.csv snapshot,https://github.com/JerBouma/FinanceDatabase/blob/main/database/indices.csv
02LN.Z,STXETMSM GR USD,,ZRH,Unclassified / multiple providers,Global,Equities,Equities,"STXETMSM GR USD tracks the performance of small-cap equity markets in developed countries globally, with an emphasis on tradability and investability, and is calculated and maintained by STOXX. It is a gross return index, meaning it includes dividend payments in its calculation.",Equity-linked index (filtered from broader global index universe),JerBouma/FinanceDatabase indices.csv snapshot,https://github.com/JerBouma/FinanceDatabase/blob/main/database/indices.csv
02LQ.Z,STXG18XAM GR USD,,ZRH,Unclassified / multiple providers,Unspecified / mixed,Equities,Equities,,Equity-linked index (filtered from broader global index universe),JerBouma/FinanceDatabase indices.csv snapshot,https://github.com/JerBouma/FinanceDatabase/blob/main/database/indices.csv
02LR.Z,STXG18XAP GR USD,,ZRH,Unclassified / multiple providers,Unspecified / mixed,Equities,Equities,,Equity-linked index (filtered from broader global index universe),JerBouma/FinanceDatabase indices.csv snapshot,https://github.com/JerBouma/FinanceDatabase/blob/main/database/indices.csv
02LS.Z,STXG18XEU GR USD,,ZRH,Unclassified / multiple providers,Unspecified / mixed,Equities,Equities,,Equity-linked index (filtered from broader global index universe),JerBouma/FinanceDatabase indices.csv snapshot,https://github.com/JerBouma/FinanceDatabase/blob/main/database/indices.csv
02LT.Z,STXG18SD100 GR USD,,ZRH,Unclassified / multiple providers,Unspecified / mixed,Equities,Equities,,Equity-linked index (filtered from broader global index universe),JerBouma/FinanceDatabase indices.csv snapshot,https://github.com/JerBouma/FinanceDatabase/blob/main/database/indices.csv
02LV.Z,STXNDLG GR USD,,ZRH,Unclassified / multiple providers,Unspecified / mixed,Equities,Equities,"STXNDLG GR USD tracks the performance of large-cap companies within the STOXX Nordic Total Market Index. It is a gross return index, meaning it includes dividend payments in its calculation.",Equity-linked index (filtered from broader global index universe),JerBouma/FinanceDatabase indices.csv snapshot,https://github.com/JerBouma/FinanceDatabase/blob/main/database/indices.csv
02LW.Z,STXNDMD GR USD,,ZRH,Unclassified / multiple providers,Unspecified / mixed,Equities,Equities,"STXNDMD GR USD tracks the performance of mid-cap companies within the STOXX Nordic Total Market Index. It is a gross return index, meaning it includes dividend payments in its calculation.",Equity-linked index (filtered from broader global index universe),JerBouma/FinanceDatabase indices.csv snapshot,https://github.com/JerBouma/FinanceDatabase/blob/main/database/indices.csv
02LY.Z,STXNDSM GR USD,,ZRH,Unclassified / multiple providers,Unspecified / mixed,Equities,Equities,"STXNDSM GR USD tracks the performance of small-cap companies within the STOXX Nordic Total Market Index. It is a gross return index, meaning it includes dividend payments in its calculation.",Equity-linked index (filtered from broader global index universe),JerBouma/FinanceDatabase indices.csv snapshot,https://github.com/JerBouma/FinanceDatabase/blob/main/database/indices.csv
02O2.Z,STXG30XEA PR USD,,ZRH,Unclassified / multiple providers,Unspecified / mixed,Equities,Equities,,Equity-linked index (filtered from broader global index universe),JerBouma/FinanceDatabase indices.csv snapshot,https://github.com/JerBouma/FinanceDatabase/blob/main/database/indices.csv
02OA.Z,STXAP6UTI PR USD,,ZRH,Unclassified / multiple providers,Unspecified / mixed,Utilities,Equities,,Equity-linked index (filtered from broader global index universe),JerBouma/FinanceDatabase indices.csv snapshot,https://github.com/JerBouma/FinanceDatabase/blob/main/database/indices.csv
02OB.Z,STXAP6TEL PR USD,,ZRH,Unclassified / multiple providers,Unspecified / mixed,Communication Services,Equities,,Equity-linked index (filtered from broader global index universe),JerBouma/FinanceDatabase indices.csv snapshot,https://github.com/JerBouma/FinanceDatabase/blob/main/database/indices.csv
02OC.Z,STXAP6FIN PR USD,,ZRH,Unclassified / multiple providers,Unspecified / mixed,Financials,Financials,,Equity-linked index (filtered from broader global index universe),JerBouma/FinanceDatabase indices.csv snapshot,https://github.com/JerBouma/FinanceDatabase/blob/main/database/indices.csv
02OD.Z,STXAP6TEC PR USD,,ZRH,Unclassified / multiple providers,Unspecified / mixed,Information Technology,Technology,,Equity-linked index (filtered from broader global index universe),JerBouma/FinanceDatabase indices.csv snapshot,https://github.com/JerBouma/FinanceDatabase/blob/main/database/indices.csv
02OE.Z,STXG30BAM PR USD,,ZRH,Unclassified / multiple providers,Unspecified / mixed,Equities,Equities,,Equity-linked index (filtered from broader global index universe),JerBouma/FinanceDatabase indices.csv snapshot,https://github.com/JerBouma/FinanceDatabase/blob/main/database/indices.csv
02OF.Z,STXG30IND PR USD,,ZRH,Unclassified / multiple providers,Unspecified / mixed,Equities,Equities,,Equity-linked index (filtered from broader global index universe),JerBouma/FinanceDatabase indices.csv snapshot,https://github.com/JerBouma/FinanceDatabase/blob/main/database/indices.csv
02OI.Z,STXG30FIN PR USD,,ZRH,Unclassified / multiple providers,Unspecified / mixed,Equities,Financials,,Equity-linked index (filtered from broader global index universe),JerBouma/FinanceDatabase indices.csv snapshot,https://github.com/JerBouma/FinanceDatabase/blob/main/database/indices.csv
02OZ.Z,STXEA PR USD,,ZRH,Unclassified / multiple providers,Unspecified / mixed,Equities,Equities,,Equity-linked index (filtered from broader global index universe),JerBouma/FinanceDatabase indices.csv snapshot,https://github.com/JerBouma/FinanceDatabase/blob/main/database/indices.csv
02Q1.Z,STXAP6UTI NR USD,,ZRH,Unclassified / multiple providers,Unspecified / mixed,Utilities,Equities,,Equity-linked index (filtered from broader global index universe),JerBouma/FinanceDatabase indices.csv snapshot,https://github.com/JerBouma/FinanceDatabase/blob/main/database/indices.csv
02Q2.Z,STXAP6TEL NR USD,,ZRH,Unclassified / multiple providers,Unspecified / mixed,Communication Services,Equities,,Equity-linked index (filtered from broader global index universe),JerBouma/FinanceDatabase indices.csv snapshot,https://github.com/JerBouma/FinanceDatabase/blob/main/database/indices.csv
02Q3.Z,STXAP6FIN NR USD,,ZRH,Unclassified / multiple providers,Unspecified / mixed,Financials,Financials,,Equity-linked index (filtered from broader global index universe),JerBouma/FinanceDatabase indices.csv snapshot,https://github.com/JerBouma/FinanceDatabase/blob/main/database/indices.csv
02Q4.Z,STXAP6TEC NR USD,,ZRH,Unclassified / multiple providers,Unspecified / mixed,Information Technology,Technology,,Equity-linked index (filtered from broader global index universe),JerBouma/FinanceDatabase indices.csv snapshot,https://github.com/JerBouma/FinanceDatabase/blob/main/database/indices.csv
02Q5.Z,STXG30BAM NR USD,,ZRH,Unclassified / multiple providers,Unspecified / mixed,Industrials,Equities,,Equity-linked index (filtered from broader global index universe),JerBouma/FinanceDatabase indices.csv snapshot,https://github.com/JerBouma/FinanceDatabase/blob/main/database/indices.csv
02Q6.Z,STXG30IND NR USD,,ZRH,Unclassified / multiple providers,Unspecified / mixed,Industrials,Equities,,Equity-linked index (filtered from broader global index universe),JerBouma/FinanceDatabase indices.csv snapshot,https://github.com/JerBouma/FinanceDatabase/blob/main/database/indices.csv
02Q9.Z,STXG30FIN NR USD,,ZRH,Unclassified / multiple providers,Unspecified / mixed,Financials,Financials,,Equity-linked index (filtered from broader global index universe),JerBouma/FinanceDatabase indices.csv snapshot,https://github.com/JerBouma/FinanceDatabase/blob/main/database/indices.csv
02QW.Z,STXAP6BAM NR USD,,ZRH,Unclassified / multiple providers,Unspecified / mixed,Industrials,Equities,,Equity-linked index (filtered from broader global index universe),JerBouma/FinanceDatabase indices.csv snapshot,https://github.com/JerBouma/FinanceDatabase/blob/main/database/indices.csv
02QX.Z,STXAP6IND NR USD,,ZRH,Unclassified / multiple providers,Unspecified / mixed,Industrials,Equities,,Equity-linked index (filtered from broader global index universe),JerBouma/FinanceDatabase indices.csv snapshot,https://github.com/JerBouma/FinanceDatabase/blob/main/database/indices.csv
02QZ.Z,STXAP6HEC NR USD,,ZRH,Unclassified / multiple providers,Unspecified / mixed,Health Care,Equities,,Equity-linked index (filtered from broader global index universe),JerBouma/FinanceDatabase indices.csv snapshot,https://github.com/JerBouma/FinanceDatabase/blob/main/database/indices.csv
02U0.Z,STX FR50 RISK.10 RV NR EO,,ZRH,Unclassified / multiple providers,Unspecified / mixed,Equities,Derivatives,,Equity-linked index (filtered from broader global index universe),JerBouma/FinanceDatabase indices.csv snapshot,https://github.com/JerBouma/FinanceDatabase/blob/main/database/indices.csv
02U1.Z,STX AUS.50OP.D.LEV.NR EO,EUR,ZRH,Unclassified / multiple providers,Unspecified / mixed,Equities,Derivatives,,Equity-linked index (filtered from broader global index universe),JerBouma/FinanceDatabase indices.csv snapshot,https://github.com/JerBouma/FinanceDatabase/blob/main/database/indices.csv
02U5.Z,STX LATAM50 RC.5RV NR EO,,ZRH,Unclassified / multiple providers,Latin America,Equities,Derivatives,,Equity-linked index (filtered from broader global index universe),JerBouma/FinanceDatabase indices.csv snapshot,https://github.com/JerBouma/FinanceDatabase/blob/main/database/indices.csv
02U6.Z,STX LATAM50 RC.10RV NR EO,,ZRH,Unclassified / multiple providers,Latin America,Equities,Derivatives,,Equity-linked index (filtered from broader global index universe),JerBouma/FinanceDatabase indices.csv snapshot,https://github.com/JerBouma/FinanceDatabase/blob/main/database/indices.csv
02U7.Z,STX LATAM50 RC.15RV NR EO,,ZRH,Unclassified / multiple providers,Latin America,Equities,Derivatives,,Equity-linked index (filtered from broader global index universe),JerBouma/FinanceDatabase indices.csv snapshot,https://github.com/JerBouma/FinanceDatabase/blob/main/database/indices.csv
02U8.Z,STX LATAM50 RC.20RV NR EO,,ZRH,Unclassified / multiple providers,Latin America,Equities,Derivatives,,Equity-linked index (filtered from broader global index universe),JerBouma/FinanceDatabase indices.csv snapshot,https://github.com/JerBouma/FinanceDatabase/blob/main/database/indices.csv
02U9.Z,STX FR50 RISK.5 RV NR EO,,ZRH,Unclassified / multiple providers,Unspecified / mixed,Equities,Derivatives,,Equity-linked index (filtered from broader global index universe),JerBouma/FinanceDatabase indices.csv snapshot,https://github.com/JerBouma/FinanceDatabase/blob/main/database/indices.csv
02UA.Z,STX JAPAN50 D.LEV.4 NR EO,,ZRH,Unclassified / multiple providers,Japan,Equities,Derivatives,,Equity-linked index (filtered from broader global index universe),JerBouma/FinanceDatabase indices.csv snapshot,https://github.com/JerBouma/FinanceDatabase/blob/main/database/indices.csv
02UJ.Z,STX GLOBAL200 O.D.L.NR EO,EUR,ZRH,Unclassified / multiple providers,Global,Equities,Equities,"STX GLOBAL200 O.D.L.NR EO is an optimized dividend index that tracks the top 200 global companies based on dividend yield. It is a net return index, calculated in EUR with a daily observation.",Equity-linked index (filtered from broader global index universe),JerBouma/FinanceDatabase indices.csv snapshot,https://github.com/JerBouma/FinanceDatabase/blob/main/database/indices.csv
02UK.Z,STX AMER.100 OP.D.L.NR EO,EUR,ZRH,Unclassified / multiple providers,Unspecified / mixed,Equities,Equities,"STX AMER.100 OP.D.L.NR EO is an optimized dividend index that tracks the top 100 American companies based on dividend yield. It is a net return index, calculated in EUR with a daily observation.",Equity-linked index (filtered from broader global index universe),JerBouma/FinanceDatabase indices.csv snapshot,https://github.com/JerBouma/FinanceDatabase/blob/main/database/indices.csv
02UL.Z,STX A.EU.100 O.D.LE.NR EO,EUR,ZRH,Unclassified / multiple providers,Europe,Equities,Equities,"STX A.EU.100 O.D.LE.NR EO is an optimized dividend index that tracks the top 100 European companies based on dividend yield. It is a net return index, calculated in EUR with a daily observation.",Equity-linked index (filtered from broader global index universe),JerBouma/FinanceDatabase indices.csv snapshot,https://github.com/JerBouma/FinanceDatabase/blob/main/database/indices.csv
02UM.Z,STX ASIA100 OP.D.LE.NR EO,EUR,ZRH,Unclassified / multiple providers,Unspecified / mixed,Equities,Equities,"STX ASIA100 OP.D.LE.NR EO is an optimized dividend index that tracks the top 100 Asian companies based on dividend yield. It is a net return index, calculated in EUR with a daily observation.",Equity-linked index (filtered from broader global index universe),JerBouma/FinanceDatabase indices.csv snapshot,https://github.com/JerBouma/FinanceDatabase/blob/main/database/indices.csv
02UN.Z,STX PAC.50 OP.D.LEV.NR EO,EUR,ZRH,Unclassified / multiple providers,Asia-Pacific,Equities,Equities,"STX PAC.50 OP.D.LEV.NR EO is an optimized dividend index that tracks the top 50 Pacific companies based on dividend yield. It is a net return index, calculated in EUR with a daily observation.",Equity-linked index (filtered from broader global index universe),JerBouma/FinanceDatabase indices.csv snapshot,https://github.com/JerBouma/FinanceDatabase/blob/main/database/indices.csv
02UQ.Z,STX L.AM.50 OP.D.LE.NR EO,EUR,ZRH,Unclassified / multiple providers,Latin America,Equities,Equities,"STX L.AM.50 OP.D.LE.NR EO is an optimized dividend index that tracks the top 50 Latin American companies based on dividend yield. It is a net return index, calculated in EUR with a daily observation.",Equity-linked index (filtered from broader global index universe),JerBouma/FinanceDatabase indices.csv snapshot,https://github.com/JerBouma/FinanceDatabase/blob/main/database/indices.csv
02UR.Z,STX FRANCE50 OP.D.L.NR EO,EUR,ZRH,Unclassified / multiple providers,Unspecified / mixed,Equities,Equities,"STX FRANCE50 OP.D.L.NR EO is an optimized dividend index that tracks the top 50 French companies based on dividend yield. It is a net return index, calculated in EUR with a daily observation.",Equity-linked index (filtered from broader global index universe),JerBouma/FinanceDatabase indices.csv snapshot,https://github.com/JerBouma/FinanceDatabase/blob/main/database/indices.csv
02US.Z,STX ITALY20 O.D.LEV.NR EO,EUR,ZRH,Unclassified / multiple providers,Unspecified / mixed,Equities,Equities,"STX ITALY20 O.D.LEV.NR EO is an optimized dividend index that tracks the top 20 Italian companies based on dividend yield. It is a net return index, calculated in EUR with a daily observation.",Equity-linked index (filtered from broader global index universe),JerBouma/FinanceDatabase indices.csv snapshot,https://github.com/JerBouma/FinanceDatabase/blob/main/database/indices.csv
02UU.Z,STX UK 50 OP.D.LEV..NR EO,EUR,ZRH,Unclassified / multiple providers,Unspecified / mixed,Equities,Equities,"STX UK 50 OP.D.LEV..NR EO is an optimized dividend index that tracks the top 50 UK companies based on dividend yield. It is a net return index, calculated in EUR with a daily observation.",Equity-linked index (filtered from broader global index universe),JerBouma/FinanceDatabase indices.csv snapshot,https://github.com/JerBouma/FinanceDatabase/blob/main/database/indices.csv
02UV.Z,STX USA 50 OP.D.LEV.NR EO,EUR,ZRH,Unclassified / multiple providers,United States,Equities,Equities,"STX USA 50 OP.D.LEV.NR EO is an optimized dividend index that tracks the top 50 US companies based on dividend yield. It is a net return index, calculated in EUR with a daily observation.",Equity-linked index (filtered from broader global index universe),JerBouma/FinanceDatabase indices.csv snapshot,https://github.com/JerBouma/FinanceDatabase/blob/main/database/indices.csv
02UW.Z,STX CANADA50 OP.D.L.NR EO,EUR,ZRH,Unclassified / multiple providers,Unspecified / mixed,Equities,Equities,"STX CANADA50 OP.D.L.NR EO is an optimized dividend index that tracks the top 50 Canadian companies based on dividend yield. It is a net return index, calculated in EUR with a daily observation.",Equity-linked index (filtered from broader global index universe),JerBouma/FinanceDatabase indices.csv snapshot,https://github.com/JerBouma/FinanceDatabase/blob/main/database/indices.csv
02UX.Z,STX HK 50 OP.D.LEV.NR EO,EUR,ZRH,Unclassified / multiple providers,Unspecified / mixed,Equities,Equities,"STX HK 50 OP.D.LEV.NR EO is an optimized dividend index that tracks the top 50 Hong Kong companies based on dividend yield. It is a net return index, calculated in EUR with a daily observation.",Equity-linked index (filtered from broader global index universe),JerBouma/FinanceDatabase indices.csv snapshot,https://github.com/JerBouma/FinanceDatabase/blob/main/database/indices.csv
02UY.Z,STX JP.50 OP.D.LEV.NR EO,EUR,ZRH,Unclassified / multiple providers,Japan,Equities,Equities,"STX JP.50 OP.D.LEV.NR EO is an optimized dividend index that tracks the top 50 Japanese companies based on dividend yield. It is a net return index, calculated in EUR with a daily observation.",Equity-linked index (filtered from broader global index universe),JerBouma/FinanceDatabase indices.csv snapshot,https://github.com/JerBouma/FinanceDatabase/blob/main/database/indices.csv
02UZ.Z,STX SG.20 OP.D.LEV.NR EO,EUR,ZRH,Unclassified / multiple providers,Unspecified / mixed,Equities,Equities,"STX SG.20 OP.D.LEV.NR EO is an optimized dividend index that tracks the top 20 Singapore companies based on dividend yield. It is a net return index, calculated in EUR with a daily observation.",Equity-linked index (filtered from broader global index universe),JerBouma/FinanceDatabase indices.csv snapshot,https://github.com/JerBouma/FinanceDatabase/blob/main/database/indices.csv
02W0.Z,STX ES20 RISK.20 RV NR EO,,ZRH,Unclassified / multiple providers,Unspecified / mixed,Equities,Equities,"STX ES20 RISK.20 RV NR EO is a risk-controlled index based on the Spanish IBEX 20, targeting a 20% realized volatility, and is net return. The index is calculated in EUR.",Equity-linked index (filtered from broader global index universe),JerBouma/FinanceDatabase indices.csv snapshot,https://github.com/JerBouma/FinanceDatabase/blob/main/database/indices.csv
02W1.Z,STX FR50 RISK.15 RV NR EO,,ZRH,Unclassified / multiple providers,Unspecified / mixed,Equities,Equities,"STX FR50 RISK.15 RV NR EO is a risk-controlled index based on the French CAC 50, targeting a 15% realized volatility, and is net return. The index is calculated in EUR.",Equity-linked index (filtered from broader global index universe),JerBouma/FinanceDatabase indices.csv snapshot,https://github.com/JerBouma/FinanceDatabase/blob/main/database/indices.csv
02W2.Z,STX FR50 RISK.20 RV NR EO,,ZRH,Unclassified / multiple providers,Unspecified / mixed,Equities,Equities,"STX FR50 RISK.20 RV NR EO is a risk-controlled index based on the French CAC 50, targeting a 20% realized volatility, and is net return. The index is calculated in EUR.",Equity-linked index (filtered from broader global index universe),JerBouma/FinanceDatabase indices.csv snapshot,https://github.com/JerBouma/FinanceDatabase/blob/main/database/indices.csv
02W3.Z,STX IT20 RISK.5RV NR EO,,ZRH,Unclassified / multiple providers,Unspecified / mixed,Equities,Equities,"STX IT20 RISK.5RV NR EO is a risk-controlled index based on the Italian MIB 20, targeting a 5% realized volatility, and is net return. The index is calculated in EUR.",Equity-linked index (filtered from broader global index universe),JerBouma/FinanceDatabase indices.csv snapshot,https://github.com/JerBouma/FinanceDatabase/blob/main/database/indices.csv
02W4.Z,STX IT20 RISK.10RV NR EO,,ZRH,Unclassified / multiple providers,Unspecified / mixed,Equities,Equities,"STX IT20 RISK.10RV NR EO is a risk-controlled index based on the Italian MIB 20, targeting a 10% realized volatility, and is net return. The index is calculated in EUR.",Equity-linked index (filtered from broader global index universe),JerBouma/FinanceDatabase indices.csv snapshot,https://github.com/JerBouma/FinanceDatabase/blob/main/database/indices.csv
02W5.Z,STX IT20 RISK.15RV NR EO,,ZRH,Unclassified / multiple providers,Unspecified / mixed,Equities,Equities,"STX IT20 RISK.15RV NR EO is a risk-controlled index based on the Italian MIB 20, targeting a 15% realized volatility, and is net return. The index is calculated in EUR.",Equity-linked index (filtered from broader global index universe),JerBouma/FinanceDatabase indices.csv snapshot,https://github.com/JerBouma/FinanceDatabase/blob/main/database/indices.csv
02W6.Z,STX IT20 RISK.20RV NR EO,,ZRH,Unclassified / multiple providers,Unspecified / mixed,Equities,Equities,"STX IT20 RISK.20RV NR EO is a risk-controlled index based on the Italian MIB 20, targeting a 20% realized volatility, and is net return. The index is calculated in EUR.",Equity-linked index (filtered from broader global index universe),JerBouma/FinanceDatabase indices.csv snapshot,https://github.com/JerBouma/FinanceDatabase/blob/main/database/indices.csv
02W7.Z,STX ES20 RISK.5 RV NR EO,,ZRH,Unclassified / multiple providers,Unspecified / mixed,Equities,Equities,"STX ES20 RISK.5 RV NR EO is a risk-controlled index based on the Spanish IBEX 20, targeting a 5% realized volatility, and is net return. The index is calculated in EUR.",Equity-linked index (filtered from broader global index universe),JerBouma/FinanceDatabase indices.csv snapshot,https://github.com/JerBouma/FinanceDatabase/blob/main/database/indices.csv
02W8.Z,STX ES20 RISK.10 RV NR EO,,ZRH,Unclassified / multiple providers,Unspecified / mixed,Equities,Equities,"STX ES20 RISK.10 RV NR EO is a risk-controlled index based on the Spanish IBEX 20, targeting a 10% realized volatility, and is net return. The index is calculated in EUR.",Equity-linked index (filtered from broader global index universe),JerBouma/FinanceDatabase indices.csv snapshot,https://github.com/JerBouma/FinanceDatabase/blob/main/database/indices.csv
02W9.Z,STX ES20 RISK.15 RV NR EO,,ZRH,Unclassified / multiple providers,Unspecified / mixed,Equities,Equities,"STX ES20 RISK.15 RV NR EO is a risk-controlled index based on the Spanish IBEX 20, targeting a 15% realized volatility, and is net return. The index is calculated in EUR.",Equity-linked index (filtered from broader global index universe),JerBouma/FinanceDatabase indices.csv snapshot,https://github.com/JerBouma/FinanceDatabase/blob/main/database/indices.csv
02WA.Z,STX UK50 RC.5P.RV NR EO,,ZRH,Unclassified / multiple providers,Unspecified / mixed,Equities,Equities,"STX UK50 RC.5P.RV NR EO is a risk control index based on the FTSE 100 index, targeting a 5% realized volatility and is net return. The index is calculated in EUR and uses a put replication control strategy.",Equity-linked index (filtered from broader global index universe),JerBouma/FinanceDatabase indices.csv snapshot,https://github.com/JerBouma/FinanceDatabase/blob/main/database/indices.csv
02WB.Z,STX UK50 RC.10P.RV NR EO,,ZRH,Unclassified / multiple providers,Unspecified / mixed,Equities,Equities,"STX UK50 RC.10P.RV NR EO is a risk control index based on the FTSE 100 index, targeting a 10% realized volatility and is net return. The index is calculated in EUR and uses a put replication control strategy.",Equity-linked index (filtered from broader global index universe),JerBouma/FinanceDatabase indices.csv snapshot,https://github.com/JerBouma/FinanceDatabase/blob/main/database/indices.csv
02WC.Z,STX UK50 RC.15P.RV NR EO,,ZRH,Unclassified / multiple providers,Unspecified / mixed,Equities,Equities,"STX UK50 RC.15P.RV NR EO is a risk control index based on the FTSE 100 index, targeting a 15% realized volatility and is net return. The index is calculated in EUR and uses a put replication control strategy.",Equity-linked index (filtered from broader global index universe),JerBouma/FinanceDatabase indices.csv snapshot,https://github.com/JerBouma/FinanceDatabase/blob/main/database/indices.csv
02WD.Z,STX UK50 RC.20P.RV NR EO,,ZRH,Unclassified / multiple providers,Unspecified / mixed,Equities,Equities,"STX UK50 RC.20P.RV NR EO is a risk control index based on the FTSE 100 index, targeting a 20% realized volatility and is net return. The index is calculated in EUR and uses a put replication control strategy.",Equity-linked index (filtered from broader global index universe),JerBouma/FinanceDatabase indices.csv snapshot,https://github.com/JerBouma/FinanceDatabase/blob/main/database/indices.csv
02WE.Z,STX US50 RC.5P.RV NR EO,,ZRH,Unclassified / multiple providers,United States,Equities,Equities,"STX US50 RC.5P.RV NR EO is a risk control index based on the S&P 500 index, targeting a 5% realized volatility and is net return. The index is calculated in EUR and uses a put replication control strategy.",Equity-linked index (filtered from broader global index universe),JerBouma/FinanceDatabase indices.csv snapshot,https://github.com/JerBouma/FinanceDatabase/blob/main/database/indices.csv
02WF.Z,STX US50 RC.10P.RV NR EO,,ZRH,Unclassified / multiple providers,United States,Equities,Equities,"STX US50 RC.10P.RV NR EO is a risk control index based on the S&P 500 index, targeting a 10% realized volatility and is net return. The index is calculated in EUR and uses a put replication control strategy.",Equity-linked index (filtered from broader global index universe),JerBouma/FinanceDatabase indices.csv snapshot,https://github.com/JerBouma/FinanceDatabase/blob/main/database/indices.csv
02WG.Z,STX US50 RC.15P.RV NR EO,,ZRH,Unclassified / multiple providers,United States,Equities,Equities,"STX US50 RC.15P.RV NR EO is a risk control index based on the S&P 500 index, targeting a 15% realized volatility and is net return. The index is calculated in EUR and uses a put replication control strategy.",Equity-linked index (filtered from broader global index universe),JerBouma/FinanceDatabase indices.csv snapshot,https://github.com/JerBouma/FinanceDatabase/blob/main/database/indices.csv
02WH.Z,STX US50 RC.20P.RV NR EO,,ZRH,Unclassified / multiple providers,United States,Equities,Equities,"STX US50 RC.20P.RV NR EO is a risk control index based on the S&P 500 index, targeting a 20% realized volatility and is net return. The index is calculated in EUR and uses a put replication control strategy.",Equity-linked index (filtered from broader global index universe),JerBouma/FinanceDatabase indices.csv snapshot,https://github.com/JerBouma/FinanceDatabase/blob/main/database/indices.csv
02WI.Z,STX CA50 RISK.5 RV NR EO,,ZRH,Unclassified / multiple providers,Unspecified / mixed,Equities,Equities,"STX CA50 RISK.5 RV NR EO is a risk-controlled index based on the Canadian TSX 50, targeting a 5% realized volatility, and is net return. The index is calculated in EUR.",Equity-linked index (filtered from broader global index universe),JerBouma/FinanceDatabase indices.csv snapshot,https://github.com/JerBouma/FinanceDatabase/blob/main/database/indices.csv
02WJ.Z,STX CA50 RISK.10 RV NR EO,,ZRH,Unclassified / multiple providers,Unspecified / mixed,Equities,Equities,"STX CA50 RISK.10 RV NR EO is a risk-controlled index based on the Canadian TSX 50, targeting a 10% realized volatility, and is net return. The index is calculated in EUR.",Equity-linked index (filtered from broader global index universe),JerBouma/FinanceDatabase indices.csv snapshot,https://github.com/JerBouma/FinanceDatabase/blob/main/database/indices.csv
02WK.Z,STX CA50 RISK.15 RV NR EO,,ZRH,Unclassified / multiple providers,Unspecified / mixed,Equities,Equities,"STX CA50 RISK.15 RV NR EO is a risk-controlled index based on the Canadian TSX 50, targeting a 15% realized volatility, and is net return. The index is calculated in EUR.",Equity-linked index (filtered from broader global index universe),JerBouma/FinanceDatabase indices.csv snapshot,https://github.com/JerBouma/FinanceDatabase/blob/main/database/indices.csv
02WL.Z,STX CA50 RISK.20 RV NR EO,,ZRH,Unclassified / multiple providers,Unspecified / mixed,Equities,Equities,"STX CA50 RISK.20 RV NR EO is a risk-controlled index based on the Canadian TSX 50, targeting a 20% realized volatility, and is net return. The index is calculated in EUR.",Equity-linked index (filtered from broader global index universe),JerBouma/FinanceDatabase indices.csv snapshot,https://github.com/JerBouma/FinanceDatabase/blob/main/database/indices.csv
02WM.Z,STX HK50 RISK.5RV NR EO,,ZRH,Unclassified / multiple providers,Unspecified / mixed,Equities,Equities,"STX HK50 RISK.5RV NR EO is a risk-controlled index based on the Hong Kong Hang Seng 50, targeting a 5% realized volatility, and is net return. The index is calculated in EUR.",Equity-linked index (filtered from broader global index universe),JerBouma/FinanceDatabase indices.csv snapshot,https://github.com/JerBouma/FinanceDatabase/blob/main/database/indices.csv
02WN.Z,STX HK50 RISK.10RV NR EO,,ZRH,Unclassified / multiple providers,Unspecified / mixed,Equities,Equities,"STX HK50 RISK.10RV NR EO is a risk-controlled index based on the Hong Kong Hang Seng 50, targeting a 10% realized volatility, and is net return. The index is calculated in EUR.",Equity-linked index (filtered from broader global index universe),JerBouma/FinanceDatabase indices.csv snapshot,https://github.com/JerBouma/FinanceDatabase/blob/main/database/indices.csv
02WP.Z,STX HK50 RISK.15RV NR EO,,ZRH,Unclassified / multiple providers,Unspecified / mixed,Equities,Equities,"STX HK50 RISK.15RV NR EO is a risk-controlled index based on the Hong Kong Hang Seng 50, targeting a 15% realized volatility, and is net return. The index is calculated in EUR.",Equity-linked index (filtered from broader global index universe),JerBouma/FinanceDatabase indices.csv snapshot,https://github.com/JerBouma/FinanceDatabase/blob/main/database/indices.csv
02WQ.Z,STX HK50 RISK.20RV NR EO,,ZRH,Unclassified / multiple providers,Unspecified / mixed,Equities,Equities,"STX HK50 RISK.20RV NR EO is a risk-controlled index based on the Hong Kong Hang Seng 50, targeting a 20% realized volatility, and is net return. The index is calculated in EUR.",Equity-linked index (filtered from broader global index universe),JerBouma/FinanceDatabase indices.csv snapshot,https://github.com/JerBouma/FinanceDatabase/blob/main/database/indices.csv
02WR.Z,STX JP50 RISK.5RV NR EO,,ZRH,Unclassified / multiple providers,Japan,Equities,Equities,"STX JP50 RISK.5RV NR EO is a risk-controlled index based on the Japanese Nikkei 50, targeting a 5% realized volatility, and is net return. The index is calculated in EUR.",Equity-linked index (filtered from broader global index universe),JerBouma/FinanceDatabase indices.csv snapshot,https://github.com/JerBouma/FinanceDatabase/blob/main/database/indices.csv
02WS.Z,STX JP50 RISK.10RV NR EO,,ZRH,Unclassified / multiple providers,Japan,Equities,Equities,"STX JP50 RISK.10RV NR EO is a risk-controlled index based on the Japanese Nikkei 50, targeting a 10% realized volatility, and is net return. The index is calculated in EUR.",Equity-linked index (filtered from broader global index universe),JerBouma/FinanceDatabase indices.csv snapshot,https://github.com/JerBouma/FinanceDatabase/blob/main/database/indices.csv
02WT.Z,STX JP50 RISK.15RV NR EO,,ZRH,Unclassified / multiple providers,Japan,Equities,Equities,"STX JP50 RISK.15RV NR EO is a risk-controlled index based on the Japanese Nikkei 50, targeting a 15% realized volatility, and is net return. The index is calculated in EUR.",Equity-linked index (filtered from broader global index universe),JerBouma/FinanceDatabase indices.csv snapshot,https://github.com/JerBouma/FinanceDatabase/blob/main/database/indices.csv
02WU.Z,STX JP50 RISK.20RV NR EO,,ZRH,Unclassified / multiple providers,Japan,Equities,Equities,"STX JP50 RISK.20RV NR EO is a risk-controlled index based on the Japanese Nikkei 50, targeting a 20% realized volatility, and is net return. The index is calculated in EUR.",Equity-linked index (filtered from broader global index universe),JerBouma/FinanceDatabase indices.csv snapshot,https://github.com/JerBouma/FinanceDatabase/blob/main/database/indices.csv
02WV.Z,STX SG20 RC.5P.RV NR EO,,ZRH,Unclassified / multiple providers,Unspecified / mixed,Equities,Equities,"STX SG20 RC.5P.RV NR EO is a risk control index based on the Singapore Straits Times 20 index, targeting a 5% realized volatility and is net return. The index is calculated in EUR and uses a put replication control strategy.",Equity-linked index (filtered from broader global index universe),JerBouma/FinanceDatabase indices.csv snapshot,https://github.com/JerBouma/FinanceDatabase/blob/main/database/indices.csv
02WX.Z,STX SG20 RC.10P.RV NR EO,,ZRH,Unclassified / multiple providers,Unspecified / mixed,Equities,Equities,"STX SG20 RC.10P.RV NR EO is a risk control index based on the Singapore Straits Times 20 index, targeting a 10% realized volatility and is net return. The index is calculated in EUR and uses a put replication control strategy.",Equity-linked index (filtered from broader global index universe),JerBouma/FinanceDatabase indices.csv snapshot,https://github.com/JerBouma/FinanceDatabase/blob/main/database/indices.csv
02WY.Z,STX SG20 RC.15P.RV NR EO,,ZRH,Unclassified / multiple providers,Unspecified / mixed,Equities,Equities,"STX SG20 RC.15P.RV NR EO is a risk control index based on the Singapore Straits Times 20 index, targeting a 15% realized volatility and is net return. The index is calculated in EUR and uses a put replication control strategy.",Equity-linked index (filtered from broader global index universe),JerBouma/FinanceDatabase indices.csv snapshot,https://github.com/JerBouma/FinanceDatabase/blob/main/database/indices.csv
02WZ.Z,STX SG20 RC.20P.RV NR EO,,ZRH,Unclassified / multiple providers,Unspecified / mixed,Equities,Equities,"STX SG20 RC.20P.RV NR EO is a risk control index based on the Singapore Straits Times 20 index, targeting a 20% realized volatility and is net return. The index is calculated in EUR and uses a put replication control strategy.",Equity-linked index (filtered from broader global index universe),JerBouma/FinanceDatabase indices.csv snapshot,https://github.com/JerBouma/FinanceDatabase/blob/main/database/indices.csv
0300.Z,STX GL.ST.BA.SH.EW PR DL,,ZRH,Unclassified / multiple providers,Global,Equities,Factors,"STX GL.ST.BA.SH.EW PR DL is a global index that utilizes a smart beta, short selling, and equal weighting methodology. It is a price return index, calculated in USD.",Equity-linked index (filtered from broader global index universe),JerBouma/FinanceDatabase indices.csv snapshot,https://github.com/JerBouma/FinanceDatabase/blob/main/database/indices.csv
0301.Z,STX GL.ST.BA.SH.EW NR DL,,ZRH,Unclassified / multiple providers,Global,Equities,Factors,"STX GL.ST.BA.SH.EW NR DL is a global index that utilizes a smart beta, short selling, and equal weighting methodology. It is a net return index, calculated in USD.",Equity-linked index (filtered from broader global index universe),JerBouma/FinanceDatabase indices.csv snapshot,https://github.com/JerBouma/FinanceDatabase/blob/main/database/indices.csv
0302.Z,STX GL.ST.BA.SH.EW GR DL,,ZRH,Unclassified / multiple providers,Global,Equities,Factors,"STX GL.ST.BA.SH.EW GR DL is a global index that utilizes a smart beta, short selling, and equal weighting methodology. It is a gross return index, calculated in USD.",Equity-linked index (filtered from broader global index universe),JerBouma/FinanceDatabase indices.csv snapshot,https://github.com/JerBouma/FinanceDatabase/blob/main/database/indices.csv
0303.Z,STX EU.ST.BA.SH.EW PR EO,,ZRH,Unclassified / multiple providers,Europe,Equities,Factors,"STX EU.ST.BA.SH.EW PR EO is a European index that utilizes a smart beta, short selling, and equal weighting methodology. It is a price return index, calculated in EUR.",Equity-linked index (filtered from broader global index universe),JerBouma/FinanceDatabase indices.csv snapshot,https://github.com/JerBouma/FinanceDatabase/blob/main/database/indices.csv
0304.Z,STX EU.ST.BA.SH.EW NR EO,,ZRH,Unclassified / multiple providers,Europe,Equities,Factors,"STX EU.ST.BA.SH.EW NR EO is a European index that utilizes a smart beta, short selling, and equal weighting methodology. It is a net return index, calculated in EUR.",Equity-linked index (filtered from broader global index universe),JerBouma/FinanceDatabase indices.csv snapshot,https://github.com/JerBouma/FinanceDatabase/blob/main/database/indices.csv
0305.Z,STX EU.ST.BA.SH.EW GR EO,,ZRH,Unclassified / multiple providers,Europe,Equities,Factors,"STX EU.ST.BA.SH.EW GR EO is a European index that utilizes a smart beta, short selling, and equal weighting methodology. It is a gross return index, calculated in EUR.",Equity-linked index (filtered from broader global index universe),JerBouma/FinanceDatabase indices.csv snapshot,https://github.com/JerBouma/FinanceDatabase/blob/main/database/indices.csv
0306.Z,STX EU.ST.BA.SH.EW PR DL,,ZRH,Unclassified / multiple providers,Europe,Equities,Factors,"STX EU.ST.BA.SH.EW PR DL is a European index that utilizes a smart beta, short selling, and equal weighting methodology. It is a price return index, calculated in USD.",Equity-linked index (filtered from broader global index universe),JerBouma/FinanceDatabase indices.csv snapshot,https://github.com/JerBouma/FinanceDatabase/blob/main/database/indices.csv
0307.Z,STX EU.ST.BA.SH.EW NR DL,,ZRH,Unclassified / multiple providers,Europe,Equities,Factors,"STX EU.ST.BA.SH.EW NR DL is a European index that utilizes a smart beta, short selling, and equal weighting methodology. It is a net return index, calculated in USD.",Equity-linked index (filtered from broader global index universe),JerBouma/FinanceDatabase indices.csv snapshot,https://github.com/JerBouma/FinanceDatabase/blob/main/database/indices.csv
0308.Z,STX EU.ST.BA.SH.EW GR DL,,ZRH,Unclassified / multiple providers,Europe,Equities,Factors,"STX EU.ST.BA.SH.EW GR DL is a European index that utilizes a smart beta, short selling, and equal weighting methodology. It is a gross return index, calculated in USD.",Equity-linked index (filtered from broader global index universe),JerBouma/FinanceDatabase indices.csv snapshot,https://github.com/JerBouma/FinanceDatabase/blob/main/database/indices.csv
0309.Z,STX JAP.ST.BA.SH.EW PR EO,,ZRH,Unclassified / multiple providers,Japan,Equities,Factors,"STX JAP.ST.BA.SH.EW PR EO is a Japanese index that utilizes a smart beta, short selling, and equal weighting methodology. It is a price return index, calculated in EUR.",Equity-linked index (filtered from broader global index universe),JerBouma/FinanceDatabase indices.csv snapshot,https://github.com/JerBouma/FinanceDatabase/blob/main/database/indices.csv
030X.Z,STX GL.ST.BA.SH.EW PR EO,,ZRH,Unclassified / multiple providers,Global,Equities,Factors,"STX GL.ST.BA.SH.EW PR EO is a global index that utilizes a smart beta, short selling, and equal weighting methodology. It is a price return index, calculated in EUR.",Equity-linked index (filtered from broader global index universe),JerBouma/FinanceDatabase indices.csv snapshot,https://github.com/JerBouma/FinanceDatabase/blob/main/database/indices.csv
030Y.Z,STX GL.ST.BA.SH.EW NR EO,,ZRH,Unclassified / multiple providers,Global,Equities,Factors,"STX GL.ST.BA.SH.EW NR EO is a global index that utilizes a smart beta, short selling, and equal weighting methodology. It is a net return index, calculated in EUR.",Equity-linked index (filtered from broader global index universe),JerBouma/FinanceDatabase indices.csv snapshot,https://github.com/JerBouma/FinanceDatabase/blob/main/database/indices.csv
030Z.Z,STX GL.ST.BA.SH.EW GR EO,,ZRH,Unclassified / multiple providers,Global,Equities,Factors,"STX GL.ST.BA.SH.EW GR EO is a global index that utilizes a smart beta, short selling, and equal weighting methodology. It is a gross return index, calculated in EUR.",Equity-linked index (filtered from broader global index universe),JerBouma/FinanceDatabase indices.csv snapshot,https://github.com/JerBouma/FinanceDatabase/blob/main/database/indices.csv
0310.Z,STX GBL.INFR.OWN.GR USD,,ZRH,Unclassified / multiple providers,Global,Equities,Equities,"STX GBL.INFR.OWN.GR USD is a global infrastructure index focusing on owner-operated assets. It is a gross return index, calculated in USD.",Equity-linked index (filtered from broader global index universe),JerBouma/FinanceDatabase indices.csv snapshot,https://github.com/JerBouma/FinanceDatabase/blob/main/database/indices.csv
031V.Z,STX GBL.INFR.OWN.PR EUR,,ZRH,Unclassified / multiple providers,Global,Equities,Equities,"STX GBL.INFR.OWN.PR EUR is a global infrastructure index focusing on owner-operated assets. It is a price return index, calculated in EUR.",Equity-linked index (filtered from broader global index universe),JerBouma/FinanceDatabase indices.csv snapshot,https://github.com/JerBouma/FinanceDatabase/blob/main/database/indices.csv
031W.Z,STX GBL.INFR.OWN.NR EUR,,ZRH,Unclassified / multiple providers,Global,Equities,Equities,"STX GBL.INFR.OWN.NR EUR is a global infrastructure index focusing on owner-operated assets. It is a net return index, calculated in EUR.",Equity-linked index (filtered from broader global index universe),JerBouma/FinanceDatabase indices.csv snapshot,https://github.com/JerBouma/FinanceDatabase/blob/main/database/indices.csv
031X.Z,STX GBL.INFR.OWN.GR EUR,,ZRH,Unclassified / multiple providers,Global,Equities,Equities,"STX GBL.INFR.OWN.GR EUR is a global infrastructure index focusing on owner-operated assets. It is a gross return index, calculated in EUR.",Equity-linked index (filtered from broader global index universe),JerBouma/FinanceDatabase indices.csv snapshot,https://github.com/JerBouma/FinanceDatabase/blob/main/database/indices.csv
031Y.Z,STX GBL.INFR.OWN.PR USD,,ZRH,Unclassified / multiple providers,Global,Equities,Equities,"STX GBL.INFR.OWN.PR USD is a global infrastructure index focusing on owner-operated assets. It is a price return index, calculated in USD.",Equity-linked index (filtered from broader global index universe),JerBouma/FinanceDatabase indices.csv snapshot,https://github.com/JerBouma/FinanceDatabase/blob/main/database/indices.csv
031Z.Z,STX GBL.INFR.OWN.NR USD,,ZRH,Unclassified / multiple providers,Global,Equities,Equities,"STX GBL.INFR.OWN.NR USD is a global infrastructure index focusing on owner-operated assets. It is a net return index, calculated in USD.",Equity-linked index (filtered from broader global index universe),JerBouma/FinanceDatabase indices.csv snapshot,https://github.com/JerBouma/FinanceDatabase/blob/main/database/indices.csv
0322.Z,STX GL.1800 E.A.MVU GR EO,,ZRH,Unclassified / multiple providers,Global,Equities,Equities,"STX GL.1800 E.A.MVU GR EO is a global index comprised of the top 1800 companies from developed markets with an enhanced allocation to momentum and value factors. It is a gross return index, calculated in EUR.",Equity-linked index (filtered from broader global index universe),JerBouma/FinanceDatabase indices.csv snapshot,https://github.com/JerBouma/FinanceDatabase/blob/main/database/indices.csv
0323.Z,STX GL.1800 E.A.MVU NR EO,,ZRH,Unclassified / multiple providers,Global,Equities,Equities,"STX GL.1800 E.A.MVU NR EO is a global index comprised of the top 1800 companies from developed markets with an enhanced allocation to momentum and value factors. It is a net return index, calculated in EUR.",Equity-linked index (filtered from broader global index universe),JerBouma/FinanceDatabase indices.csv snapshot,https://github.com/JerBouma/FinanceDatabase/blob/main/database/indices.csv
0324.Z,STX GL.1800 E.A.MVU PR EO,,ZRH,Unclassified / multiple providers,Global,Equities,Equities,"STX GL.1800 E.A.MVU PR EO is a global index comprised of the top 1800 companies from developed markets with an enhanced allocation to momentum and value factors. It is a price return index, calculated in EUR.",Equity-linked index (filtered from broader global index universe),JerBouma/FinanceDatabase indices.csv snapshot,https://github.com/JerBouma/FinanceDatabase/blob/main/database/indices.csv
0327.Z,STX GL.1800 E.A.MVU PR DL,,ZRH,Unclassified / multiple providers,Global,Equities,Equities,"STX GL.1800 E.A.MVU PR DL is a global index comprised of the top 1800 companies from developed markets with an enhanced allocation to momentum and value factors. It is a price return index, calculated in USD.",Equity-linked index (filtered from broader global index universe),JerBouma/FinanceDatabase indices.csv snapshot,https://github.com/JerBouma/FinanceDatabase/blob/main/database/indices.csv
032A.Z,,,,Unclassified / multiple providers,Unspecified / mixed,,,,Equity-linked index (filtered from broader global index universe),JerBouma/FinanceDatabase indices.csv snapshot,https://github.com/JerBouma/FinanceDatabase/blob/main/database/indices.csv
032B.Z,,,,Unclassified / multiple providers,Unspecified / mixed,,,,Equity-linked index (filtered from broader global index universe),JerBouma/FinanceDatabase indices.csv snapshot,https://github.com/JerBouma/FinanceDatabase/blob/main/database/indices.csv
032C.Z,STX JAP.ST.BA.SH.EW PR DL,,ZRH,Unclassified / multiple providers,Japan,Equities,Factors,"STX JAP.ST.BA.SH.EW PR DL is a Japanese index that utilizes a smart beta, short selling, and equal weighting methodology. It is a price return index, calculated in USD.",Equity-linked index (filtered from broader global index universe),JerBouma/FinanceDatabase indices.csv snapshot,https://github.com/JerBouma/FinanceDatabase/blob/main/database/indices.csv
032D.Z,,,,Unclassified / multiple providers,Unspecified / mixed,,,,Equity-linked index (filtered from broader global index universe),JerBouma/FinanceDatabase indices.csv snapshot,https://github.com/JerBouma/FinanceDatabase/blob/main/database/indices.csv
032E.Z,,,,Unclassified / multiple providers,Unspecified / mixed,,,,Equity-linked index (filtered from broader global index universe),JerBouma/FinanceDatabase indices.csv snapshot,https://github.com/JerBouma/FinanceDatabase/blob/main/database/indices.csv
032F.Z,STX USA ST.BA.SH.EW PR EO,,ZRH,Unclassified / multiple providers,United States,Equities,Factors,"STX USA ST.BA.SH.EW PR EO is a US index that utilizes a smart beta, short selling, and equal weighting methodology. It is a price return index, calculated in EUR.",Equity-linked index (filtered from broader global index universe),JerBouma/FinanceDatabase indices.csv snapshot,https://github.com/JerBouma/FinanceDatabase/blob/main/database/indices.csv
032G.Z,STX USA ST.BA.SH.EW NR EO,,ZRH,Unclassified / multiple providers,United States,Equities,Factors,"STX USA ST.BA.SH.EW NR EO is a US index that utilizes a smart beta, short selling, and equal weighting methodology. It is a net return index, calculated in EUR.",Equity-linked index (filtered from broader global index universe),JerBouma/FinanceDatabase indices.csv snapshot,https://github.com/JerBouma/FinanceDatabase/blob/main/database/indices.csv
032H.Z,STX USA ST.BA.SH.EW GR EO,,ZRH,Unclassified / multiple providers,United States,Equities,Factors,"STX USA ST.BA.SH.EW GR EO is a US index that utilizes a smart beta, short selling, and equal weighting methodology. It is a gross return index, calculated in EUR.",Equity-linked index (filtered from broader global index universe),JerBouma/FinanceDatabase indices.csv snapshot,https://github.com/JerBouma/FinanceDatabase/blob/main/database/indices.csv
032J.Z,STX USA ST.BA.SH.EW PR DL,,ZRH,Unclassified / multiple providers,United States,Equities,Factors,"STX USA ST.BA.SH.EW PR DL is a US index that utilizes a smart beta, short selling, and equal weighting methodology. It is a price return index, calculated in USD.",Equity-linked index (filtered from broader global index universe),JerBouma/FinanceDatabase indices.csv snapshot,https://github.com/JerBouma/FinanceDatabase/blob/main/database/indices.csv
032K.Z,STX USA ST.BA.SH.EW NR DL,,ZRH,Unclassified / multiple providers,United States,Equities,Factors,"STX USA ST.BA.SH.EW NR DL is a US index that utilizes a smart beta, short selling, and equal weighting methodology. It is a net return index, calculated in USD.",Equity-linked index (filtered from broader global index universe),JerBouma/FinanceDatabase indices.csv snapshot,https://github.com/JerBouma/FinanceDatabase/blob/main/database/indices.csv
032L.Z,STX USA ST.BA.SH.EW GR DL,,ZRH,Unclassified / multiple providers,United States,Equities,Factors,"STX USA ST.BA.SH.EW GR DL is a US index that utilizes a smart beta, short selling, and equal weighting methodology. It is a gross return index, calculated in USD.",Equity-linked index (filtered from broader global index universe),JerBouma/FinanceDatabase indices.csv snapshot,https://github.com/JerBouma/FinanceDatabase/blob/main/database/indices.csv
032Q.Z,STX GLB. 1800 EX.J.GR JPY,,ZRH,Unclassified / multiple providers,Global,Equities,Equities,"STX GLB. 1800 EX.J.GR JPY is a global index excluding Japan comprised of the top 1800 companies from developed markets. It is a gross return index, calculated in JPY.",Equity-linked index (filtered from broader global index universe),JerBouma/FinanceDatabase indices.csv snapshot,https://github.com/JerBouma/FinanceDatabase/blob/main/database/indices.csv
032R.Z,STX GLB. 1800 EX.J.NR JPY,,ZRH,Unclassified / multiple providers,Global,Equities,Equities,"STX GLB. 1800 EX.J.NR JPY is a global index excluding Japan comprised of the top 1800 companies from developed markets. It is a net return index, calculated in JPY.",Equity-linked index (filtered from broader global index universe),JerBouma/FinanceDatabase indices.csv snapshot,https://github.com/JerBouma/FinanceDatabase/blob/main/database/indices.csv
032S.Z,STX GLB. 1800 EX.J.PR JPY,,ZRH,Unclassified / multiple providers,Global,Equities,Equities,"STX GLB. 1800 EX.J.PR JPY is a global index excluding Japan comprised of the top 1800 companies from developed markets. It is a price return index, calculated in JPY.",Equity-linked index (filtered from broader global index universe),JerBouma/FinanceDatabase indices.csv snapshot,https://github.com/JerBouma/FinanceDatabase/blob/main/database/indices.csv
032T.Z,STX GLB.1800 MV GR JPY,,ZRH,Unclassified / multiple providers,Global,Equities,Equities,"STX GLB.1800 MV GR JPY is a global index comprised of the top 1800 companies from developed markets with a momentum and value factor tilt. It is a gross return index, calculated in JPY.",Equity-linked index (filtered from broader global index universe),JerBouma/FinanceDatabase indices.csv snapshot,https://github.com/JerBouma/FinanceDatabase/blob/main/database/indices.csv
032U.Z,STX GLB.1800 MV NR JPY,,ZRH,Unclassified / multiple providers,Global,Equities,Equities,"STX GLB.1800 MV NR JPY is a global index comprised of the top 1800 companies from developed markets with a momentum and value factor tilt. It is a net return index, calculated in JPY.",Equity-linked index (filtered from broader global index universe),JerBouma/FinanceDatabase indices.csv snapshot,https://github.com/JerBouma/FinanceDatabase/blob/main/database/indices.csv
032V.Z,STX GLB.1800 MV PR JPY,,ZRH,Unclassified / multiple providers,Global,Equities,Equities,"STX GLB.1800 MV PR JPY is a global index comprised of the top 1800 companies from developed markets with a momentum and value factor tilt. It is a price return index, calculated in JPY.",Equity-linked index (filtered from broader global index universe),JerBouma/FinanceDatabase indices.csv snapshot,https://github.com/JerBouma/FinanceDatabase/blob/main/database/indices.csv
032W.Z,STX GLB.1800 MVU GR JPY,,ZRH,Unclassified / multiple providers,Global,Equities,Equities,"STX GLB.1800 MVU GR JPY is a global index comprised of the top 1800 companies from developed markets with an enhanced allocation to momentum and value factors. It is a gross return index, calculated in JPY.",Equity-linked index (filtered from broader global index universe),JerBouma/FinanceDatabase indices.csv snapshot,https://github.com/JerBouma/FinanceDatabase/blob/main/database/indices.csv
032X.Z,STX GLB.1800 MVU NR JPY,,ZRH,Unclassified / multiple providers,Global,Equities,Equities,"STX GLB.1800 MVU NR JPY is a global index comprised of the top 1800 companies from developed markets with an enhanced allocation to momentum and value factors. It is a net return index, calculated in JPY.",Equity-linked index (filtered from broader global index universe),JerBouma/FinanceDatabase indices.csv snapshot,https://github.com/JerBouma/FinanceDatabase/blob/main/database/indices.csv
032Y.Z,STX GLB.1800 MVU PR JPY,,ZRH,Unclassified / multiple providers,Global,Equities,Equities,"STX GLB.1800 MVU PR JPY is a global index comprised of the top 1800 companies from developed markets with an enhanced allocation to momentum and value factors. It is a price return index, calculated in JPY.",Equity-linked index (filtered from broader global index universe),JerBouma/FinanceDatabase indices.csv snapshot,https://github.com/JerBouma/FinanceDatabase/blob/main/database/indices.csv
0337.Z,STX GL.ST.QU.50 PR EUR,,ZRH,Unclassified / multiple providers,Global,Equities,Equities,"STX GL.ST.QU.50 PR EUR is a global index that utilizes a stock stories quantitative methodology, and is comprised of 50 companies. It is a price return index calculated in EUR.",Equity-linked index (filtered from broader global index universe),JerBouma/FinanceDatabase indices.csv snapshot,https://github.com/JerBouma/FinanceDatabase/blob/main/database/indices.csv
0338.Z,STX GL.ST.QU.50 NR EUR,,ZRH,Unclassified / multiple providers,Global,Equities,Equities,"STX GL.ST.QU.50 NR EUR is a global index that utilizes a stock stories quantitative methodology, and is comprised of 50 companies. It is a net return index calculated in EUR.",Equity-linked index (filtered from broader global index universe),JerBouma/FinanceDatabase indices.csv snapshot,https://github.com/JerBouma/FinanceDatabase/blob/main/database/indices.csv
0339.Z,STX GL.ST.QU.50 GR EUR,,ZRH,Unclassified / multiple providers,Global,Equities,Equities,"STX GL.ST.QU.50 GR EUR is a global index that utilizes a stock stories quantitative methodology, and is comprised of 50 companies. It is a gross return index calculated in EUR.",Equity-linked index (filtered from broader global index universe),JerBouma/FinanceDatabase indices.csv snapshot,https://github.com/JerBouma/FinanceDatabase/blob/main/database/indices.csv
035Q.Z,STXEA NR USD,,ZRH,Unclassified / multiple providers,Unspecified / mixed,Equities,Equities,,Equity-linked index (filtered from broader global index universe),JerBouma/FinanceDatabase indices.csv snapshot,https://github.com/JerBouma/FinanceDatabase/blob/main/database/indices.csv
035T.Z,STXG30XEA NR USD,,ZRH,Unclassified / multiple providers,Unspecified / mixed,Equities,Equities,,Equity-linked index (filtered from broader global index universe),JerBouma/FinanceDatabase indices.csv snapshot,https://github.com/JerBouma/FinanceDatabase/blob/main/database/indices.csv
0360.Z,STXAP6HEC GR USD,,ZRH,Unclassified / multiple providers,Unspecified / mixed,Health Care,Equities,,Equity-linked index (filtered from broader global index universe),JerBouma/FinanceDatabase indices.csv snapshot,https://github.com/JerBouma/FinanceDatabase/blob/main/database/indices.csv
0362.Z,STXAP6UTI GR USD,,ZRH,Unclassified / multiple providers,Unspecified / mixed,Utilities,Utilities,,Equity-linked index (filtered from broader global index universe),JerBouma/FinanceDatabase indices.csv snapshot,https://github.com/JerBouma/FinanceDatabase/blob/main/database/indices.csv
0363.Z,STXAP6TEL GR USD,,ZRH,Unclassified / multiple providers,Unspecified / mixed,Communication Services,Communications,,Equity-linked index (filtered from broader global index universe),JerBouma/FinanceDatabase indices.csv snapshot,https://github.com/JerBouma/FinanceDatabase/blob/main/database/indices.csv
0364.Z,STXAP6FIN GR USD,,ZRH,Unclassified / multiple providers,Unspecified / mixed,Financials,Financials,,Equity-linked index (filtered from broader global index universe),JerBouma/FinanceDatabase indices.csv snapshot,https://github.com/JerBouma/FinanceDatabase/blob/main/database/indices.csv
0365.Z,STXAP6TEC GR USD,,ZRH,Unclassified / multiple providers,Unspecified / mixed,Information Technology,Technology,,Equity-linked index (filtered from broader global index universe),JerBouma/FinanceDatabase indices.csv snapshot,https://github.com/JerBouma/FinanceDatabase/blob/main/database/indices.csv
0366.Z,STXG30BAM GR USD,,ZRH,Unclassified / multiple providers,Unspecified / mixed,Industrials,Financials,,Equity-linked index (filtered from broader global index universe),JerBouma/FinanceDatabase indices.csv snapshot,https://github.com/JerBouma/FinanceDatabase/blob/main/database/indices.csv
0367.Z,STXG30IND GR USD,,ZRH,Unclassified / multiple providers,Unspecified / mixed,Industrials,Industrials,,Equity-linked index (filtered from broader global index universe),JerBouma/FinanceDatabase indices.csv snapshot,https://github.com/JerBouma/FinanceDatabase/blob/main/database/indices.csv
036L.Z,STXE6O+G GR USD,,ZRH,Unclassified / multiple providers,Unspecified / mixed,Equities,Equities,,Equity-linked index (filtered from broader global index universe),JerBouma/FinanceDatabase indices.csv snapshot,https://github.com/JerBouma/FinanceDatabase/blob/main/database/indices.csv
036M.Z,STXE6BAM GR USD,,ZRH,Unclassified / multiple providers,Unspecified / mixed,Industrials,Financials,,Equity-linked index (filtered from broader global index universe),JerBouma/FinanceDatabase indices.csv snapshot,https://github.com/JerBouma/FinanceDatabase/blob/main/database/indices.csv
036N.Z,STXE6IND GR USD,,ZRH,Unclassified / multiple providers,Unspecified / mixed,Industrials,Industrials,,Equity-linked index (filtered from broader global index universe),JerBouma/FinanceDatabase indices.csv snapshot,https://github.com/JerBouma/FinanceDatabase/blob/main/database/indices.csv
036Q.Z,STXE6HEC GR USD,,ZRH,Unclassified / multiple providers,Unspecified / mixed,Health Care,Health Care,,Equity-linked index (filtered from broader global index universe),JerBouma/FinanceDatabase indices.csv snapshot,https://github.com/JerBouma/FinanceDatabase/blob/main/database/indices.csv
036S.Z,STXE6UTI GR USD,,ZRH,Unclassified / multiple providers,Unspecified / mixed,Utilities,Utilities,,Equity-linked index (filtered from broader global index universe),JerBouma/FinanceDatabase indices.csv snapshot,https://github.com/JerBouma/FinanceDatabase/blob/main/database/indices.csv
036T.Z,STXE6TEL GR USD,,ZRH,Unclassified / multiple providers,Unspecified / mixed,Communication Services,Communications,,Equity-linked index (filtered from broader global index universe),JerBouma/FinanceDatabase indices.csv snapshot,https://github.com/JerBouma/FinanceDatabase/blob/main/database/indices.csv
036U.Z,STXE6FIN GR USD,,ZRH,Unclassified / multiple providers,Unspecified / mixed,Financials,Financials,,Equity-linked index (filtered from broader global index universe),JerBouma/FinanceDatabase indices.csv snapshot,https://github.com/JerBouma/FinanceDatabase/blob/main/database/indices.csv
036V.Z,STXE6TEC GR USD,,ZRH,Unclassified / multiple providers,Unspecified / mixed,Information Technology,Technology,,Equity-linked index (filtered from broader global index universe),JerBouma/FinanceDatabase indices.csv snapshot,https://github.com/JerBouma/FinanceDatabase/blob/main/database/indices.csv
036X.Z,STXAP6BAM GR USD,,ZRH,Unclassified / multiple providers,Unspecified / mixed,Industrials,Financials,,Equity-linked index (filtered from broader global index universe),JerBouma/FinanceDatabase indices.csv snapshot,https://github.com/JerBouma/FinanceDatabase/blob/main/database/indices.csv
036Y.Z,STXAP6IND GR USD,,ZRH,Unclassified / multiple providers,Unspecified / mixed,Industrials,Industrials,,Equity-linked index (filtered from broader global index universe),JerBouma/FinanceDatabase indices.csv snapshot,https://github.com/JerBouma/FinanceDatabase/blob/main/database/indices.csv
0371.Z,STXEA GR USD,,ZRH,Unclassified / multiple providers,Unspecified / mixed,Equities,Equities,,Equity-linked index (filtered from broader global index universe),JerBouma/FinanceDatabase indices.csv snapshot,https://github.com/JerBouma/FinanceDatabase/blob/main/database/indices.csv
0374.Z,STXG30XEA GR USD,,ZRH,Unclassified / multiple providers,Unspecified / mixed,Equities,Equities,,Equity-linked index (filtered from broader global index universe),JerBouma/FinanceDatabase indices.csv snapshot,https://github.com/JerBouma/FinanceDatabase/blob/main/database/indices.csv
037A.Z,STXG30FIN GR USD,,ZRH,Unclassified / multiple providers,Unspecified / mixed,Financials,Financials,,Equity-linked index (filtered from broader global index universe),JerBouma/FinanceDatabase indices.csv snapshot,https://github.com/JerBouma/FinanceDatabase/blob/main/database/indices.csv
037L.Z,ESTXO+G GR USD,,ZRH,Unclassified / multiple providers,Unspecified / mixed,Equities,Equities,,Equity-linked index (filtered from broader global index universe),JerBouma/FinanceDatabase indices.csv snapshot,https://github.com/JerBouma/FinanceDatabase/blob/main/database/indices.csv
037M.Z,ESTXBAM GR USD,,ZRH,Unclassified / multiple providers,Unspecified / mixed,Industrials,Financials,,Equity-linked index (filtered from broader global index universe),JerBouma/FinanceDatabase indices.csv snapshot,https://github.com/JerBouma/FinanceDatabase/blob/main/database/indices.csv
037N.Z,ESTXIND GR USD,,ZRH,Unclassified / multiple providers,Unspecified / mixed,Industrials,Industrials,,Equity-linked index (filtered from broader global index universe),JerBouma/FinanceDatabase indices.csv snapshot,https://github.com/JerBouma/FinanceDatabase/blob/main/database/indices.csv
037Q.Z,ESTXHEC GR USD,,ZRH,Unclassified / multiple providers,Unspecified / mixed,Health Care,Health Care,,Equity-linked index (filtered from broader global index universe),JerBouma/FinanceDatabase indices.csv snapshot,https://github.com/JerBouma/FinanceDatabase/blob/main/database/indices.csv
037S.Z,ESTXUTI GR USD,,ZRH,Unclassified / multiple providers,Unspecified / mixed,Utilities,Utilities,,Equity-linked index (filtered from broader global index universe),JerBouma/FinanceDatabase indices.csv snapshot,https://github.com/JerBouma/FinanceDatabase/blob/main/database/indices.csv
037T.Z,ESTXTEL GR USD,,ZRH,Unclassified / multiple providers,Unspecified / mixed,Communication Services,Communications,,Equity-linked index (filtered from broader global index universe),JerBouma/FinanceDatabase indices.csv snapshot,https://github.com/JerBouma/FinanceDatabase/blob/main/database/indices.csv
037U.Z,ESTXFIN GR USD,,ZRH,Unclassified / multiple providers,Unspecified / mixed,Financials,Financials,,Equity-linked index (filtered from broader global index universe),JerBouma/FinanceDatabase indices.csv snapshot,https://github.com/JerBouma/FinanceDatabase/blob/main/database/indices.csv
037V.Z,ESTXTEC GR USD,,ZRH,Unclassified / multiple providers,Unspecified / mixed,Information Technology,Technology,,Equity-linked index (filtered from broader global index universe),JerBouma/FinanceDatabase indices.csv snapshot,https://github.com/JerBouma/FinanceDatabase/blob/main/database/indices.csv
0390.Z,STXG30SM NR EUR,,ZRH,Unclassified / multiple providers,Unspecified / mixed,Industrials,Small Cap,,Equity-linked index (filtered from broader global index universe),JerBouma/FinanceDatabase indices.csv snapshot,https://github.com/JerBouma/FinanceDatabase/blob/main/database/indices.csv
0391.Z,STXG30MD NR EUR,,ZRH,Unclassified / multiple providers,Unspecified / mixed,Industrials,Mid Cap,,Equity-linked index (filtered from broader global index universe),JerBouma/FinanceDatabase indices.csv snapshot,https://github.com/JerBouma/FinanceDatabase/blob/main/database/indices.csv
0392.Z,STXG30LG NR EUR,,ZRH,Unclassified / multiple providers,Unspecified / mixed,Industrials,Large Cap,,Equity-linked index (filtered from broader global index universe),JerBouma/FinanceDatabase indices.csv snapshot,https://github.com/JerBouma/FinanceDatabase/blob/main/database/indices.csv
0393.Z,STXG30SM GR EUR,,ZRH,Unclassified / multiple providers,Unspecified / mixed,Industrials,Small Cap,,Equity-linked index (filtered from broader global index universe),JerBouma/FinanceDatabase indices.csv snapshot,https://github.com/JerBouma/FinanceDatabase/blob/main/database/indices.csv
0394.Z,STXG30MD GR EUR,,ZRH,Unclassified / multiple providers,Unspecified / mixed,Industrials,Mid Cap,,Equity-linked index (filtered from broader global index universe),JerBouma/FinanceDatabase indices.csv snapshot,https://github.com/JerBouma/FinanceDatabase/blob/main/database/indices.csv
0395.Z,STXG30LG GR EUR,,ZRH,Unclassified / multiple providers,Unspecified / mixed,Industrials,Large Cap,,Equity-linked index (filtered from broader global index universe),JerBouma/FinanceDatabase indices.csv snapshot,https://github.com/JerBouma/FinanceDatabase/blob/main/database/indices.csv
0396.Z,STXG30SM PR USD,,ZRH,Unclassified / multiple providers,Unspecified / mixed,Industrials,Small Cap,,Equity-linked index (filtered from broader global index universe),JerBouma/FinanceDatabase indices.csv snapshot,https://github.com/JerBouma/FinanceDatabase/blob/main/database/indices.csv
0397.Z,STXG30MD PR USD,,ZRH,Unclassified / multiple providers,Unspecified / mixed,Industrials,Mid Cap,,Equity-linked index (filtered from broader global index universe),JerBouma/FinanceDatabase indices.csv snapshot,https://github.com/JerBouma/FinanceDatabase/blob/main/database/indices.csv
0398.Z,STXG30LG PR USD,,ZRH,Unclassified / multiple providers,Unspecified / mixed,Industrials,Large Cap,,Equity-linked index (filtered from broader global index universe),JerBouma/FinanceDatabase indices.csv snapshot,https://github.com/JerBouma/FinanceDatabase/blob/main/database/indices.csv
0399.Z,STXG30SM NR USD,,ZRH,Unclassified / multiple providers,Unspecified / mixed,Industrials,Small Cap,,Equity-linked index (filtered from broader global index universe),JerBouma/FinanceDatabase indices.csv snapshot,https://github.com/JerBouma/FinanceDatabase/blob/main/database/indices.csv
039X.Z,STXG30SM PR EUR,,ZRH,Unclassified / multiple providers,Unspecified / mixed,Industrials,Small Cap,,Equity-linked index (filtered from broader global index universe),JerBouma/FinanceDatabase indices.csv snapshot,https://github.com/JerBouma/FinanceDatabase/blob/main/database/indices.csv
039Y.Z,STXG30MD PR EUR,,ZRH,Unclassified / multiple providers,Unspecified / mixed,Industrials,Mid Cap,,Equity-linked index (filtered from broader global index universe),JerBouma/FinanceDatabase indices.csv snapshot,https://github.com/JerBouma/FinanceDatabase/blob/main/database/indices.csv
039Z.Z,STXG30LG PR EUR,,ZRH,Unclassified / multiple providers,Unspecified / mixed,Industrials,Large Cap,,Equity-linked index (filtered from broader global index universe),JerBouma/FinanceDatabase indices.csv snapshot,https://github.com/JerBouma/FinanceDatabase/blob/main/database/indices.csv
03J0.Z,STXEGTM PR USD,,ZRH,Unclassified / multiple providers,Emerging Markets,Equities,Emerging Markets,,Equity-linked index (filtered from broader global index universe),JerBouma/FinanceDatabase indices.csv snapshot,https://github.com/JerBouma/FinanceDatabase/blob/main/database/indices.csv
03J1.Z,STXEGTM NR USD,,ZRH,Unclassified / multiple providers,Emerging Markets,Equities,Emerging Markets,,Equity-linked index (filtered from broader global index universe),JerBouma/FinanceDatabase indices.csv snapshot,https://github.com/JerBouma/FinanceDatabase/blob/main/database/indices.csv
03J2.Z,STXEGTM GR EUR,,ZRH,Unclassified / multiple providers,Emerging Markets,Equities,Emerging Markets,,Equity-linked index (filtered from broader global index universe),JerBouma/FinanceDatabase indices.csv snapshot,https://github.com/JerBouma/FinanceDatabase/blob/main/database/indices.csv
03J3.Z,STXEGTM GR USD,,ZRH,Unclassified / multiple providers,Emerging Markets,Equities,Emerging Markets,,Equity-linked index (filtered from broader global index universe),JerBouma/FinanceDatabase indices.csv snapshot,https://github.com/JerBouma/FinanceDatabase/blob/main/database/indices.csv
03J4.Z,STXMATM PR EUR,,ZRH,Unclassified / multiple providers,Unspecified / mixed,Materials,Materials,,Equity-linked index (filtered from broader global index universe),JerBouma/FinanceDatabase indices.csv snapshot,https://github.com/JerBouma/FinanceDatabase/blob/main/database/indices.csv
03J5.Z,STXMATM NR EUR,,ZRH,Unclassified / multiple providers,Unspecified / mixed,Materials,Materials,,Equity-linked index (filtered from broader global index universe),JerBouma/FinanceDatabase indices.csv snapshot,https://github.com/JerBouma/FinanceDatabase/blob/main/database/indices.csv
03J6.Z,STXMATM PR USD,,ZRH,Unclassified / multiple providers,Unspecified / mixed,Materials,Materials,,Equity-linked index (filtered from broader global index universe),JerBouma/FinanceDatabase indices.csv snapshot,https://github.com/JerBouma/FinanceDatabase/blob/main/database/indices.csv
03J7.Z,STXMATM NR USD,,ZRH,Unclassified / multiple providers,Unspecified / mixed,Materials,Materials,,Equity-linked index (filtered from broader global index universe),JerBouma/FinanceDatabase indices.csv snapshot,https://github.com/JerBouma/FinanceDatabase/blob/main/database/indices.csv
03J8.Z,STXMATM GR EUR,,ZRH,Unclassified / multiple providers,Unspecified / mixed,Materials,Materials,,Equity-linked index (filtered from broader global index universe),JerBouma/FinanceDatabase indices.csv snapshot,https://github.com/JerBouma/FinanceDatabase/blob/main/database/indices.csv
03J9.Z,STXMATM GR USD,,ZRH,Unclassified / multiple providers,Unspecified / mixed,Materials,Materials,,Equity-linked index (filtered from broader global index universe),JerBouma/FinanceDatabase indices.csv snapshot,https://github.com/JerBouma/FinanceDatabase/blob/main/database/indices.csv
03JA.Z,STXG30MD NR USD,,ZRH,Unclassified / multiple providers,Unspecified / mixed,Industrials,Mid Cap,,Equity-linked index (filtered from broader global index universe),JerBouma/FinanceDatabase indices.csv snapshot,https://github.com/JerBouma/FinanceDatabase/blob/main/database/indices.csv
03JB.Z,STXG30LG NR USD,,ZRH,Unclassified / multiple providers,Unspecified / mixed,Industrials,Large Cap,,Equity-linked index (filtered from broader global index universe),JerBouma/FinanceDatabase indices.csv snapshot,https://github.com/JerBouma/FinanceDatabase/blob/main/database/indices.csv
03JC.Z,STXG30SM GR USD,,ZRH,Unclassified / multiple providers,Unspecified / mixed,Industrials,Small Cap,,Equity-linked index (filtered from broader global index universe),JerBouma/FinanceDatabase indices.csv snapshot,https://github.com/JerBouma/FinanceDatabase/blob/main/database/indices.csv
03JD.Z,STXG30MD GR USD,,ZRH,Unclassified / multiple providers,Unspecified / mixed,Industrials,Mid Cap,,Equity-linked index (filtered from broader global index universe),JerBouma/FinanceDatabase indices.csv snapshot,https://github.com/JerBouma/FinanceDatabase/blob/main/database/indices.csv
03JE.Z,STXG30LG GR USD,,ZRH,Unclassified / multiple providers,Unspecified / mixed,Industrials,Large Cap,,Equity-linked index (filtered from broader global index universe),JerBouma/FinanceDatabase indices.csv snapshot,https://github.com/JerBouma/FinanceDatabase/blob/main/database/indices.csv
03JL.Z,STXDMTM PR EUR,,ZRH,Unclassified / multiple providers,Unspecified / mixed,Equities,Developed Markets,,Equity-linked index (filtered from broader global index universe),JerBouma/FinanceDatabase indices.csv snapshot,https://github.com/JerBouma/FinanceDatabase/blob/main/database/indices.csv
03JM.Z,STXDMTM NR EUR,,ZRH,Unclassified / multiple providers,Unspecified / mixed,Equities,Developed Markets,,Equity-linked index (filtered from broader global index universe),JerBouma/FinanceDatabase indices.csv snapshot,https://github.com/JerBouma/FinanceDatabase/blob/main/database/indices.csv
03JN.Z,STXDMTM PR USD,,ZRH,Unclassified / multiple providers,Unspecified / mixed,Equities,Developed Markets,,Equity-linked index (filtered from broader global index universe),JerBouma/FinanceDatabase indices.csv snapshot,https://github.com/JerBouma/FinanceDatabase/blob/main/database/indices.csv
03JP.Z,STXDMTM NR USD,,ZRH,Unclassified / multiple providers,Unspecified / mixed,Equities,Developed Markets,,Equity-linked index (filtered from broader global index universe),JerBouma/FinanceDatabase indices.csv snapshot,https://github.com/JerBouma/FinanceDatabase/blob/main/database/indices.csv
03JQ.Z,STXDMTM GR EUR,,ZRH,Unclassified / multiple providers,Unspecified / mixed,Equities,Developed Markets,,Equity-linked index (filtered from broader global index universe),JerBouma/FinanceDatabase indices.csv snapshot,https://github.com/JerBouma/FinanceDatabase/blob/main/database/indices.csv
03JR.Z,STXDMTM GR USD,,ZRH,Unclassified / multiple providers,Unspecified / mixed,Equities,Developed Markets,,Equity-linked index (filtered from broader global index universe),JerBouma/FinanceDatabase indices.csv snapshot,https://github.com/JerBouma/FinanceDatabase/blob/main/database/indices.csv
03JS.Z,STXILTM PR EUR,,ZRH,Unclassified / multiple providers,Unspecified / mixed,Industrials,Industrials,,Equity-linked index (filtered from broader global index universe),JerBouma/FinanceDatabase indices.csv snapshot,https://github.com/JerBouma/FinanceDatabase/blob/main/database/indices.csv
03JT.Z,STXILTM NR EUR,,ZRH,Unclassified / multiple providers,Unspecified / mixed,Industrials,Industrials,,Equity-linked index (filtered from broader global index universe),JerBouma/FinanceDatabase indices.csv snapshot,https://github.com/JerBouma/FinanceDatabase/blob/main/database/indices.csv
03JU.Z,STXILTM PR USD,,ZRH,Unclassified / multiple providers,Unspecified / mixed,Industrials,Industrials,,Equity-linked index (filtered from broader global index universe),JerBouma/FinanceDatabase indices.csv snapshot,https://github.com/JerBouma/FinanceDatabase/blob/main/database/indices.csv
03JV.Z,STXILTM NR USD,,ZRH,Unclassified / multiple providers,Unspecified / mixed,Industrials,Industrials,,Equity-linked index (filtered from broader global index universe),JerBouma/FinanceDatabase indices.csv snapshot,https://github.com/JerBouma/FinanceDatabase/blob/main/database/indices.csv
03JW.Z,STXILTM GR EUR,,ZRH,Unclassified / multiple providers,Unspecified / mixed,Industrials,Industrials,,Equity-linked index (filtered from broader global index universe),JerBouma/FinanceDatabase indices.csv snapshot,https://github.com/JerBouma/FinanceDatabase/blob/main/database/indices.csv
03JX.Z,STXILTM GR USD,,ZRH,Unclassified / multiple providers,Unspecified / mixed,Industrials,Industrials,,Equity-linked index (filtered from broader global index universe),JerBouma/FinanceDatabase indices.csv snapshot,https://github.com/JerBouma/FinanceDatabase/blob/main/database/indices.csv
03JY.Z,STXEGTM PR EUR,,ZRH,Unclassified / multiple providers,Emerging Markets,Equities,Emerging Markets,,Equity-linked index (filtered from broader global index universe),JerBouma/FinanceDatabase indices.csv snapshot,https://github.com/JerBouma/FinanceDatabase/blob/main/database/indices.csv
03JZ.Z,STXEGTM NR EUR,,ZRH,Unclassified / multiple providers,Emerging Markets,Equities,Emerging Markets,,Equity-linked index (filtered from broader global index universe),JerBouma/FinanceDatabase indices.csv snapshot,https://github.com/JerBouma/FinanceDatabase/blob/main/database/indices.csv
03L0.Z,STXTHTM NR EUR,,ZRH,Unclassified / multiple providers,Unspecified / mixed,Communication Services,Health Care,,Equity-linked index (filtered from broader global index universe),JerBouma/FinanceDatabase indices.csv snapshot,https://github.com/JerBouma/FinanceDatabase/blob/main/database/indices.csv
03L1.Z,STXTHTM PR USD,,ZRH,Unclassified / multiple providers,Unspecified / mixed,Communication Services,Health Care,,Equity-linked index (filtered from broader global index universe),JerBouma/FinanceDatabase indices.csv snapshot,https://github.com/JerBouma/FinanceDatabase/blob/main/database/indices.csv
03L2.Z,STXTHTM NR USD,,ZRH,Unclassified / multiple providers,Unspecified / mixed,Communication Services,Health Care,,Equity-linked index (filtered from broader global index universe),JerBouma/FinanceDatabase indices.csv snapshot,https://github.com/JerBouma/FinanceDatabase/blob/main/database/indices.csv
03L3.Z,STXTHTM GR EUR,,ZRH,Unclassified / multiple providers,Unspecified / mixed,Communication Services,Health Care,,Equity-linked index (filtered from broader global index universe),JerBouma/FinanceDatabase indices.csv snapshot,https://github.com/JerBouma/FinanceDatabase/blob/main/database/indices.csv
03L4.Z,STXTHTM GR USD,,ZRH,Unclassified / multiple providers,Unspecified / mixed,Communication Services,Health Care,,Equity-linked index (filtered from broader global index universe),JerBouma/FinanceDatabase indices.csv snapshot,https://github.com/JerBouma/FinanceDatabase/blob/main/database/indices.csv
03L5.Z,STXNGTM PR EUR,,ZRH,Unclassified / multiple providers,Unspecified / mixed,Energy,Energy,,Equity-linked index (filtered from broader global index universe),JerBouma/FinanceDatabase indices.csv snapshot,https://github.com/JerBouma/FinanceDatabase/blob/main/database/indices.csv
03L6.Z,STXNGTM NR EUR,,ZRH,Unclassified / multiple providers,Unspecified / mixed,Energy,Energy,,Equity-linked index (filtered from broader global index universe),JerBouma/FinanceDatabase indices.csv snapshot,https://github.com/JerBouma/FinanceDatabase/blob/main/database/indices.csv
03L7.Z,STXNGTM PR USD,,ZRH,Unclassified / multiple providers,Unspecified / mixed,Energy,Energy,,Equity-linked index (filtered from broader global index universe),JerBouma/FinanceDatabase indices.csv snapshot,https://github.com/JerBouma/FinanceDatabase/blob/main/database/indices.csv
03L8.Z,STXNGTM NR USD,,ZRH,Unclassified / multiple providers,Unspecified / mixed,Energy,Energy,,Equity-linked index (filtered from broader global index universe),JerBouma/FinanceDatabase indices.csv snapshot,https://github.com/JerBouma/FinanceDatabase/blob/main/database/indices.csv
03L9.Z,STXNGTM GR EUR,,ZRH,Unclassified / multiple providers,Unspecified / mixed,Energy,Energy,,Equity-linked index (filtered from broader global index universe),JerBouma/FinanceDatabase indices.csv snapshot,https://github.com/JerBouma/FinanceDatabase/blob/main/database/indices.csv
03LA.Z,STXZATM PR EUR,,ZRH,Unclassified / multiple providers,Unspecified / mixed,Materials,Consumer Staples,,Equity-linked index (filtered from broader global index universe),JerBouma/FinanceDatabase indices.csv snapshot,https://github.com/JerBouma/FinanceDatabase/blob/main/database/indices.csv
03LB.Z,STXZATM NR EUR,,ZRH,Unclassified / multiple providers,Unspecified / mixed,Materials,Consumer Staples,,Equity-linked index (filtered from broader global index universe),JerBouma/FinanceDatabase indices.csv snapshot,https://github.com/JerBouma/FinanceDatabase/blob/main/database/indices.csv
03LC.Z,STXZATM PR USD,,ZRH,Unclassified / multiple providers,Unspecified / mixed,Materials,Consumer Staples,,Equity-linked index (filtered from broader global index universe),JerBouma/FinanceDatabase indices.csv snapshot,https://github.com/JerBouma/FinanceDatabase/blob/main/database/indices.csv
03LD.Z,STXZATM NR USD,,ZRH,Unclassified / multiple providers,Unspecified / mixed,Materials,Consumer Staples,,Equity-linked index (filtered from broader global index universe),JerBouma/FinanceDatabase indices.csv snapshot,https://github.com/JerBouma/FinanceDatabase/blob/main/database/indices.csv
03LE.Z,STXZATM GR EUR,,ZRH,Unclassified / multiple providers,Unspecified / mixed,Materials,Consumer Staples,,Equity-linked index (filtered from broader global index universe),JerBouma/FinanceDatabase indices.csv snapshot,https://github.com/JerBouma/FinanceDatabase/blob/main/database/indices.csv
03LF.Z,STXZATM GR USD,,ZRH,Unclassified / multiple providers,Unspecified / mixed,Materials,Consumer Staples,,Equity-linked index (filtered from broader global index universe),JerBouma/FinanceDatabase indices.csv snapshot,https://github.com/JerBouma/FinanceDatabase/blob/main/database/indices.csv
03LG.Z,STXIDTM PR EUR,,ZRH,Unclassified / multiple providers,Unspecified / mixed,Industrials,Industrials,,Equity-linked index (filtered from broader global index universe),JerBouma/FinanceDatabase indices.csv snapshot,https://github.com/JerBouma/FinanceDatabase/blob/main/database/indices.csv
03LH.Z,STXIDTM NR EUR,,ZRH,Unclassified / multiple providers,Unspecified / mixed,Industrials,Industrials,,Equity-linked index (filtered from broader global index universe),JerBouma/FinanceDatabase indices.csv snapshot,https://github.com/JerBouma/FinanceDatabase/blob/main/database/indices.csv
03LI.Z,STXIDTM PR USD,,ZRH,Unclassified / multiple providers,Unspecified / mixed,Industrials,Industrials,,Equity-linked index (filtered from broader global index universe),JerBouma/FinanceDatabase indices.csv snapshot,https://github.com/JerBouma/FinanceDatabase/blob/main/database/indices.csv
03LJ.Z,STXIDTM NR USD,,ZRH,Unclassified / multiple providers,Unspecified / mixed,Industrials,Industrials,,Equity-linked index (filtered from broader global index universe),JerBouma/FinanceDatabase indices.csv snapshot,https://github.com/JerBouma/FinanceDatabase/blob/main/database/indices.csv
03LK.Z,STXIDTM GR EUR,,ZRH,Unclassified / multiple providers,Unspecified / mixed,Industrials,Industrials,,Equity-linked index (filtered from broader global index universe),JerBouma/FinanceDatabase indices.csv snapshot,https://github.com/JerBouma/FinanceDatabase/blob/main/database/indices.csv
03LL.Z,STXIDTM GR USD,,ZRH,Unclassified / multiple providers,Emerging Markets,Industrials,Emerging Markets,"STXIDTM GR USD tracks the performance of equity markets in Indonesia, with an emphasis on tradability and investability, and is calculated and maintained by STOXX. It is a gross return index, meaning it includes dividend payments in its calculation.",Equity-linked index (filtered from broader global index universe),JerBouma/FinanceDatabase indices.csv snapshot,https://github.com/JerBouma/FinanceDatabase/blob/main/database/indices.csv
03LM.Z,STXMYTM PR EUR,,ZRH,Unclassified / multiple providers,Emerging Markets,Industrials,Emerging Markets,"STXMYTM PR EUR tracks the performance of equity markets in Malaysia, with an emphasis on tradability and investability, and is calculated and maintained by STOXX. It is a price return index, meaning it does not include dividend payments in its calculation.",Equity-linked index (filtered from broader global index universe),JerBouma/FinanceDatabase indices.csv snapshot,https://github.com/JerBouma/FinanceDatabase/blob/main/database/indices.csv
03LN.Z,STXMYTM NR EUR,,ZRH,Unclassified / multiple providers,Emerging Markets,Industrials,Emerging Markets,"STXMYTM NR EUR tracks the performance of equity markets in Malaysia, with an emphasis on tradability and investability, and is calculated and maintained by STOXX. It is a net return index, meaning it includes dividend payments net of withholding tax in its calculation.",Equity-linked index (filtered from broader global index universe),JerBouma/FinanceDatabase indices.csv snapshot,https://github.com/JerBouma/FinanceDatabase/blob/main/database/indices.csv
03LP.Z,STXMYTM PR USD,,ZRH,Unclassified / multiple providers,Emerging Markets,Industrials,Emerging Markets,"STXMYTM PR USD tracks the performance of equity markets in Malaysia, with an emphasis on tradability and investability, and is calculated and maintained by STOXX. It is a price return index, meaning it does not include dividend payments in its calculation.",Equity-linked index (filtered from broader global index universe),JerBouma/FinanceDatabase indices.csv snapshot,https://github.com/JerBouma/FinanceDatabase/blob/main/database/indices.csv
03LQ.Z,STXMYTM NR USD,,ZRH,Unclassified / multiple providers,Emerging Markets,Industrials,Emerging Markets,"STXMYTM NR USD tracks the performance of equity markets in Malaysia, with an emphasis on tradability and investability, and is calculated and maintained by STOXX. It is a net return index, meaning it includes dividend payments net of withholding tax in its calculation.",Equity-linked index (filtered from broader global index universe),JerBouma/FinanceDatabase indices.csv snapshot,https://github.com/JerBouma/FinanceDatabase/blob/main/database/indices.csv
03LR.Z,STXMYTM GR EUR,,ZRH,Unclassified / multiple providers,Emerging Markets,Industrials,Emerging Markets,"STXMYTM GR EUR tracks the performance of equity markets in Malaysia, with an emphasis on tradability and investability, and is calculated and maintained by STOXX. It is a gross return index, meaning it includes dividend payments in its calculation.",Equity-linked index (filtered from broader global index universe),JerBouma/FinanceDatabase indices.csv snapshot,https://github.com/JerBouma/FinanceDatabase/blob/main/database/indices.csv
03LS.Z,STXMYTM GR USD,,ZRH,Unclassified / multiple providers,Emerging Markets,Industrials,Emerging Markets,"STXMYTM GR USD tracks the performance of equity markets in Malaysia, with an emphasis on tradability and investability, and is calculated and maintained by STOXX. It is a gross return index, meaning it includes dividend payments in its calculation.",Equity-linked index (filtered from broader global index universe),JerBouma/FinanceDatabase indices.csv snapshot,https://github.com/JerBouma/FinanceDatabase/blob/main/database/indices.csv
03LT.Z,STXPHTM PR EUR,,ZRH,Unclassified / multiple providers,Emerging Markets,Industrials,Emerging Markets,"STXPHTM PR EUR tracks the performance of equity markets in the Philippines, with an emphasis on tradability and investability, and is calculated and maintained by STOXX. It is a price return index, meaning it does not include dividend payments in its calculation.",Equity-linked index (filtered from broader global index universe),JerBouma/FinanceDatabase indices.csv snapshot,https://github.com/JerBouma/FinanceDatabase/blob/main/database/indices.csv
03LU.Z,STXPHTM NR EUR,,ZRH,Unclassified / multiple providers,Emerging Markets,Industrials,Emerging Markets,"STXPHTM NR EUR tracks the performance of equity markets in the Philippines, with an emphasis on tradability and investability, and is calculated and maintained by STOXX. It is a net return index, meaning it includes dividend payments net of withholding tax in its calculation.",Equity-linked index (filtered from broader global index universe),JerBouma/FinanceDatabase indices.csv snapshot,https://github.com/JerBouma/FinanceDatabase/blob/main/database/indices.csv
03LV.Z,STXPHTM PR USD,,ZRH,Unclassified / multiple providers,Emerging Markets,Industrials,Emerging Markets,"STXPHTM PR USD tracks the performance of equity markets in the Philippines, with an emphasis on tradability and investability, and is calculated and maintained by STOXX. It is a price return index, meaning it does not include dividend payments in its calculation.",Equity-linked index (filtered from broader global index universe),JerBouma/FinanceDatabase indices.csv snapshot,https://github.com/JerBouma/FinanceDatabase/blob/main/database/indices.csv
03LW.Z,STXPHTM NR USD,,ZRH,Unclassified / multiple providers,Emerging Markets,Equities,Emerging Markets,"STXPHTM NR USD tracks the performance of equity markets in the Philippines, with an emphasis on tradability and investability, and is calculated and maintained by STOXX. It is a net return index, meaning it includes dividend payments net of withholding tax in its calculation.",Equity-linked index (filtered from broader global index universe),JerBouma/FinanceDatabase indices.csv snapshot,https://github.com/JerBouma/FinanceDatabase/blob/main/database/indices.csv
03LX.Z,STXPHTM GR EUR,,ZRH,Unclassified / multiple providers,Emerging Markets,Equities,Emerging Markets,"STXPHTM GR EUR tracks the performance of equity markets in the Philippines, with an emphasis on tradability and investability, and is calculated and maintained by STOXX. It is a gross return index, meaning it includes dividend payments in its calculation.",Equity-linked index (filtered from broader global index universe),JerBouma/FinanceDatabase indices.csv snapshot,https://github.com/JerBouma/FinanceDatabase/blob/main/database/indices.csv
03LY.Z,STXPHTM GR USD,,ZRH,Unclassified / multiple providers,Emerging Markets,Equities,Emerging Markets,"STXPHTM GR USD tracks the performance of equity markets in the Philippines, with an emphasis on tradability and investability, and is calculated and maintained by STOXX. It is a gross return index, meaning it includes dividend payments in its calculation.",Equity-linked index (filtered from broader global index universe),JerBouma/FinanceDatabase indices.csv snapshot,https://github.com/JerBouma/FinanceDatabase/blob/main/database/indices.csv
03LZ.Z,STXTHTM PR EUR,,ZRH,Unclassified / multiple providers,Emerging Markets,Equities,Emerging Markets,"STXTHTM PR EUR tracks the performance of equity markets in Thailand, with an emphasis on tradability and investability, and is calculated and maintained by STOXX. It is a price return index, meaning it does not include dividend payments in its calculation.",Equity-linked index (filtered from broader global index universe),JerBouma/FinanceDatabase indices.csv snapshot,https://github.com/JerBouma/FinanceDatabase/blob/main/database/indices.csv
03T0.Z,STXG18XCA PR EUR,,ZRH,Unclassified / multiple providers,Unspecified / mixed,Equities,Equities,,Equity-linked index (filtered from broader global index universe),JerBouma/FinanceDatabase indices.csv snapshot,https://github.com/JerBouma/FinanceDatabase/blob/main/database/indices.csv
03T1.Z,STXG18XCA NR EUR,,ZRH,Unclassified / multiple providers,Unspecified / mixed,Equities,Equities,,Equity-linked index (filtered from broader global index universe),JerBouma/FinanceDatabase indices.csv snapshot,https://github.com/JerBouma/FinanceDatabase/blob/main/database/indices.csv
03T2.Z,STXG18XCA GR EUR,,ZRH,Unclassified / multiple providers,Unspecified / mixed,Equities,Equities,,Equity-linked index (filtered from broader global index universe),JerBouma/FinanceDatabase indices.csv snapshot,https://github.com/JerBouma/FinanceDatabase/blob/main/database/indices.csv
03T3.Z,STXG18XCA PR USD,,ZRH,Unclassified / multiple providers,Unspecified / mixed,Equities,Equities,,Equity-linked index (filtered from broader global index universe),JerBouma/FinanceDatabase indices.csv snapshot,https://github.com/JerBouma/FinanceDatabase/blob/main/database/indices.csv
03T4.Z,STXG18XCA NR USD,,ZRH,Unclassified / multiple providers,Unspecified / mixed,Equities,Equities,,Equity-linked index (filtered from broader global index universe),JerBouma/FinanceDatabase indices.csv snapshot,https://github.com/JerBouma/FinanceDatabase/blob/main/database/indices.csv
03T5.Z,STXG18XCA GR USD,,ZRH,Unclassified / multiple providers,Unspecified / mixed,Equities,Equities,,Equity-linked index (filtered from broader global index universe),JerBouma/FinanceDatabase indices.csv snapshot,https://github.com/JerBouma/FinanceDatabase/blob/main/database/indices.csv
03T8.Z,ESTXXFR GR USD,,ZRH,Unclassified / multiple providers,Unspecified / mixed,Equities,Equities,,Equity-linked index (filtered from broader global index universe),JerBouma/FinanceDatabase indices.csv snapshot,https://github.com/JerBouma/FinanceDatabase/blob/main/database/indices.csv
03T9.Z,ESTXXDE GR USD,,ZRH,Unclassified / multiple providers,Unspecified / mixed,Equities,Equities,,Equity-linked index (filtered from broader global index universe),JerBouma/FinanceDatabase indices.csv snapshot,https://github.com/JerBouma/FinanceDatabase/blob/main/database/indices.csv
03TA.Z,STXNGTM GR USD,,ZRH,Unclassified / multiple providers,Unspecified / mixed,Equities,Frontier Markets,"STXNGTM GR USD tracks the performance of equity markets in Nigeria, with an emphasis on tradability and investability, and is calculated and maintained by STOXX. It is a gross return index, meaning it includes dividend payments in its calculation.",Equity-linked index (filtered from broader global index universe),JerBouma/FinanceDatabase indices.csv snapshot,https://github.com/JerBouma/FinanceDatabase/blob/main/database/indices.csv
03TB.Z,STXPKTM PR EUR,,ZRH,Unclassified / multiple providers,Emerging Markets,Equities,Emerging Markets,"STXPKTM PR EUR tracks the performance of equity markets in Pakistan, with an emphasis on tradability and investability, and is calculated and maintained by STOXX. It is a price return index, meaning it does not include dividend payments in its calculation.",Equity-linked index (filtered from broader global index universe),JerBouma/FinanceDatabase indices.csv snapshot,https://github.com/JerBouma/FinanceDatabase/blob/main/database/indices.csv
03TC.Z,STXPKTM NR EUR,,ZRH,Unclassified / multiple providers,Emerging Markets,Equities,Emerging Markets,"STXPKTM NR EUR tracks the performance of equity markets in Pakistan, with an emphasis on tradability and investability, and is calculated and maintained by STOXX. It is a net return index, meaning it includes dividend payments net of withholding tax in its calculation.",Equity-linked index (filtered from broader global index universe),JerBouma/FinanceDatabase indices.csv snapshot,https://github.com/JerBouma/FinanceDatabase/blob/main/database/indices.csv
03TD.Z,STXPKTM PR USD,,ZRH,Unclassified / multiple providers,Emerging Markets,Equities,Emerging Markets,"STXPKTM PR USD tracks the performance of equity markets in Pakistan, with an emphasis on tradability and investability, and is calculated and maintained by STOXX. It is a price return index, meaning it does not include dividend payments in its calculation.",Equity-linked index (filtered from broader global index universe),JerBouma/FinanceDatabase indices.csv snapshot,https://github.com/JerBouma/FinanceDatabase/blob/main/database/indices.csv
03TE.Z,STXPKTM NR USD,,ZRH,Unclassified / multiple providers,Emerging Markets,Equities,Emerging Markets,"STXPKTM NR USD tracks the performance of equity markets in Pakistan, with an emphasis on tradability and investability, and is calculated and maintained by STOXX. It is a net return index, meaning it includes dividend payments net of withholding tax in its calculation.",Equity-linked index (filtered from broader global index universe),JerBouma/FinanceDatabase indices.csv snapshot,https://github.com/JerBouma/FinanceDatabase/blob/main/database/indices.csv
03TF.Z,STXPKTM GR EUR,,ZRH,Unclassified / multiple providers,Emerging Markets,Equities,Emerging Markets,"STXPKTM GR EUR tracks the performance of equity markets in Pakistan, with an emphasis on tradability and investability, and is calculated and maintained by STOXX. It is a gross return index, meaning it includes dividend payments in its calculation.",Equity-linked index (filtered from broader global index universe),JerBouma/FinanceDatabase indices.csv snapshot,https://github.com/JerBouma/FinanceDatabase/blob/main/database/indices.csv
03TG.Z,STXPKTM GR USD,,ZRH,Unclassified / multiple providers,Emerging Markets,Equities,Emerging Markets,"STXPKTM GR USD tracks the performance of equity markets in Pakistan, with an emphasis on tradability and investability, and is calculated and maintained by STOXX. It is a gross return index, meaning it includes dividend payments in its calculation.",Equity-linked index (filtered from broader global index universe),JerBouma/FinanceDatabase indices.csv snapshot,https://github.com/JerBouma/FinanceDatabase/blob/main/database/indices.csv
03TH.Z,STXTNTM PR EUR,,ZRH,Unclassified / multiple providers,Unspecified / mixed,Equities,Frontier Markets,"STXTNTM PR EUR tracks the performance of equity markets in Tunisia, with an emphasis on tradability and investability, and is calculated and maintained by STOXX. It is a price return index, meaning it does not include dividend payments in its calculation.",Equity-linked index (filtered from broader global index universe),JerBouma/FinanceDatabase indices.csv snapshot,https://github.com/JerBouma/FinanceDatabase/blob/main/database/indices.csv
03TI.Z,STXTNTM NR EUR,,ZRH,Unclassified / multiple providers,Unspecified / mixed,Equities,Frontier Markets,"STXTNTM NR EUR tracks the performance of equity markets in Tunisia, with an emphasis on tradability and investability, and is calculated and maintained by STOXX. It is a net return index, meaning it includes dividend payments net of withholding tax in its calculation.",Equity-linked index (filtered from broader global index universe),JerBouma/FinanceDatabase indices.csv snapshot,https://github.com/JerBouma/FinanceDatabase/blob/main/database/indices.csv
03TJ.Z,STXTNTM PR USD,,ZRH,Unclassified / multiple providers,Unspecified / mixed,Equities,Frontier Markets,"STXTNTM PR USD tracks the performance of equity markets in Tunisia, with an emphasis on tradability and investability, and is calculated and maintained by STOXX. It is a price return index, meaning it does not include dividend payments in its calculation.",Equity-linked index (filtered from broader global index universe),JerBouma/FinanceDatabase indices.csv snapshot,https://github.com/JerBouma/FinanceDatabase/blob/main/database/indices.csv
03TK.Z,STXTNTM NR USD,,ZRH,Unclassified / multiple providers,Unspecified / mixed,Equities,Frontier Markets,"STXTNTM NR USD tracks the performance of equity markets in Tunisia, with an emphasis on tradability and investability, and is calculated and maintained by STOXX. It is a net return index, meaning it includes dividend payments net of withholding tax in its calculation.",Equity-linked index (filtered from broader global index universe),JerBouma/FinanceDatabase indices.csv snapshot,https://github.com/JerBouma/FinanceDatabase/blob/main/database/indices.csv
03TL.Z,STXTNTM GR EUR,,ZRH,Unclassified / multiple providers,Unspecified / mixed,Equities,Frontier Markets,"STXTNTM GR EUR tracks the performance of equity markets in Tunisia, with an emphasis on tradability and investability, and is calculated and maintained by STOXX. It is a gross return index, meaning it includes dividend payments in its calculation.",Equity-linked index (filtered from broader global index universe),JerBouma/FinanceDatabase indices.csv snapshot,https://github.com/JerBouma/FinanceDatabase/blob/main/database/indices.csv
03TM.Z,STXTNTM GR USD,,ZRH,Unclassified / multiple providers,Unspecified / mixed,Equities,Frontier Markets,"STXTNTM GR USD tracks the performance of equity markets in Tunisia, with an emphasis on tradability and investability, and is calculated and maintained by STOXX. It is a gross return index, meaning it includes dividend payments in its calculation.",Equity-linked index (filtered from broader global index universe),JerBouma/FinanceDatabase indices.csv snapshot,https://github.com/JerBouma/FinanceDatabase/blob/main/database/indices.csv
03TN.Z,STXVNTM PR EUR,,ZRH,Unclassified / multiple providers,Emerging Markets,Equities,Emerging Markets,"STXVNTM PR EUR tracks the performance of equity markets in Vietnam, with an emphasis on tradability and investability, and is calculated and maintained by STOXX. It is a price return index, meaning it does not include dividend payments in its calculation.",Equity-linked index (filtered from broader global index universe),JerBouma/FinanceDatabase indices.csv snapshot,https://github.com/JerBouma/FinanceDatabase/blob/main/database/indices.csv
03TP.Z,STXVNTM NR EUR,,ZRH,Unclassified / multiple providers,Emerging Markets,Equities,Emerging Markets,"STXVNTM NR EUR tracks the performance of equity markets in Vietnam, with an emphasis on tradability and investability, and is calculated and maintained by STOXX. It is a net return index, meaning it includes dividend payments net of withholding tax in its calculation.",Equity-linked index (filtered from broader global index universe),JerBouma/FinanceDatabase indices.csv snapshot,https://github.com/JerBouma/FinanceDatabase/blob/main/database/indices.csv
03TQ.Z,STXVNTM PR USD,,ZRH,Unclassified / multiple providers,Emerging Markets,Equities,Emerging Markets,"STXVNTM PR USD tracks the performance of equity markets in Vietnam, with an emphasis on tradability and investability, and is calculated and maintained by STOXX. It is a price return index, meaning it does not include dividend payments in its calculation.",Equity-linked index (filtered from broader global index universe),JerBouma/FinanceDatabase indices.csv snapshot,https://github.com/JerBouma/FinanceDatabase/blob/main/database/indices.csv
03TR.Z,STXVNTM NR USD,,ZRH,Unclassified / multiple providers,Emerging Markets,Equities,Emerging Markets,"STXVNTM NR USD tracks the performance of equity markets in Vietnam, with an emphasis on tradability and investability, and is calculated and maintained by STOXX. It is a net return index, meaning it includes dividend payments net of withholding tax in its calculation.",Equity-linked index (filtered from broader global index universe),JerBouma/FinanceDatabase indices.csv snapshot,https://github.com/JerBouma/FinanceDatabase/blob/main/database/indices.csv
03TS.Z,STXVNTM GR EUR,,ZRH,Unclassified / multiple providers,Emerging Markets,Equities,Emerging Markets,"STXVNTM GR EUR tracks the performance of equity markets in Vietnam, with an emphasis on tradability and investability, and is calculated and maintained by STOXX. It is a gross return index, meaning it includes dividend payments in its calculation.",Equity-linked index (filtered from broader global index universe),JerBouma/FinanceDatabase indices.csv snapshot,https://github.com/JerBouma/FinanceDatabase/blob/main/database/indices.csv
03TT.Z,STXVNTM GR USD,,ZRH,Unclassified / multiple providers,Emerging Markets,Equities,Emerging Markets,"STXVNTM GR USD tracks the performance of equity markets in Vietnam, with an emphasis on tradability and investability, and is calculated and maintained by STOXX. It is a gross return index, meaning it includes dividend payments in its calculation.",Equity-linked index (filtered from broader global index universe),JerBouma/FinanceDatabase indices.csv snapshot,https://github.com/JerBouma/FinanceDatabase/blob/main/database/indices.csv
03TU.Z,STXG18XUS GR USD,,ZRH,Unclassified / multiple providers,Unspecified / mixed,Equities,Equities,,Equity-linked index (filtered from broader global index universe),JerBouma/FinanceDatabase indices.csv snapshot,https://github.com/JerBouma/FinanceDatabase/blob/main/database/indices.csv
03TV.Z,STXG18XUS PR EUR,,ZRH,Unclassified / multiple providers,Unspecified / mixed,Equities,Equities,,Equity-linked index (filtered from broader global index universe),JerBouma/FinanceDatabase indices.csv snapshot,https://github.com/JerBouma/FinanceDatabase/blob/main/database/indices.csv
03TW.Z,STXG18XUS NR EUR,,ZRH,Unclassified / multiple providers,Unspecified / mixed,Equities,Equities,,Equity-linked index (filtered from broader global index universe),JerBouma/FinanceDatabase indices.csv snapshot,https://github.com/JerBouma/FinanceDatabase/blob/main/database/indices.csv
03TX.Z,STXG18XUS GR EUR,,ZRH,Unclassified / multiple providers,Unspecified / mixed,Equities,Equities,,Equity-linked index (filtered from broader global index universe),JerBouma/FinanceDatabase indices.csv snapshot,https://github.com/JerBouma/FinanceDatabase/blob/main/database/indices.csv
03TY.Z,STXG18XUS PR USD,,ZRH,Unclassified / multiple providers,Unspecified / mixed,Equities,Equities,,Equity-linked index (filtered from broader global index universe),JerBouma/FinanceDatabase indices.csv snapshot,https://github.com/JerBouma/FinanceDatabase/blob/main/database/indices.csv
03TZ.Z,STXG18XUS NR USD,,ZRH,Unclassified / multiple providers,Unspecified / mixed,Equities,Equities,,Equity-linked index (filtered from broader global index universe),JerBouma/FinanceDatabase indices.csv snapshot,https://github.com/JerBouma/FinanceDatabase/blob/main/database/indices.csv
03U0.Z,ESTXXFR GR EUR,,ZRH,Unclassified / multiple providers,Unspecified / mixed,Equities,Equities,,Equity-linked index (filtered from broader global index universe),JerBouma/FinanceDatabase indices.csv snapshot,https://github.com/JerBouma/FinanceDatabase/blob/main/database/indices.csv
03U1.Z,ESTXXDE GR EUR,,ZRH,Unclassified / multiple providers,Unspecified / mixed,Equities,Equities,,Equity-linked index (filtered from broader global index universe),JerBouma/FinanceDatabase indices.csv snapshot,https://github.com/JerBouma/FinanceDatabase/blob/main/database/indices.csv
03U2.Z,STXEUA8XFR GR EUR,,ZRH,Unclassified / multiple providers,Unspecified / mixed,Equities,Equities,,Equity-linked index (filtered from broader global index universe),JerBouma/FinanceDatabase indices.csv snapshot,https://github.com/JerBouma/FinanceDatabase/blob/main/database/indices.csv
03U3.Z,STXEUA8XDE GR EUR,,ZRH,Unclassified / multiple providers,Unspecified / mixed,Equities,Equities,,Equity-linked index (filtered from broader global index universe),JerBouma/FinanceDatabase indices.csv snapshot,https://github.com/JerBouma/FinanceDatabase/blob/main/database/indices.csv
03U4.Z,STXEUA8XGB GR EUR,,ZRH,Unclassified / multiple providers,Unspecified / mixed,Equities,Equities,,Equity-linked index (filtered from broader global index universe),JerBouma/FinanceDatabase indices.csv snapshot,https://github.com/JerBouma/FinanceDatabase/blob/main/database/indices.csv
03U5.Z,STXAM12XCA GR EUR,,ZRH,Unclassified / multiple providers,Unspecified / mixed,Equities,Equities,,Equity-linked index (filtered from broader global index universe),JerBouma/FinanceDatabase indices.csv snapshot,https://github.com/JerBouma/FinanceDatabase/blob/main/database/indices.csv
03U6.Z,STXAM12XUS GR EUR,,ZRH,Unclassified / multiple providers,Unspecified / mixed,Equities,Equities,,Equity-linked index (filtered from broader global index universe),JerBouma/FinanceDatabase indices.csv snapshot,https://github.com/JerBouma/FinanceDatabase/blob/main/database/indices.csv
03U7.Z,STXAM6XCA GR EUR,,ZRH,Unclassified / multiple providers,Unspecified / mixed,Equities,Equities,,Equity-linked index (filtered from broader global index universe),JerBouma/FinanceDatabase indices.csv snapshot,https://github.com/JerBouma/FinanceDatabase/blob/main/database/indices.csv
03U9.Z,STXAS1200XCN GR EUR,,ZRH,Unclassified / multiple providers,Unspecified / mixed,Equities,Equities,,Equity-linked index (filtered from broader global index universe),JerBouma/FinanceDatabase indices.csv snapshot,https://github.com/JerBouma/FinanceDatabase/blob/main/database/indices.csv
03UA.Z,STXEUA8XFR GR USD,,ZRH,Unclassified / multiple providers,Unspecified / mixed,Equities,Equities,,Equity-linked index (filtered from broader global index universe),JerBouma/FinanceDatabase indices.csv snapshot,https://github.com/JerBouma/FinanceDatabase/blob/main/database/indices.csv
03UB.Z,STXEUA8XDE GR USD,,ZRH,Unclassified / multiple providers,Unspecified / mixed,Equities,Equities,,Equity-linked index (filtered from broader global index universe),JerBouma/FinanceDatabase indices.csv snapshot,https://github.com/JerBouma/FinanceDatabase/blob/main/database/indices.csv
03UC.Z,STXEUA8XGB GR USD,,ZRH,Unclassified / multiple providers,Unspecified / mixed,Equities,Equities,,Equity-linked index (filtered from broader global index universe),JerBouma/FinanceDatabase indices.csv snapshot,https://github.com/JerBouma/FinanceDatabase/blob/main/database/indices.csv
03UD.Z,STXAM12XCA GR USD,,ZRH,Unclassified / multiple providers,Unspecified / mixed,Equities,Equities,,Equity-linked index (filtered from broader global index universe),JerBouma/FinanceDatabase indices.csv snapshot,https://github.com/JerBouma/FinanceDatabase/blob/main/database/indices.csv
03UE.Z,STXAM12XUS GR USD,,ZRH,Unclassified / multiple providers,Unspecified / mixed,Equities,Equities,,Equity-linked index (filtered from broader global index universe),JerBouma/FinanceDatabase indices.csv snapshot,https://github.com/JerBouma/FinanceDatabase/blob/main/database/indices.csv
03UF.Z,STXAM6XCA GR USD,,ZRH,Unclassified / multiple providers,Unspecified / mixed,Equities,Equities,,Equity-linked index (filtered from broader global index universe),JerBouma/FinanceDatabase indices.csv snapshot,https://github.com/JerBouma/FinanceDatabase/blob/main/database/indices.csv
03UH.Z,STXAS1200XCN GR USD,,ZRH,Unclassified / multiple providers,Unspecified / mixed,Equities,Equities,,Equity-linked index (filtered from broader global index universe),JerBouma/FinanceDatabase indices.csv snapshot,https://github.com/JerBouma/FinanceDatabase/blob/main/database/indices.csv
03UI.Z,STXAS1200XJP GR USD,,ZRH,Unclassified / multiple providers,Unspecified / mixed,Equities,Equities,,Equity-linked index (filtered from broader global index universe),JerBouma/FinanceDatabase indices.csv snapshot,https://github.com/JerBouma/FinanceDatabase/blob/main/database/indices.csv
03UJ.Z,STXAP6XAU GR USD,,ZRH,Unclassified / multiple providers,Unspecified / mixed,Equities,Equities,,Equity-linked index (filtered from broader global index universe),JerBouma/FinanceDatabase indices.csv snapshot,https://github.com/JerBouma/FinanceDatabase/blob/main/database/indices.csv
03UK.Z,STXEXFR GR USD,,ZRH,Unclassified / multiple providers,Unspecified / mixed,Equities,Developed Markets,"STXEXFR GR USD tracks the performance of equity markets in France, with an emphasis on tradability and investability, and is calculated and maintained by STOXX. It is a gross return index, meaning it includes dividend payments in its calculation.",Equity-linked index (filtered from broader global index universe),JerBouma/FinanceDatabase indices.csv snapshot,https://github.com/JerBouma/FinanceDatabase/blob/main/database/indices.csv
03UL.Z,STXEXDE GR USD,,ZRH,Unclassified / multiple providers,Unspecified / mixed,Equities,Equities,,Equity-linked index (filtered from broader global index universe),JerBouma/FinanceDatabase indices.csv snapshot,https://github.com/JerBouma/FinanceDatabase/blob/main/database/indices.csv
03UM.Z,STXG18XAU GR USD,,ZRH,Unclassified / multiple providers,Unspecified / mixed,Equities,Equities,,Equity-linked index (filtered from broader global index universe),JerBouma/FinanceDatabase indices.csv snapshot,https://github.com/JerBouma/FinanceDatabase/blob/main/database/indices.csv
03UN.Z,STXG18XFR GR USD,,ZRH,Unclassified / multiple providers,Unspecified / mixed,Equities,Equities,,Equity-linked index (filtered from broader global index universe),JerBouma/FinanceDatabase indices.csv snapshot,https://github.com/JerBouma/FinanceDatabase/blob/main/database/indices.csv
03UP.Z,STXG18XDE GR USD,,ZRH,Unclassified / multiple providers,Unspecified / mixed,Equities,Equities,,Equity-linked index (filtered from broader global index universe),JerBouma/FinanceDatabase indices.csv snapshot,https://github.com/JerBouma/FinanceDatabase/blob/main/database/indices.csv
03UQ.Z,STXG18XJP GR USD,,ZRH,Unclassified / multiple providers,Unspecified / mixed,Equities,Equities,,Equity-linked index (filtered from broader global index universe),JerBouma/FinanceDatabase indices.csv snapshot,https://github.com/JerBouma/FinanceDatabase/blob/main/database/indices.csv
03UR.Z,STXG18XGB GR USD,,ZRH,Unclassified / multiple providers,Unspecified / mixed,Equities,Equities,,Equity-linked index (filtered from broader global index universe),JerBouma/FinanceDatabase indices.csv snapshot,https://github.com/JerBouma/FinanceDatabase/blob/main/database/indices.csv
03US.Z,STXG30XAU GR USD,,ZRH,Unclassified / multiple providers,Unspecified / mixed,Equities,Equities,,Equity-linked index (filtered from broader global index universe),JerBouma/FinanceDatabase indices.csv snapshot,https://github.com/JerBouma/FinanceDatabase/blob/main/database/indices.csv
03UT.Z,STXG30XCA GR USD,,ZRH,Unclassified / multiple providers,Unspecified / mixed,Equities,Equities,,Equity-linked index (filtered from broader global index universe),JerBouma/FinanceDatabase indices.csv snapshot,https://github.com/JerBouma/FinanceDatabase/blob/main/database/indices.csv
03UU.Z,STXG30XCN GR USD,,ZRH,Unclassified / multiple providers,Unspecified / mixed,Equities,Equities,,Equity-linked index (filtered from broader global index universe),JerBouma/FinanceDatabase indices.csv snapshot,https://github.com/JerBouma/FinanceDatabase/blob/main/database/indices.csv
03UV.Z,STXG30XFR GR USD,,ZRH,Unclassified / multiple providers,Unspecified / mixed,Equities,Equities,,Equity-linked index (filtered from broader global index universe),JerBouma/FinanceDatabase indices.csv snapshot,https://github.com/JerBouma/FinanceDatabase/blob/main/database/indices.csv
03UW.Z,STXG30XDE GR USD,,ZRH,Unclassified / multiple providers,Unspecified / mixed,Equities,Equities,,Equity-linked index (filtered from broader global index universe),JerBouma/FinanceDatabase indices.csv snapshot,https://github.com/JerBouma/FinanceDatabase/blob/main/database/indices.csv
03UY.Z,STXG30XGB GR USD,,ZRH,Unclassified / multiple providers,Unspecified / mixed,Equities,Equities,,Equity-linked index (filtered from broader global index universe),JerBouma/FinanceDatabase indices.csv snapshot,https://github.com/JerBouma/FinanceDatabase/blob/main/database/indices.csv
03UZ.Z,STXG30XUS GR USD,,ZRH,Unclassified / multiple providers,Unspecified / mixed,Equities,Equities,,Equity-linked index (filtered from broader global index universe),JerBouma/FinanceDatabase indices.csv snapshot,https://github.com/JerBouma/FinanceDatabase/blob/main/database/indices.csv
03V0.Z,STXE 600 EM EXPOS.PR USD,,ZRH,Unclassified / multiple providers,Emerging Markets,Equities,Emerging Markets,,Equity-linked index (filtered from broader global index universe),JerBouma/FinanceDatabase indices.csv snapshot,https://github.com/JerBouma/FinanceDatabase/blob/main/database/indices.csv
03V1.Z,STXE 600 EM EXPOS.PR USD,,ZRH,Unclassified / multiple providers,Emerging Markets,Equities,Emerging Markets,,Equity-linked index (filtered from broader global index universe),JerBouma/FinanceDatabase indices.csv snapshot,https://github.com/JerBouma/FinanceDatabase/blob/main/database/indices.csv
03V5.Z,STXE 600 EM EXPOS.PR EUR,,ZRH,Unclassified / multiple providers,Emerging Markets,Equities,Emerging Markets,,Equity-linked index (filtered from broader global index universe),JerBouma/FinanceDatabase indices.csv snapshot,https://github.com/JerBouma/FinanceDatabase/blob/main/database/indices.csv
03VA.Z,STX GL.1800 E.A.MVU PR AD,,ZRH,Unclassified / multiple providers,Unspecified / mixed,Equities,Equities,,Equity-linked index (filtered from broader global index universe),JerBouma/FinanceDatabase indices.csv snapshot,https://github.com/JerBouma/FinanceDatabase/blob/main/database/indices.csv
03VC.Z,STX G.1800 E.A.MVU NR EUR,,ZRH,Unclassified / multiple providers,Unspecified / mixed,Equities,Equities,,Equity-linked index (filtered from broader global index universe),JerBouma/FinanceDatabase indices.csv snapshot,https://github.com/JerBouma/FinanceDatabase/blob/main/database/indices.csv
03VD.Z,STX G.1800 E.A.MVU PR EUR,,ZRH,Unclassified / multiple providers,Unspecified / mixed,Equities,Equities,,Equity-linked index (filtered from broader global index universe),JerBouma/FinanceDatabase indices.csv snapshot,https://github.com/JerBouma/FinanceDatabase/blob/main/database/indices.csv
03VF.Z,STX G.1800 E.A.MVU NR USD,,ZRH,Unclassified / multiple providers,Unspecified / mixed,Equities,Equities,,Equity-linked index (filtered from broader global index universe),JerBouma/FinanceDatabase indices.csv snapshot,https://github.com/JerBouma/FinanceDatabase/blob/main/database/indices.csv
03VG.Z,STX G.1800 E.A.MVU PR USD,,ZRH,Unclassified / multiple providers,Unspecified / mixed,Equities,Equities,,Equity-linked index (filtered from broader global index universe),JerBouma/FinanceDatabase indices.csv snapshot,https://github.com/JerBouma/FinanceDatabase/blob/main/database/indices.csv
03VK.Z,STX G.1800 E.A.MVU PR AUD,,ZRH,Unclassified / multiple providers,Unspecified / mixed,Equities,Equities,,Equity-linked index (filtered from broader global index universe),JerBouma/FinanceDatabase indices.csv snapshot,https://github.com/JerBouma/FinanceDatabase/blob/main/database/indices.csv
03VX.Z,STXE 600 EM EXPOS.NR EUR,,ZRH,Unclassified / multiple providers,Emerging Markets,Equities,Emerging Markets,,Equity-linked index (filtered from broader global index universe),JerBouma/FinanceDatabase indices.csv snapshot,https://github.com/JerBouma/FinanceDatabase/blob/main/database/indices.csv
03VY.Z,STXE 600 EM EXPOS.GR EUR,,ZRH,Unclassified / multiple providers,Emerging Markets,Equities,Emerging Markets,,Equity-linked index (filtered from broader global index universe),JerBouma/FinanceDatabase indices.csv snapshot,https://github.com/JerBouma/FinanceDatabase/blob/main/database/indices.csv
03VZ.Z,STXE 600 EM EXPOS.PR USD,,ZRH,Unclassified / multiple providers,Emerging Markets,Equities,Emerging Markets,,Equity-linked index (filtered from broader global index universe),JerBouma/FinanceDatabase indices.csv snapshot,https://github.com/JerBouma/FinanceDatabase/blob/main/database/indices.csv
0400.Z,STXAM6XUS NR USD,,ZRH,Unclassified / multiple providers,Unspecified / mixed,Equities,Equities,,Equity-linked index (filtered from broader global index universe),JerBouma/FinanceDatabase indices.csv snapshot,https://github.com/JerBouma/FinanceDatabase/blob/main/database/indices.csv
0401.Z,STXAS1200XCN NR USD,,ZRH,Unclassified / multiple providers,Unspecified / mixed,Equities,Equities,,Equity-linked index (filtered from broader global index universe),JerBouma/FinanceDatabase indices.csv snapshot,https://github.com/JerBouma/FinanceDatabase/blob/main/database/indices.csv
0402.Z,STXAS1200XJP NR USD,,ZRH,Unclassified / multiple providers,Unspecified / mixed,Equities,,,Equity-linked index (filtered from broader global index universe),JerBouma/FinanceDatabase indices.csv snapshot,https://github.com/JerBouma/FinanceDatabase/blob/main/database/indices.csv
0403.Z,STXAP6XAU NR USD,,ZRH,Unclassified / multiple providers,Unspecified / mixed,Equities,,,Equity-linked index (filtered from broader global index universe),JerBouma/FinanceDatabase indices.csv snapshot,https://github.com/JerBouma/FinanceDatabase/blob/main/database/indices.csv
0404.Z,STXEXFR NR USD,,ZRH,Unclassified / multiple providers,Unspecified / mixed,Equities,,,Equity-linked index (filtered from broader global index universe),JerBouma/FinanceDatabase indices.csv snapshot,https://github.com/JerBouma/FinanceDatabase/blob/main/database/indices.csv
0405.Z,STXEXDE NR USD,,ZRH,Unclassified / multiple providers,Unspecified / mixed,Equities,,,Equity-linked index (filtered from broader global index universe),JerBouma/FinanceDatabase indices.csv snapshot,https://github.com/JerBouma/FinanceDatabase/blob/main/database/indices.csv
0406.Z,STXG18XAU NR USD,,ZRH,Unclassified / multiple providers,Unspecified / mixed,Equities,,,Equity-linked index (filtered from broader global index universe),JerBouma/FinanceDatabase indices.csv snapshot,https://github.com/JerBouma/FinanceDatabase/blob/main/database/indices.csv
0407.Z,STXG18XFR NR USD,,ZRH,Unclassified / multiple providers,Unspecified / mixed,Equities,,,Equity-linked index (filtered from broader global index universe),JerBouma/FinanceDatabase indices.csv snapshot,https://github.com/JerBouma/FinanceDatabase/blob/main/database/indices.csv
0408.Z,STXG18XDE NR USD,,ZRH,Unclassified / multiple providers,Unspecified / mixed,Equities,,,Equity-linked index (filtered from broader global index universe),JerBouma/FinanceDatabase indices.csv snapshot,https://github.com/JerBouma/FinanceDatabase/blob/main/database/indices.csv
0409.Z,STXG18XJP NR USD,,ZRH,Unclassified / multiple providers,Unspecified / mixed,Equities,,,Equity-linked index (filtered from broader global index universe),JerBouma/FinanceDatabase indices.csv snapshot,https://github.com/JerBouma/FinanceDatabase/blob/main/database/indices.csv
040A.Z,STXAS1200XJP GR EUR,,ZRH,Unclassified / multiple providers,Unspecified / mixed,Equities,,,Equity-linked index (filtered from broader global index universe),JerBouma/FinanceDatabase indices.csv snapshot,https://github.com/JerBouma/FinanceDatabase/blob/main/database/indices.csv
040B.Z,STXAP6XAU GR EUR,,ZRH,Unclassified / multiple providers,Unspecified / mixed,Equities,,,Equity-linked index (filtered from broader global index universe),JerBouma/FinanceDatabase indices.csv snapshot,https://github.com/JerBouma/FinanceDatabase/blob/main/database/indices.csv
040C.Z,STXEXFR GR EUR,,ZRH,Unclassified / multiple providers,Unspecified / mixed,Equities,,,Equity-linked index (filtered from broader global index universe),JerBouma/FinanceDatabase indices.csv snapshot,https://github.com/JerBouma/FinanceDatabase/blob/main/database/indices.csv
040D.Z,STXEXDE GR EUR,,ZRH,Unclassified / multiple providers,Unspecified / mixed,Equities,,,Equity-linked index (filtered from broader global index universe),JerBouma/FinanceDatabase indices.csv snapshot,https://github.com/JerBouma/FinanceDatabase/blob/main/database/indices.csv
040E.Z,STXG18XAU GR EUR,,ZRH,Unclassified / multiple providers,Unspecified / mixed,Equities,,,Equity-linked index (filtered from broader global index universe),JerBouma/FinanceDatabase indices.csv snapshot,https://github.com/JerBouma/FinanceDatabase/blob/main/database/indices.csv
040F.Z,STXG18XFR GR EUR,,ZRH,Unclassified / multiple providers,Unspecified / mixed,Equities,,,Equity-linked index (filtered from broader global index universe),JerBouma/FinanceDatabase indices.csv snapshot,https://github.com/JerBouma/FinanceDatabase/blob/main/database/indices.csv
040G.Z,STXG18XDE GR EUR,,ZRH,Unclassified / multiple providers,Unspecified / mixed,Equities,,,Equity-linked index (filtered from broader global index universe),JerBouma/FinanceDatabase indices.csv snapshot,https://github.com/JerBouma/FinanceDatabase/blob/main/database/indices.csv
040H.Z,STXG18XJP GR EUR,,ZRH,Unclassified / multiple providers,Unspecified / mixed,Equities,Equities,,Equity-linked index (filtered from broader global index universe),JerBouma/FinanceDatabase indices.csv snapshot,https://github.com/JerBouma/FinanceDatabase/blob/main/database/indices.csv
040I.Z,STXG18XGB GR EUR,,ZRH,Unclassified / multiple providers,Unspecified / mixed,Equities,Equities,,Equity-linked index (filtered from broader global index universe),JerBouma/FinanceDatabase indices.csv snapshot,https://github.com/JerBouma/FinanceDatabase/blob/main/database/indices.csv
040J.Z,STXG30XAU GR EUR,,ZRH,Unclassified / multiple providers,Unspecified / mixed,Equities,Equities,,Equity-linked index (filtered from broader global index universe),JerBouma/FinanceDatabase indices.csv snapshot,https://github.com/JerBouma/FinanceDatabase/blob/main/database/indices.csv
040K.Z,STXG30XCA GR EUR,,ZRH,Unclassified / multiple providers,Unspecified / mixed,Equities,Equities,,Equity-linked index (filtered from broader global index universe),JerBouma/FinanceDatabase indices.csv snapshot,https://github.com/JerBouma/FinanceDatabase/blob/main/database/indices.csv
040L.Z,STXG30XCN GR EUR,,ZRH,Unclassified / multiple providers,Unspecified / mixed,Equities,Equities,,Equity-linked index (filtered from broader global index universe),JerBouma/FinanceDatabase indices.csv snapshot,https://github.com/JerBouma/FinanceDatabase/blob/main/database/indices.csv
040M.Z,STXG30XFR GR EUR,,ZRH,Unclassified / multiple providers,Unspecified / mixed,Equities,Equities,,Equity-linked index (filtered from broader global index universe),JerBouma/FinanceDatabase indices.csv snapshot,https://github.com/JerBouma/FinanceDatabase/blob/main/database/indices.csv
040N.Z,STXG30XDE GR EUR,,ZRH,Unclassified / multiple providers,Unspecified / mixed,Equities,Equities,,Equity-linked index (filtered from broader global index universe),JerBouma/FinanceDatabase indices.csv snapshot,https://github.com/JerBouma/FinanceDatabase/blob/main/database/indices.csv
040Q.Z,STXG30XGB GR EUR,,ZRH,Unclassified / multiple providers,Unspecified / mixed,Equities,Equities,,Equity-linked index (filtered from broader global index universe),JerBouma/FinanceDatabase indices.csv snapshot,https://github.com/JerBouma/FinanceDatabase/blob/main/database/indices.csv
040R.Z,STXG30XUS GR EUR,,ZRH,Unclassified / multiple providers,Unspecified / mixed,Equities,Equities,,Equity-linked index (filtered from broader global index universe),JerBouma/FinanceDatabase indices.csv snapshot,https://github.com/JerBouma/FinanceDatabase/blob/main/database/indices.csv
